Time,Tran1,Tran2,Tran3,Tran4,Tran5,Tran6,Tran7,Tran8,Tran9,Tran10,Tran11,Tran12,Tran13,Tran14,Tran15,Tran16,Tran17,Tran18,Tran19,Tran20,Tran21,Tran22,Tran23,Tran24,Tran25,Tran26,Tran27,Tran28,Tran29,Tran30,Tran31,Tran32,Tran33,Tran34,Tran35,Tran36,Tran37,Tran38,Tran39,Tran40,Tran41,Tran42,Tran43,Tran44,Tran45,Tran46,Tran47,Tran48,Tran49,Tran50,Tran51
2017-01-05 18:46:16.639,191.9048485226921,191.06745988351264,,,,,,,,,,227.78755842242177,226.1659683675153,221.48291081421524,219.3597554988229,211.90905307055837,217.71679043193603,207.61747069474728,197.96495863048636,,,,,,,,,,,165.5768128253674,158.70950828477345,,,,,174.06876243965033,172.8465673921383,176.74971199997637,184.4119702379165,185.75561081642485,189.87301112405336,185.6131721451069,185.0474216174312,,,,,185.87792267547917,185.01231291583824,190.46396847124427,201.5595793547921
2017-01-21 18:46:12.014,,,,,,,,,,,,,,,,,,,,,,,,,,,,,,,,,,,,,,,,,,,,,,,,,,,
2017-01-28 18:52:19.822,167.28144187243427,169.80755449744987,,,,,,,,,,,,,,,,,,147.33118666670785,143.2041291191697,137.515523997318,141.96629225000967,150.184223875857,160.7257984590458,164.10801772359957,169.66853271258253,162.045416135397,153.90448587501143,147.13060493224458,137.7184073710062,131.16759253721943,134.2437140230464,144.23525776381464,,,,,,,,,,,,,,,,,
2017-02-06 18:46:04.107,,,,,,,,,,,,,,,,,,,,,,,,,,,,,,,,,,,,,,,,,,,,,,,,,,,
2017-02-13 18:52:12.246,,,,,,,,,,,,,,,,,,,,,,,,,,,,,,,,,,,,,,,,,,,,,,,,,,,
2017-02-22 18:45:58.693,,,,,,,,,,,,,,,,,,,,,,,,,,,,,,,,,,,,,,,,,,,,,,,,,,,
2017-03-01 18:52:06.621,209.2817746132283,199.26078303716545,198.11283492516029,197.66574043946449,199.35740593081076,198.205548469917,,,,,,,,,,,,,,,,,,,,,,168.3159866109255,162.3691510376464,162.21131988291694,160.6156292237267,155.8466081494893,159.57612671341107,164.1122179208256,176.62507131045516,186.3277731743684,191.96841272567536,,,,,,,,,,,,197.16811222888788,201.19113768854413,209.12526815807132
2017-03-10 18:45:50.951,,,,,,,,,,,,,,,,,,,,,,,,,,,,,,,,,,,,,,,,,,,,,,,,,,,
2017-03-17 18:51:57.278,225.1862219336302,219.5127042010505,221.75717099803776,223.42516148406196,224.7675993722312,,,,,,,208.5621054655153,209.05087464702683,204.35991151366213,194.3263702828367,191.864451889275,200.50587923739036,,,,,204.4625731251265,211.19850381184904,218.8335631319288,216.6895766145168,215.8444430353019,211.55268467121263,208.9433105466676,193.38838180157217,183.3702887560359,174.2150998487417,170.75974546177005,177.27874880231874,181.4214750290836,,,,,,,,,,,,,,,,,
2017-03-26 18:45:41.320,,,,,,,,,,,,,,,,,,,,,,,,,,,,,,,,,,,,211.24485313188703,202.47507621131763,201.61446798288483,212.04087008188384,,,,,,,,,,,,
2017-04-02 18:51:49.440,,,,,,,,,,,,,,,,,,189.05577335395571,,,,168.22627789661243,183.47163052857115,197.96612464712848,213.8283206777581,214.081274191148,209.347021141597,217.06748915666967,211.2176932479832,180.60891570883305,166.920703930924,,,186.9977043364819,,,205.22602917628103,215.97789629912072,217.4008669027018,197.7157292936639,191.4896533308657,199.56504420802983,199.97246836994984,193.7524045000332,189.84931755252543,194.5648175926972,195.03656612130376,202.51229543101095,208.2084196537879,210.3650140886602,218.985330328644
2017-04-18 18:51:40.726,,,,,,,,,,,,,,,,,,,,171.9287927426721,178.66734828144115,187.7642479114376,207.25217854575908,194.68193214230675,217.9259551642049,211.29896931838903,211.44075652411624,238.55323016611877,225.36483658764809,,120.31112232338562,118.32571740785778,148.4096506118353,171.78882940558697,220.97131301213463,,209.8756030102999,217.39342966657173,218.7671850110354,,203.436762759036,,235.43254668796095,,,241.82710921788373,,,,,
2017-04-27 18:45:23.348,227.2597639860961,220.8081459925748,219.37271502263133,221.6578135115713,206.7173946369724,204.29048083057452,201.64841468808228,200.3150105417033,,,,192.7113482177608,188.43658903462585,183.46976596786976,,178.11560830858917,175.20136793522732,177.53026212196656,169.23582390580825,159.072883981872,150.52177916970786,148.39537109359637,170.0819778319988,189.320223447217,199.565764917202,202.26994265912555,195.7483617422652,198.4552017856836,186.9910014777218,153.73727419007008,136.39811419492088,,,169.62584684830378,,,,202.26380788102077,199.09884575340527,165.22359258499165,,,174.3192505675738,172.36463081320622,168.5098805051948,168.08889930857382,179.21113372674785,191.97358977746035,194.1376231214165,,
2017-05-04 18:51:33.321,,,,,,,,,,,,,,,,,,,,,,,,,,,,,,,,,,,,,,,,,,,,,,,,,,,
2017-05-13 18:45:29.533,224.49280263354703,,,,218.7688215433443,217.3304087092018,,,,,,205.70225788962696,205.50147338582315,201.48598210530483,192.68763519580995,184.43644867591476,176.66426173864758,173.57818617534255,,,,,,,,,,,213.48454610455912,188.0866530026925,170.49124468381171,174.07148353410236,189.9134957175741,204.26547979762915,210.7307829869308,208.5570508719482,212.54658362346996,213.5647215026354,211.52767634234252,206.10471490779705,193.6801863317738,187.8082728145849,186.1691190608757,,,,,,,,
2017-05-20 18:51:45.202,,,,,,,,,,,,,,,,,,,,,,,,,,,,,,,,,,,,,,,,,,,,,,,,,,,
2017-05-29 18:45:39.760,,,,,,,,,,,,,,,,,,,,,,,,,,,,,,,,,,,,,,,,,,,,,,,,,,,
2017-06-05 18:51:54.000,,,,,,,,,,,,,,,,,,,,,,,,,,,,,,,,,,,,,,,,,,,,,,,,,,,
2017-06-14 18:45:46.873,,,,,,,,,,,,242.67910739166888,238.3827468465936,234.5974935371032,223.8946468249145,206.92807812925392,198.61776171386143,190.77959591244988,185.305066632995,184.43467674989768,182.23844082929148,184.09705053120385,203.44982854161844,222.18578977028616,229.93977815594903,231.72604522261068,228.62422288650924,224.5382379837833,222.93544686641576,216.98357206566664,197.40440709019447,,,,,,,,,,,,,202.18480579337373,192.7520886246488,188.7182416240902,193.76751036698872,,,,
2017-06-21 18:51:59.965,,,,,,,,,,,,,,,,,,,,,,,,,,,,,,,,,,,,,,,,,,,,,,,,,,,
2017-06-30 18:45:51.335,,,,,,,,,,,,,,,,,,,,,,,,,,,,,,,,,,,,,,,,,,,,,,,,,,,
2017-07-07 18:52:03.356,,,,,,,,,,,,,,,,,,,,,,,,,,,,,,,,,,,,,,,,,,,,,,,,,,,
2017-07-16 18:45:54.988,,,,,,,,,,,,,,225.2386146202188,,211.7948527922644,,203.04693709357596,201.34861669334555,199.0619703298448,193.46295224423025,190.52046915126508,204.87935848347755,216.45800155274048,,,,,,,,,,,,,,,,,,,,,,,,,,,
2017-07-23 18:52:09.533,,,,,,,,,,,,,,,,,,,,,,,,,,,,,,,,,,,,,,,,,,,,,,,,,,,
2017-08-01 18:46:02.800,,,,,,,,,,,,,,,,,,,,,,,,,,,,,,,,,,,,,,,,,,,,,,,,,,,
2017-08-08 18:52:16.334,,,,,,,,,,,,,,,,,,,,,,,,,,,,,,,,,,,,,,,,,,,,,,,,,,,
2017-08-17 18:46:08.293,,,,,,,,,,,,,,,,,,,,,,,,,,,,,,,,,,,,,,,,,,,,,,,,,,,
2017-08-24 18:52:20.743,,,,,,,,,,,,,,,,,,,,,,,,,,,,,,,,,,,,,,,,,,,,,,,,,,,
2017-09-02 18:46:11.153,,,,,,,,,,,,,,,219.93984959181307,206.74017937244776,202.61497572450503,197.0538464903996,192.62774923011136,192.5784256486089,195.40139566308227,185.6465677652112,196.24947646916567,214.3616313562989,219.0317838830349,216.11722983084263,225.0767168222468,224.7498365152768,218.15298885995293,213.26921565037387,205.08543285149028,194.19575157708704,196.2457198335785,215.68745488734933,226.86564493517005,223.9927717793149,211.89171784107333,211.48777143767316,214.75600096162785,218.8726231312402,220.3730008137817,,215.2804921750915,212.4222385696172,204.69406424533577,197.8894184849653,197.77212089728528,,,,
2017-09-09 18:52:22.180,,,,,,,,,,,,,,,,,,,,,,,,,,,,,,,,,,,,,,,,,,,,,,,,,,,
2017-09-18 18:46:13.277,,,,,,,,,,,,,,,,,,,,,,,,,,,,,,,,,,,,,,,,,,,,,,,,,,,
2017-09-25 18:52:27.499,,,,,,,,,,,,,,,223.5903219991033,220.28629386131456,216.1170589848851,208.0464185833376,202.53668660103915,198.7633187540713,200.86910801228944,200.69264644289825,,,,,,,,,,,,,,,,,,,,,,,,,,,,,
2017-10-04 18:46:19.975,216.0327345337359,206.63485375286663,205.0820839248904,204.8514011034813,207.4912999407954,,,,,,,,209.74246031016116,,,,204.92910871193988,196.48177099032617,189.1219200490698,185.5409686828001,185.77574990765623,188.03450214803237,196.10311132769192,202.4008571714799,208.3968286165425,,,220.368338241827,217.60396866174983,208.72146048893015,207.3970936410635,204.18178706253428,207.55999769164745,217.43158251789123,227.7660625761419,226.2095494504717,221.5306890765455,216.62751574020743,216.6935244820804,219.38512021895588,218.29251808177085,,,,,,,,,,
2017-10-11 18:52:32.478,,202.00415131944212,203.81946197150225,211.45453103462864,218.3816959619573,,,,,,,,,,220.7053230077089,210.9417413239226,197.09871356374,191.44931248213285,186.3225977219725,184.65741969104212,185.0397543968709,183.69192295692028,189.3059900459827,197.28658553822837,207.4989774067234,208.96873758751948,217.28416383316147,,,,,,,203.39750122487683,,,,,,,,,208.88268677475105,200.12190412732951,191.17631755457012,189.49447030689944,,,,,
2017-10-20 18:46:22.848,,,,,,,,,,,,,,,,,,,,,,,,,,,,,,,,,,,,,,,,,,,,,,,,,,,
2017-10-27 18:52:33.750,,,,,,,,,,,,,,,,,,,,,,,,,,,,,221.12213838653463,221.2997520884904,216.5842988903816,209.5893699931735,206.3014109260443,213.054373532238,224.691784732564,235.1876209009851,,239.20403832440388,229.3683595149668,215.78060786628603,204.4051972625097,202.8270361645129,201.83427840558943,218.1671720981772,215.92817131345024,199.7210775692689,197.38091378816156,216.60454060855855,230.18850083913983,225.1477242300313,213.62139579012765
2017-11-05 18:46:21.961,193.48971938541615,185.18648263669215,187.72621977527243,189.54222013571575,198.57720816682755,207.37963034256805,206.88966306916893,210.32473704316757,,,,209.04184143374792,209.45477743698515,205.72392623399088,,,,,,,,,,,,,,,,,,184.53164773223293,182.5959991023451,190.6165047623262,198.00450838543773,205.55192715374827,204.6116970218464,206.61976639844715,198.5693901189258,196.19368535598608,189.9269143806322,190.51896711558192,177.13150967186155,182.80326533293496,183.81832842563733,179.8813498899467,178.97033217403444,,,195.43818696285524,202.5509454698655
2017-11-12 18:52:31.134,,,,,,,,,,,,,,,,,,,212.08885958675955,204.1191026221967,214.9920858640928,,,,,,216.3506379327365,215.86910978571464,212.4757733817948,218.53386220813096,,,,,,,209.96646913141552,,,233.59102551921583,230.2387164255816,221.98954867581824,217.5181646637192,225.70334622233943,210.0787223569505,197.64060091284188,205.4472080916553,199.86206452433265,212.43737802966567,195.4765066070572,198.6063558469982
2017-11-21 18:46:17.175,197.2844978062302,190.86782355427349,195.0886965010937,198.57763141616613,206.1501167478475,,,,,,,212.73697678868768,217.0504185315293,214.35418369325143,210.2344590521745,205.27985115343975,201.94577655495985,199.16840430111785,200.8070137155508,197.4670424849577,192.08325431388775,186.9844798094425,191.47852618827676,197.1624828895735,201.45527920704177,204.47285559800284,208.24466556977555,213.07329027706336,207.5109775917174,202.0405324982159,198.87770606918747,191.998408653506,194.69734586666607,200.6240984310233,207.50193837711905,209.29789284041647,213.53954696833284,215.66309235505648,208.5628815499696,206.7976779676645,200.019616991076,199.38569686750515,194.59551574113632,191.55449474224204,196.72795796155495,185.9621623621221,185.57411726140805,183.86956684535448,192.3069928867449,200.80114197397947,198.8989316600029
2017-11-28 18:52:24.600,,,,,208.88934982552456,,,,,,,,,,,,,,204.8619187617614,200.76794494218493,199.69071025045088,196.67599082956025,201.76378377745144,,,,,,,,,,,,,215.53072156523396,222.1667596052649,225.25434720154487,223.05884052225304,,,206.61198777969412,199.97800110460528,209.1631956432429,207.5753241998419,201.8096625027728,197.7368820650668,200.38762348966003,207.23798823747265,207.30584961384463,209.3296235512097
2017-12-07 18:46:13.485,190.9982990348481,,,,,,,,,,,,212.99952020466856,207.56893226789532,206.40104441728323,203.6108351834018,200.21747104013505,194.5669114470067,192.16204127559536,190.39483026730167,189.70461006510047,186.7137511888385,193.6850526887168,,,,,,,,,,,,,,,,215.85644394969,,,,198.8639908101829,195.1002066160121,188.49543922679285,186.3268757851067,192.56930334951412,197.80516797263743,196.78806563384347,198.64510717756,208.7606995241325
2017-12-14 18:52:25.824,186.95650338110545,185.46320409712564,188.28262197304127,,,,,,,,,213.01904291348544,212.0744862877196,209.98265239046825,206.3433208764032,198.14927790533736,188.14171054835535,183.95162131446625,182.8668196224237,181.661320138686,181.9217900982964,180.98763948217407,185.28591930495315,188.4063049221191,193.27699938953936,193.52960462691863,195.9123795320257,,,,,,173.91068111718064,,,,,,,,,,,,,,,195.5786042216443,198.89994926788847,198.17155673128065,204.15648071743504
2017-12-23 18:46:16.352,,,,,,,,,,,,,,,,,,,,,,,,,,,,,,,,,,,,,,,,,,,,,,,,,,,
2017-12-30 18:52:25.188,,,,,,,,,,,,,,,,,,,,,,,,,,,,,,,,,,,,,,,,,,,,,,,,,,,
2018-01-15 18:52:18.414,,,,,,,,,,,,,,,,,,,,,,,,,,,,,,,,,,,,,,,,,,,,,,,,,,,
2018-01-24 18:46:02.445,,,,,,,,,,,,,,,,,,,,,,,,,,,,,,,,,,,,,,,,,,,,,,,,,,,
2018-01-31 18:52:08.617,149.73181918928995,145.43561167090698,149.6382075033832,151.63871298886497,153.88794212647218,,,,,,,178.4258675773849,170.86241985173154,173.25293606764592,170.39657228061776,171.7622048476328,168.03510888423526,159.3324165516229,154.83531736000356,,159.54406764567253,158.76296758019316,160.11796082395372,157.37501914026677,160.66459959370042,168.62785444040472,,,,,,153.05314707734237,159.19624242716318,,,182.3215025928901,175.22097686757772,179.0842290715102,178.90112892578696,174.82577029336528,,163.4346773595778,165.26363851633425,171.2565337390089,163.6218250223078,157.34644982243196,153.4684205334229,157.09647712942976,,,
2018-02-09 18:45:55.013,,,,,,,,,,,,,,229.03280714847503,,,,,,,198.35607465295624,196.6552395141862,202.09568320549457,207.667787951019,,,,,,,198.66844715039232,202.9746958613636,212.68816412067028,221.1729882345476,,,,,,,,218.3682863822708,216.29758799497293,221.82534574170404,221.9172578363041,,,,,,
2018-02-16 18:52:03.431,,,,180.79358811594,186.69385555152775,,,,,,,205.11656379784736,206.4803533111355,,199.81284065805715,195.79721340474725,191.912864489333,183.55153860169145,184.1318437701772,187.15909238976784,181.0878364902324,173.44896003611262,176.06207455207846,182.9085107776994,185.4470759708771,189.1306097266357,186.4747112194911,182.74304381892156,,,,,,,,,,200.8350824725568,198.97171803428637,196.99081755701536,192.3109172300153,,,,195.18354014777327,187.814983628756,178.97339851454242,184.11313219073315,191.6549288374684,194.868264825456,196.29240625090608
2018-02-25 18:45:48.662,,,,,,,,,,,,241.88636443506596,242.6586792339896,239.2736639542597,236.84328278209227,235.05637968094587,225.32697491996677,216.6390606471383,213.85892838119776,212.6313793227352,211.0331316696454,206.6739215980059,,212.6410978795075,215.78673807286248,220.93452180595537,221.71279682006016,214.95962471791245,214.52576812353928,215.6536147801079,,,,,,,,,,,,,,217.69336067342493,226.86035767031163,228.8583739285919,215.003841351162,211.50460900938668,217.7668004741954,217.4447800045197,221.22018753548227
2018-03-04 18:51:55.837,,,,,184.421389509829,,,,,,,201.33612330943407,199.5122424270716,198.57665119827175,197.47228147681304,192.31680391898144,,188.49063854681975,187.728087379653,184.82236229271643,171.56710653179755,163.38189945511397,161.92431031084536,176.58987430324132,183.7185592291163,187.93162639142184,185.0109638253057,181.63566593575055,,,,,,,,,,,,,,188.90290341805672,192.96374522395016,191.22346621087092,,185.1977345682236,184.0659357410493,185.83233347606424,192.9558050673085,195.31302378339456,197.3371461798405
2018-03-29 18:45:32.788,,174.0040977459856,177.8677771997749,182.1117774021459,189.18965623803007,197.40431267339957,,,,,,213.35523190437323,211.3212991437649,211.8785303231699,203.95909720697708,197.8436605998508,194.79113804849305,188.82863858959325,191.74130190531787,,,,,,,,,,,,,,185.38560542235103,203.41402314980004,212.24795949369968,205.61824412226196,204.16415494462424,209.89969913084343,209.6831152488745,205.9659752919653,199.36927561237383,194.20173705727325,192.7013544960461,192.32226674642223,191.0003448779774,191.0096038319856,193.69863095930063,195.597846128347,201.27721046631396,196.7125680737128,200.52865471974104
2018-04-14 18:45:23.960,,,,,,194.35492867541788,,,,,,,,,,,,,191.82843774426567,189.29228873352324,182.03950447496945,171.90807378665056,173.19949312709673,180.01114119247774,185.35102534554483,187.00701882933032,189.8286110313384,187.32849658992083,183.13165770045475,179.06898583893943,173.36925552446064,166.8044507610438,172.3072597437827,184.01212092031068,,,203.97146319673976,202.8441515539935,201.15067207767424,199.79781565244855,198.64842515560093,195.0548681577337,191.745894186492,186.971639432869,,,,,,,
2018-04-21 18:51:30.534,,,,,,,,,,,,248.38628036481865,243.75057603181156,239.84897795123285,236.0406950645533,233.6866599025612,234.92867335801003,230.51308794680415,232.1551822199468,232.80015120607183,223.08854096699733,212.11835463688544,,,,,,,,222.94287160739023,215.34799967718564,210.4646279349035,218.54058431554117,234.54109732730012,247.2783067673807,252.343095130041,,248.0806380770784,249.10101317378923,,248.9833664691706,,,,,,,229.6089045395943,229.2050898042684,231.4348909925189,234.28658674137324
2018-04-30 18:45:15.022,199.23551554779849,,204.6542803039982,,,,,,,,,214.6208247961505,207.7616247330946,210.64719139767575,206.68354777726952,201.84807335690425,200.7493952142771,200.8286943558032,200.3131834709187,198.61781369945984,193.12065029762448,186.080314713342,186.34730528267912,,,,,,,,,,,,,,,,,,,,,,,,,,,,
2018-05-07 18:51:21.600,,,,,,,,,,,,,,,,,,,,,,,,,,,,,,,,,,,,256.7395936529955,,265.7086939523647,256.88803944332443,254.6439892751925,251.9031025440131,248.91459171413672,251.6612061673979,250.08610551383995,238.11193964413243,225.9338248437003,225.7124900837431,226.62395710508235,227.80744929922415,233.2793004219845,237.2139990835894
2018-05-16 18:45:04.534,,,,,,,,,,,,,,,,,,,,,,,,,,,,,,,,,,,,,,,,,,,,,,,,,,,
2018-06-01 18:44:51.919,217.1332538216488,215.13795786237296,216.9925148658028,,,,,,,,,,,,228.3878792830755,227.28251983167064,229.0240331115504,226.89965919225776,227.84649631329285,229.81756953400696,223.25959354455316,215.0722471996132,212.1556266738712,212.59965829672075,217.86165583079355,217.1508061728176,221.5071286994238,223.5841788878984,221.95708904061945,220.7128778888124,213.868915943732,208.11118122353645,,228.86370980473927,,,,,,,,,,,227.8749935053145,221.32983583121728,218.07309317202663,216.03229945020183,218.89313109990124,222.5776632852515,
2018-06-08 18:51:04.271,,,212.9954299564833,214.2554579450078,,,,,,,,,,,,,,,,227.9726172820169,222.7996590376481,212.63295943691472,,,,,,,,,,,,,,,,,,,,,,,,,,,,,
2018-06-17 18:44:59.906,,,,,,,,,,,,,,,,,,,,,,,,,,,,,,,,,,,,,,,,,,,,,,,,,,,
2018-06-24 18:51:15.194,,,,,,,,,,,,,,,228.6560114068097,234.4357564271641,236.68176498798323,228.1138642582521,227.0754330599559,224.6054412762361,224.8537510332109,,,,,,,,,,,,,,,,,,,,,,,,,,,,,,
2018-07-03 18:45:09.411,,,,,,,,,,,,,,,,,,,,,,,,,,,,,,,,,,,,,,,,,,,,,,,,,,,
2018-07-10 18:51:23.657,203.82032405227693,202.81604512642485,203.82539805231227,212.96770692783565,220.63131048444563,,,,,,,223.1381977221127,220.29304256626105,223.83397780857192,226.5172449604065,231.3234698204764,235.03862058815824,236.30525779689816,237.61877476834616,239.7606164673391,234.4873244656816,229.12750920557903,224.6205529458815,219.1132972945602,208.69106193421035,207.0217494013991,207.57550532407456,210.83153246451604,207.02491031374385,,,,,,,,,,,,,,,,,,,,,,
2018-07-19 18:45:16.612,,,,,,,,,,,,,,,,,,,,,,,,,,,,,,,,,,,,,,,,,,,,,,,,,,,
2018-07-26 18:51:29.872,,,,,,,,,,,,,,,,,,,,,,,,,,,,,,,,,,,,,,,,,,,,,,,,,,,
2018-08-04 18:45:24.784,,,,,,,,,,,,,,,,,,,,,,,,,,,,,,,,,,,,,,,,,,,,,,,,,,,
2018-08-11 18:51:39.620,,,,,,,,,,,,230.57039474330625,229.1900148793405,225.29281976647985,223.6003259861923,223.36753403169905,222.8267521275808,,,,,,,,,,,,,,,,,,210.1997847925287,216.06728033767365,219.53192684462408,224.21411259608436,,,,,,,,,,,,199.23533409528716,201.38014678304023
2018-08-20 18:45:33.316,,,,,,,,,,,,,,,,,,,,,,,,,,,,,,,,,,,,,,,,,,,,,,,,,,,
2018-08-27 18:51:47.187,,,,,,,,,,,,,,,,,,,,,,,,,,,,,,,,,,,,,,,,,,,,,,,,,,,
2018-09-05 18:45:39.495,,,,,,,,,,,,,,,,,,,,,,,,,,,,,,,,,,,,,,,,,,,,,,,,,,,
2018-09-12 18:51:52.311,,,,,,,,,,,,,,,,,,,,,228.9258918841312,223.69846322020243,223.80748678509983,222.00103813387935,216.83957713980124,215.50550148901957,211.58009162899944,209.34526835403,213.4853490766892,219.28048587390816,214.62739952677805,203.26905160825308,201.8744125692845,209.46818272808343,217.85565018398995,224.78926817841688,229.33413231634745,230.70566595063843,223.11732389340088,221.39469157517087,218.9322760682676,216.3616305134676,214.31451539792067,214.67045018590667,212.57003741065168,211.10140928600185,209.7840177986116,208.39077044396387,207.6266945726005,202.0415025733884,206.74301745694845
2018-09-21 18:45:43.801,,,,,,,,,,,,,,,,,,,,,,,,,,,,,,,,,,,,,,,,,,,,,,,,,,,
2018-09-28 18:51:58.557,,,,,,,,,,,,,,,,,,,,,,,,,,,,,,,,,,,,,,,,,,,,,,,,,,,
2018-10-07 18:45:52.099,,,,203.3689911889253,212.0413389301948,,,,,,,,,,,,,,,,,,204.4627570527619,200.7100365480888,201.4247172708092,207.16000957009695,205.559270567066,203.99913951437452,,,,,,,,,,,,204.82836228167048,205.2616763021753,201.97638979850703,201.72127213449068,200.6200331226253,202.42162914036865,202.38451160222215,200.5581287609849,197.2479814268196,197.75396371629373,195.84265197476304,204.12840745295392
2018-10-14 18:52:05.729,,,,,,,,,,,,237.0843380696226,240.7671134389265,,,230.597870317188,,,,228.9893206093068,,228.13176347485253,226.627994956898,219.92281278244013,220.8582231391777,225.09125164610697,228.0554096200177,220.5223550053455,222.25345580831615,227.067253250346,230.39740061161496,225.7688851400992,,,,,,,,,,,215.71773107073045,216.22788140334853,,,,,,,
2018-10-23 18:45:57.733,,,,,,,,,,,,,,,,,,,,,,,,,,,,,,,,,,,,,,,,,,,,,,,,,,,
2018-10-30 18:52:10.148,199.1882289522759,201.21487050529325,211.62527133023303,221.84842245566267,233.5125881796439,,,,,,,,,230.34609348607003,222.61000991620352,,,,,,,,,,,,,,,,,,,,,,,,,,,,,,,,,,,,
2018-11-08 18:46:00.627,,,,,,,,,,,,,,,,,,,,,,,,,,,,,201.6114150840876,,217.70298276594343,212.327508375366,204.5706140991909,204.1757381472204,213.01543086252175,214.7360022082728,215.6506614836717,216.0752137720152,215.5527906766211,215.89936674792293,,,,,,,,,,,
2018-11-15 18:52:11.759,,,,237.29103162577837,244.50003164261665,,,,,,,242.11027002335447,241.9156528087248,239.11040925217864,233.38347309893152,231.49308074758287,231.11957228705236,228.48976644689856,227.41696136095584,230.4619083059185,231.16822235147856,225.4432390940165,223.3634402563609,220.05314063624772,227.33532145431025,,,,216.6004416760899,224.1755186764561,229.26995864186745,227.9844473537452,,,,,,,,,227.5422161953077,223.89832455429604,217.3124628151656,215.57501673731588,220.23179968827745,217.2002156260477,210.27817808994024,206.86053618380564,205.7440882015104,204.9219786713605,204.1644057659884
2018-11-24 18:46:00.552,,,,,,,,,,,,,,,,,,,,,,,,,,,,,,,,,,,,,,,,,,,,195.45215000267515,,,,,,,
2018-12-01 18:52:10.387,,,,,,,,,,,,216.9170624846049,211.8755743457169,211.1612744015639,208.6268358679616,197.53374115025787,200.457746328182,195.7132640101097,196.5946451402048,192.72429095457045,192.4344725234887,183.84523995521863,178.24583968585122,187.668145648047,196.5642791022612,197.7006522844298,,,,,,,,,,,,,,,,,,,,,,,,,
2018-12-10 18:45:57.533,,,,,,,,,,,,,,,,,,,,,,,,,,,,,,,,,,,,,,,,,,,,,,,,,,,
2018-12-17 18:52:07.894,151.22542366849387,150.22636731531375,156.9472587256055,162.37871616423394,166.1224437254871,,,,,,,176.9231974372857,,,,,,,,,,,,,,,,,,,,,,,,,,,,,,,,,,,,,,,
2018-12-26 18:45:57.384,,,,,,,,,,,,,,,,,,,,,,,,,,,,,,,,,,,,,,,,,,181.90763016064005,179.6070945844682,175.6510330890283,174.56150381889574,176.3239302124279,182.2625992174324,187.0438994861044,187.63928190699045,190.3876408978867,198.7025030670509
2019-01-02 18:52:07.787,177.33886110719016,176.60499127430433,182.72456520770425,188.99123680131407,194.45361579640303,196.57746656335124,,,,,,,,,,,,,181.25867896386205,181.6891601201671,180.6080104565105,175.15312029540817,,,,,,,,,,171.76720404577446,178.38330954697372,186.0736106391672,191.8013206003569,193.3826054467741,,,,,,,,,,,,,191.71862167615623,195.4772095076075,203.8476133278619
2019-01-11 18:45:55.657,,,,,,,,,,,,,,,,,,,,,,,,,,,,,,,,,,,,,,,,,,,,,,,,,,,
2019-01-27 18:45:51.704,,,,,,,,,,,,,,,,,,,,,,,,,,,,,,,,,,,,,,,,,,,,,,,,,,,
2019-02-19 18:51:59.120,158.99287856668224,158.64645261287868,165.40635103774267,173.69595296855204,181.8710973744292,,,,,,,,,,,,,,,,,,,,,173.55457193297724,,,,,,158.9603855845089,165.75681388569086,173.01859262851076,173.43602240509318,174.54179941362275,174.7505007661374,177.15365093083315,173.03567705492443,169.56926571198034,,167.9121713778422,172.7486063957223,178.34652876750116,,,,176.21974842577345,181.51970768308124,186.3878793420201,185.36004840257448
2019-02-28 18:45:45.837,,,,,,,,,,,,225.19593005641303,218.65501734167532,212.47832752235504,203.97443975077692,203.4410643487736,203.98856495655212,200.4596319081308,199.59333300035505,,,,,,,,,,,,,,,,,,,,,186.18919538646,,,,,,,,,,,
2019-03-07 18:51:54.205,,,,,,,,,,,,,,,,,,,,,,,,,,,,,,,,,,,,,,,,,,,,,,,,,,,
2019-03-16 18:45:40.244,,,,,,,,,,,,229.9721291984381,228.4241449168857,226.9148660860147,226.79280105705504,225.3318367626587,220.4017915703938,212.122972426425,211.0205658023812,212.75442576694087,210.4321562688844,206.5525180443042,204.9880200070335,200.48111969069575,199.43835951526935,196.83924705175608,186.24742798879595,181.11269934184827,175.0344772905837,169.89781925464118,176.1910442471221,184.32352923214737,189.97206180032757,,,,,,,,,,,,,,,,,199.9872342754024,205.12483634090395
2019-03-23 18:51:50.006,,,,,,,,,,,,,,,,,,,,,,,191.5920623699344,187.1096425212617,,,,,159.66404669770318,154.7009356706282,160.63844809581994,162.9132805987496,166.14790052196292,177.32350731965764,184.38469512891484,184.75094175639637,181.9884564677577,175.92724616323133,174.8577884623376,170.74828560970002,172.61667623650112,172.87501978409068,175.2853637296402,,,,,,,,
2019-04-01 18:45:37.132,,,,,,,,,,,,,,,,,,,,,,,,,,,,,,,,,,,,,,,,,,,,,,,,,,,
2019-04-17 18:45:31.461,,,,,205.44571110948849,,,,,,,,,,,,,,,,,,,,,,,,,160.06420770339878,162.5584328462105,162.30411432269358,164.3174779014851,176.4044774046027,,,,,,171.57351244465966,,171.88786467316277,,,,,,,,,
2019-04-24 18:51:38.957,208.6957456220232,212.69032971080568,219.54396519066955,233.12173572029943,,,,,,,,,,,,,,,,,237.26361609562383,236.6012392757296,233.236103751411,229.2335666165509,226.86792114558264,224.28277802306872,222.25324434591013,207.53927500351267,207.29276840530653,203.7978581698814,207.5016444832505,211.9568401744145,216.57865770282984,229.82684305919383,,,,,221.35921768929308,222.55947662702224,,,,,,,,,,,214.3131204763068
2019-05-03 18:45:31.153,,,,,,,,,,,,,,,,,,,,,213.34746538502733,,,,,,,,,,,,197.1913654133963,205.5385533040743,,,,,,207.77474189356627,,,,,,,,,,,
2019-05-10 18:51:46.913,,,,,,,,,,,,,,,,,,,,,,,,,,,,,,,,,,,,,,,,,,,,,,,,,,,
2019-05-19 18:45:41.775,174.85754701899242,176.38701643838277,185.6209790651275,191.63818109762397,,,,,,,,,,,,,,,,,,,,,,,,174.82005796802957,167.80117392215058,169.3125933036615,170.92303582399768,168.56869273829807,173.50662253784128,185.6651235357976,189.70988440713543,185.75290324929864,189.13001460503145,194.56689008017165,198.1116264003107,200.1821586518693,200.97697669397388,192.49373066742635,176.49033273256052,167.95279562373648,168.1048252668478,173.42511637804031,179.39166109569416,183.75077746772243,188.91681048372288,191.7547484913536,197.2457888406411
2019-06-04 18:45:50.059,,,,,,,,,,,,210.65385794753692,211.25519018402127,211.5041927544271,209.8948771628733,,,,,,,189.4971885093785,,195.56186221343395,,,,,,,,,,,,,,194.92034115985587,199.5436297022838,200.22212874649745,201.4274347509126,193.6761606944741,180.434272923133,,,,,,,,
2019-06-11 18:52:03.763,,,,,,,,,,,,,,,,,,,,,,,,,,,,,212.8245455877107,208.3715312103571,,,,234.43030932440357,243.12074082686064,238.7593252565117,,,,,,,,,,,,,,,
2019-06-20 18:45:56.100,,,,,,,,,,,,,,,,,,,,,,,,,,,,,,,,,,,,,,215.16821184752337,213.79127114340716,212.18364695843317,213.4408496406518,208.82567135641156,203.7284454918442,,,,,,,,
2019-06-27 18:52:08.906,,,,,,,,,,,,,,,,,,,,,,,,,,,,,,,,,,,,,,,,,,,,,,,,,,,
2019-07-06 18:46:00.138,,,,,,,,,,,,,,,,,,,,,,,,,,,,,,,,,,,,,,,,,,,,,,,,,,,
2019-07-13 18:52:12.054,,,,,,,,,,,,,,,,,,,,,,,,,,,,,,,,,,,,,,,,,,,,,,,,,,,
2019-07-22 18:46:03.782,,,,,208.9300029368067,,,,,,,,,210.51510166130447,206.03449826252967,,,,,,,,205.89862022039588,,,,,,,,197.37037261247613,194.4896728762852,209.2636839422012,205.3226566777408,190.1475562594533,191.9223497589593,198.2844021870271,,,,,,183.20672174685663,190.14824155126797,193.15374812348688,190.33975375006756,181.596058155484,182.86129188000035,,195.76809360128647,200.1276805060052
2019-07-29 18:52:17.719,,,,,,,,,,,,,,,,,,,,,,,,,,,,,,,,,,,,,,,,,,,,,,,,,,,
2019-08-07 18:46:10.387,,,,,,,,,,,,,,,,,,,,,,,,,,,,,,,,,,,,,,,,,,,,,,,,,,,
2019-08-14 18:52:23.472,158.4120478208853,,197.731708174309,211.57173492621885,217.49345557237527,,,,,,,,,215.3753752215427,214.03257344312564,212.0557677201828,210.12405466922115,208.05330456932276,206.3595891308705,205.10944351550145,211.0325976508704,214.68532023129757,224.4157553346957,232.59926978675637,230.6031392906933,,,,,,,,,,,215.56336240454408,216.0276077548676,216.6125612380038,214.92449160188323,218.0623613189581,222.10419933883745,223.51019788016924,218.01550240720127,209.3165640812996,203.07318251487803,195.44369618504095,195.46789702791224,199.2177261511372,203.42782396876004,201.51798520449955,199.7783145995281
2019-08-23 18:46:15.013,,,,,,,,,,,,,,,,,,,,,,,,,,,,,,,,,,,,,,,,,,,,,,,,,,,
2019-08-30 18:52:27.281,,,,,,,,,,,,,,,,,,,,,,,,,,,,,,,,,,,,,,,,,,,,,,,,,,,
2019-09-08 18:46:18.661,192.41886615799584,198.91291682419305,208.5044308234017,216.87921619607047,222.32345492184265,,,,,,,,,227.03698494250108,220.77329769842163,213.26748909275,209.90283968552808,212.22947168425443,212.3857915427084,,,,221.2343144338083,,,,,,,,,,,,,,,,,,,,,,,,,,,,
2019-09-15 18:52:32.238,,,,,,,,,,,,,,,,,,,,,,,,,,,,,,,,,,,,,,,,,,228.32628176692648,227.2691434256891,,,,,,,,208.8644067616916
2019-09-24 18:46:24.331,195.12051679119423,199.956097639382,212.45245444607133,222.0605677703515,226.48100191453324,226.9465933487834,,,,,,233.82463890658616,231.4012991184757,228.1010522663795,222.2178137115605,215.27720019440693,210.76649233081588,210.31622001644823,211.97523002782356,214.4239636600679,217.7409950401436,218.20501682060072,224.8794830894984,230.19080998543035,231.1724430510561,233.8750792801661,235.6353904666721,229.80853592140917,226.1931563052109,217.84915435587365,211.5132307986556,205.28789029662488,210.44408369132867,221.4888312895918,225.74022439068125,222.8471210062965,220.61441770483583,218.3942580206588,218.54877944332495,219.65412365942527,222.71207987876616,226.6101879295012,224.90026751496163,216.9778530996244,205.1866476791624,202.0215011915163,204.06628329577563,206.03888193518807,206.2590907922047,207.2276276566681,213.73458312683536
2019-10-01 18:52:36.951,,,,,,,,,,,,229.1101778379125,226.34742135566185,,,,,,,,,,,224.73530434476288,227.0560594991526,229.2896588772813,231.2304659757883,226.61090013113116,222.3832791304673,213.684008389812,207.7837456923798,201.3995323504708,207.04923835054487,217.600757947491,221.2330341831617,216.40180736757503,215.4160506216494,213.29618904297183,213.36852039399864,213.91009135443275,216.391374603312,219.5346157575717,219.178899468596,211.62371600318687,199.7705935221059,197.2025118506172,198.91722007504563,,,,
2019-10-10 18:46:27.706,188.092422256843,194.48794911580467,206.17418785562305,215.10394378106776,218.38780368953297,,,,,,,226.782571752271,222.7676096924211,218.85050692023705,212.1231323652878,206.74486869407107,203.93001524731105,203.65998175293515,204.5536950007898,207.98661208152936,209.1685275018044,211.1486041344056,218.07860338747312,223.32367393450485,225.38831889317885,227.3720036607979,228.28074311163937,223.0915955880799,,212.559767575954,205.47597241975188,198.47037541650488,,,,,,,,,,,,,,,,,,,
2019-10-17 18:52:39.212,182.7596329596689,189.01560690369277,,,,,,,,,,220.6954940533836,216.02906484598805,214.2156752785268,208.151254097366,201.5605800004095,199.05079664039343,199.26657910947085,199.9716306491717,202.28724372952323,202.50841140808237,205.0194171924517,210.54248070049303,217.23922781606348,220.820330641582,223.58953703921333,225.26006769937752,220.4222545362332,217.93955535742435,210.51426928921856,203.23113165266705,197.19293142530023,,211.35885324508436,213.5684953198144,206.01793078618036,206.00056461076213,205.1994856348979,204.6226214624253,204.82345077890437,,,,,,,193.01993628780036,194.32482319895783,195.9047790105174,198.43648245644255,203.3901691235661
2019-10-26 18:46:28.524,,,,,211.05783335766316,,,,,,,,,,,,,,198.51346736145177,201.44484961430007,200.62773552007337,203.9455580038665,,,,,,,,,,,,,,,,,,,,,,,192.597314448414,,,,,,
2019-11-02 18:52:38.781,188.6625853489116,191.74280205402255,199.2807836712816,209.5190554314725,211.42595799830764,,,,,,,,,,,,,,,,,,,219.24387501886645,,,,,,,,,,,,,,217.74351157227403,220.2428635783638,220.7625533629614,220.3219101176703,220.45514555194976,219.2810677469177,213.74894356331043,,,,197.42880012274023,,,
2019-11-11 18:46:26.445,,,,,,,,,,,,,,,,,,,,,,,,,,,,,,,,,,,,,,,,,,,,,,,,,,,
2019-11-18 18:52:35.423,,,,,,,,,,,,,223.74957021977903,224.26451647321085,220.8418217481215,215.76923789302435,211.26933681095244,207.281719083204,204.75442338216803,202.7684724094225,206.92157288313683,205.49088981320477,209.91882943415695,216.7035043649313,220.1904029346105,224.0957444252404,225.747908337366,224.48495985891907,220.30330626356383,214.8806047087532,207.663967030238,198.8604693042689,201.9235804880128,212.85344322107863,215.8566622398719,214.3342877884407,214.55414455496455,216.141108986588,218.82348382122868,220.98417362700116,220.33606948957217,221.8561538332093,219.60621849693712,210.980465153796,204.90178872771597,199.56068988052183,199.1786364902261,197.47818184641733,,,
2019-11-27 18:46:23.969,,,,,,,,,,,,,,,,,,,,,,,,,,,,,,,,,,,,,,,,,,,,,,,,,,,
2019-12-29 18:46:18.720,,,,,,,,,,,,,,,,,,,,,,,,,,,,,,,,,,,,,,,,,,,,,,,,,,,
2020-01-05 18:52:27.772,185.4469492992675,186.75157374493017,193.06548721682293,201.174168813832,207.57944361323425,,,,,,,234.3380332433619,230.5450478218071,224.7294369427463,222.7635113669973,220.2395929390999,218.91989620175693,215.6216130819592,210.86298926578155,207.0199966451883,,,,,,,,,,,,,,,,,,,,,216.8224173153712,217.7701768911036,218.3133407802777,217.0556546690038,207.87232647407305,201.977346147706,,,,,
2020-01-14 18:46:15.356,,,,,,,,,,,,,,,,,,,,,,,,,,,,,,,,,,,,,,,,,,,,,,,,,,,
2020-01-30 18:46:10.468,,,,,,,,,,,,,,,,,,,,,,,,,,,,,,,,,,,,,,,,,,,,,,,,,,,
2020-02-06 18:52:19.016,170.91088159601057,174.34393885082164,,,,,,,,,,220.7420722090801,223.672883546431,225.69987328773823,221.55738673401328,210.8507653786,201.814048090824,193.21350643471592,190.74799900093976,190.2780265297782,192.2176341009381,193.328545231923,200.0560717910551,204.32656255176173,207.56226934187356,208.80121968948575,203.64726254765617,194.5403461505568,,,,,,,,,187.76460400327937,188.89570733555132,188.76353409683043,191.61689981774228,198.4415120416473,,,,,188.20344549541184,192.2500310442285,194.43324510912936,193.7101379570421,195.95898661015624,198.8896805288524
2020-02-15 18:46:06.622,,,,,,,,,,,,234.6287059540022,234.4546813881086,238.7993194163444,236.07970367657123,229.38840370624283,215.7364085851523,206.814519111132,204.15331932266136,202.7821684771125,207.9158711315808,211.1033566879636,215.8340569779827,,,,,,,,,,,,,207.71741886627083,,207.96880302036857,208.95882156411471,,,,,,,,207.17560437219987,206.7864954146941,208.0937490489286,208.5536878450256,214.42869015013355
2020-02-22 18:52:15.683,,,,,,,,,,,,,,,,,,,,,,,,,,,,,176.36546873264177,170.20468705319442,165.95773494586103,,,,,,,,,,,,,,,,,,,,
2020-03-02 18:46:01.810,,,,,,,,,,,,237.92449402699316,239.63148840339392,242.8872703697741,241.714661664137,236.48879583073017,220.7783979192498,212.31964725417663,208.89462521048583,208.55685595380567,213.53568240647903,216.88200160795395,223.2817132389713,226.54577766319136,227.8170940413059,226.12626702019028,226.37215407361649,216.94729647531216,212.34559890398796,208.72036412868272,203.0990296943586,196.2131180845108,196.03730297058567,203.51928590521956,211.1337815993827,211.51430722739207,212.59061956214475,212.69437171336352,214.94153437261,,,,,,,,,,,,
2020-03-09 18:52:09.731,166.508012572652,166.67607749876768,177.84226476298306,191.1498591017492,204.9382620920666,,,,,,,215.2436999343924,,,214.78360151442828,207.0403669349194,193.622878465432,185.11644800065392,182.03175110860437,182.21272251876837,188.2431159069442,191.3036929722552,,,,,,,,,,,,,,,,,,,,,,,,,,,,190.5162391753593,193.76771516765325
2020-03-18 18:45:54.466,,,,,,,,,,,,,,,,,,,,,,,,,,,,,,,,,,,,,,,,,,,,,,,,,,,
2020-03-25 18:52:01.303,181.9822578607004,186.1880801040599,204.631981717635,,,,,,,,,,,,,,,,200.9545495380369,198.75261596926848,203.3659218458576,208.7023288437031,215.7069411151544,220.55499830216425,218.501243486474,213.5507997911691,209.3160301788597,197.3837844439067,,,,,,,,,,,,,,,,,,,,,,,
2020-04-03 18:45:44.997,192.28957690889527,201.97591704137045,227.05065541557784,237.354687549256,244.1882211311125,,,,,,,245.29484977834204,250.1534801015376,249.38972817425824,251.0057145421054,250.3829267386147,249.0529935912379,238.65058989884147,226.05165470042104,219.80690378204136,225.2274207938226,230.89095403054935,240.43866894262612,245.014610860919,242.0287781722542,,,,211.42001767573709,,218.27696815294425,221.89758143911197,,223.9443995380996,220.2603485995872,213.64602473598612,223.65778477819435,240.7939703219972,242.14481599717925,237.51450332728396,226.5944576396083,,,,,,,,,,
2020-04-10 18:51:53.380,,,,,,,,,,,,236.86551808163009,241.9967173995848,240.9176107270468,238.4927933872686,236.7086704728363,234.51195509398417,222.0308885874521,209.3132990039229,205.8967419117375,210.99440414845495,,,,,,,,,,,,203.97141657064364,201.59664041580248,196.1027558879743,192.70987334784556,,,,,,196.23875316732648,201.90424625921727,213.7225362556895,215.89264440919365,209.14456025831143,201.9772620309692,202.603822586002,209.5132300896479,213.6430615964076,217.13313141588625
2020-04-19 18:45:38.696,,,,,,,,,,,,,,,,,,,,,,,,,,,,,,,,,,,,,,,,,,,,,,,,,,,
2020-04-26 18:51:45.958,170.95289243105822,187.1498212526309,210.9888931238906,219.43832769924504,216.44428384149992,,,,,,,238.84409233237807,237.83545458305773,248.8590593265077,238.45864545373456,219.73451179402463,201.70541313717808,204.51495970730684,211.1104221625735,201.56201723397905,202.89228630202007,205.72173739855776,188.15696272491303,199.97573839036747,208.96062930503587,210.91086827312452,219.95432056802355,197.73181860348396,,115.78085638052286,94.67091562633055,109.47341205878917,180.69032064291656,186.52469123607125,205.47564497651652,213.5129687912064,189.0034186307637,204.58657535017,212.79701506340723,207.308632548911,205.7344666927033,190.09218213042476,203.76925566552237,213.76004883041867,209.29604670965583,205.44750193926177,193.28088686632185,184.8688267104409,174.56818135979512,,121.16333400857198
2020-05-05 18:45:29.834,,,152.49210536577266,143.61710531691833,171.91826822881796,,,,,,,266.1451884559223,263.8942987271622,,,,,,,,,,,,,,,,,,,,223.0160784392276,,,,,205.50016640840943,,,214.40668911675647,213.9098226676076,,,,,,,,,
2020-05-12 18:51:39.930,,,,,,,,,,,,,,,,,,,,,,,,,,,,,,,,,,,,,,,,,,,,,,,,,,,
2020-05-21 18:45:31.163,,,,,,,,,,,,,,,243.10641793524923,236.3299184759864,228.9625613240824,220.06008928278584,,,,,,,,,,,,,,,,,,,,,,,,,,,,,,,,,
2020-05-28 18:51:43.063,,,,,,,,,,,,,,,,,,,,,,,,,,,,,,,,,,,,,,,,,,,,,,,,,,,
2020-06-06 18:45:38.406,,,,,,,,,,,,,,,,,,,,,,,,,,,,,,,,,,,,,,,,,,,,,,,,,,,
2020-06-13 18:51:53.475,,,,,,,,,,,,,,,,,,,,,,,,,,,,,,235.48671918243383,,,,,,,,268.7295126323696,,,,,,,,,,,,,236.1372932936818
2020-06-22 18:45:47.571,,,,,,,,,,,,,,,,,,,,,,,,,,,,,,,,,,,,,,,,,,,,,,,,,,,
2020-06-29 18:52:01.747,,,,,,,,,,,,,,,,,,,,,,,,,,,,,,,,,,,,,,,,,,237.47583589082728,238.8304895325581,234.6796119752676,,,,,,,
2020-07-08 18:45:54.720,,,,236.7001436697968,246.4464990112592,,,,,,,,,,254.40932429588293,247.9602304766656,,,,,239.29259158870724,232.84989693921128,234.39042908053025,,,,,,,,,,,,,,,,,,,,,,,,,,,,
2020-07-15 18:52:08.023,,,,,,,,,,,,,,,,,,,,,,,,,,,,,,,,,,,,,,,,,,,,,,,,,,,
2020-07-24 18:45:59.891,,,,,,,,,,,,,,,,,,,,,,,,,,,,,,,,,,,,,,,,,,,,,,,,,,,
2020-07-31 18:52:12.330,,,,,,,,,,,,,,,,,,,,,,,,,,,,,,,,,,,,,,,,,,,,,,,,,,,
2020-08-09 18:46:03.031,,,,,,,,,,,,,,,,,,,,,,,,,,,,,,,,,,,,,,,,,,,,,,,,,,,
2020-08-25 18:46:11.021,,,,,,,,,,,,,,,,,,,,,,,,,,,,,,,,,,,,,,,,,,,,,,,,,,,
2020-09-01 18:52:25.141,,,,,,,,,,,,,,,,,,,,,,,,,,,,,,,,,,,,,,,,,,,,,,,,,,,
2020-09-10 18:46:17.893,,,,,,,,,,,,,,,,,,,,,,,,,,,,,,,,,,,,,,,,,,,,,,,,,,,
2020-09-17 18:52:31.073,,,,,,,,,,,,,,,,,,,,,,,,,,,,,,,,,,,,,,,,,,,,,,,,,,,
2020-09-26 18:46:22.629,195.5564551314384,204.4821015332701,217.90256800121756,,,,,,,,,260.3753899025701,262.40339451448824,264.49089994117213,264.8192856730345,261.9555938458564,257.8540984052959,256.8484655552041,256.6433926710871,253.08434245460788,249.85350091898655,243.91867157846696,240.92371825696264,237.6950915757644,240.2174393540142,,,,,,,,,,,,,,248.4750798296471,239.43313392616227,229.0191849542404,229.69791246509843,234.18748219256008,235.30697675628727,230.39689484079395,224.55913276038075,,,,,
2020-10-03 18:52:34.746,,,,,,,,,,,,,,,,,,,,,,,,,,,,,,,,,,,,,,,,,,,,,,,,,,,
2020-10-12 18:46:24.804,189.2007262086667,,,,,,,,,,,,,,,253.77794282896176,251.7150630418536,253.7337549997983,254.96446760500808,252.364222230414,246.62071519098964,,,,,,,,,,,,,,,,238.9581853205661,246.27534322114727,248.1885819390805,242.9995150206708,234.0284561466229,,,,,,,,,,
2020-10-19 18:52:35.765,,,,,,,,,,,,,,,,,,,,,,,,,,,,,,,,,,,,,,,,,,,,,,,,,,,
2020-10-28 18:46:24.273,,,,,,,,,,,,,,,,,,255.006796232306,254.22365495692333,248.74731120600097,245.3347179402436,,,,,,,,,,,,,,,,,,,,,,,224.97388724266847,224.21780571743545,,,,,,
2020-11-20 18:52:34.433,,,,,,,,,,,,,248.65665145518705,250.3727020985499,250.78950069276144,249.5198882773641,243.774247658615,234.88180166966788,,,233.1814240681556,232.5840168977671,236.09160098007223,234.7081516214505,231.8538981117769,235.16773214879663,,,,,,,,,245.8971797201573,240.191165425518,238.0039722481827,239.6776020312128,239.01007537069867,235.0469035190411,229.85447029762565,224.48915020966015,219.22404841451467,216.65825353770293,216.9574957811802,217.2104472771912,217.59475385646232,219.21829048587517,220.39878769561676,,
2020-11-29 18:46:25.526,,,,,,,,,,,,,,,,,,,,,,,,,,,,,,,,,,,,,,,,,,,,,,,,,,,
2020-12-06 18:52:36.804,,,,,,,,,,,,237.61355450308545,238.1173140095283,240.84254670119608,,,,,,,,,,,,226.6689526426568,226.17850636223412,214.85993238158025,209.88547362464203,214.5266877252129,216.67802030199957,214.2293005337453,221.45873076167683,228.69709302756516,232.91123603565825,,,,,,,,,,210.1728758256191,209.83683400337716,210.90086415906023,211.17479354448807,211.3004730690851,211.45160998767895,216.77389220950528
2020-12-15 18:46:25.443,,,,,,,,,,,,,,,,,,,,,,,,,,,,,,,,,,,,,,,,,,,,,,,,,,,
2020-12-22 18:52:35.031,194.67988668215796,199.89051677212348,211.19012292715576,221.2728359580376,228.92347258416197,,,,,,,229.6505013620795,232.59132310288163,235.69708692148672,236.47385624523736,231.32774969392491,220.38167119829228,209.1449113657305,208.27562363121663,210.74773871448025,211.65694685598453,209.63812064314612,208.40527637326835,207.5161919712068,210.1327644916578,212.79181242921,207.77862037343368,196.999317338647,190.5128295972002,187.0923881408572,183.27026088947585,176.07374959245962,167.32357258668435,163.93910857105715,176.42366848038822,186.07946602775,196.7555159922753,201.62698770356613,204.95251397794104,204.73748581041252,202.70981152055367,198.52060471832897,197.34260312368136,199.986281240656,204.53426665134884,207.4271160427036,209.51556842159164,209.91522063827588,210.3803297348042,208.7756427829172,210.4809376312027
2020-12-31 18:46:21.637,,,,,,,,,,,,,,,,,,,,,,,,,,,,,,,,173.81274452855268,166.55309011194947,164.2097890742781,175.2888780063865,183.70060215240983,194.1996829810787,199.2313949564372,203.37936812511117,202.3250173855962,,,,,,,,,209.59374777014435,207.7147301741378,209.05520254167283
2021-01-07 18:52:29.632,,,,218.35302153027425,226.63289894174864,,,,,,,225.9029869404859,228.04171913059733,231.8521364362769,,,217.0843372313168,,,,,,,,,,,,,,,,,,,,,,,,199.5187353591747,197.1478792288117,199.619450438956,199.6696083859828,200.46725674921373,203.9118087799458,207.0177735088984,207.14887774466564,209.5924092262674,206.48324625287083,206.59473110778563
2021-01-16 18:46:14.353,,,,,,,,,,,,,,,,,,,,,,,,,,,,,,,,,,,,,,,,,,,,,,,,,,,
2021-01-23 18:52:24.069,,,,,,,,,,,,211.87293689449197,212.9802607708652,215.55867594872925,217.50518041401853,214.50723852944185,203.92110298987387,193.0741624719475,192.38434606498885,193.6338951215755,195.63011985535348,192.62719209941605,189.75876656921795,192.46652930249175,195.47251851144165,,,,,,,,,,,,,,184.53546097160387,184.0085091379544,,184.2465479511411,187.8648909167498,189.07715962060055,188.22164287887557,190.6420863466356,193.57189113992823,196.22995077373065,198.3317590498727,196.0653188261023,193.8240237597256
2021-02-01 18:46:12.449,,,,,,,,,,,,197.2140535221978,199.8511541550157,203.0163113088118,186.9509279386791,181.35205686502135,183.81224458465903,173.22406000879266,169.0992771264727,171.88355823366732,173.39643858928952,166.60541325896773,170.34607477140216,170.45765794949904,174.25985205074545,171.6928392272736,,,,,,145.29846306976287,161.1884075225378,,184.89561251571,,,,,,177.9379702037715,179.04792571475247,181.3892349909188,,,,,,,,193.7754008010777
2021-02-08 18:52:21.919,,,,,,203.75288691590637,205.47102940859756,207.9664169662872,,,,208.7840184714352,209.40887090254384,214.70442787811456,210.7560913181068,203.4144153662477,197.9354995046079,188.6762269456825,182.09568217274315,,,,183.993440615666,187.9444444301241,189.0792332732169,193.04897742922637,189.5273280947852,187.22109920943996,171.19318642293644,154.85676967891513,149.95833040500793,156.78725642214357,175.78170997949047,191.98953762146627,201.15362065659005,196.85862375126777,,,190.21826002752616,,190.68469786823735,,,,,,,,,,
2021-02-17 18:46:08.572,,,,,,,,,,,,219.54934570986487,224.4572420558962,227.6442987030975,224.73806456519736,223.4806008247228,,,,,,,,,,,,,,,,,,197.9172398017684,208.30427480919576,210.64056407672865,209.7099205075924,,,199.3895118141452,194.44019946127187,196.0470271813439,206.6910988859265,210.93975764862145,208.41157409930227,199.08391594376613,192.7077570069254,194.46666138250364,200.2220647891434,203.8475906739278,209.463965241835
2021-02-24 18:52:16.738,,,,,,,,,,,,,210.83470615475096,211.27127974025285,210.86222856153688,208.2199079453666,200.86055044836417,193.08753788247463,188.57496469320927,184.44553627411108,184.25956624355356,180.54477105844296,185.47458291013967,193.82082999181745,194.76379461208825,190.5906546774657,187.39949736045745,181.2995637419644,162.39984496828677,147.4693146582531,143.72451182905723,152.2998207655777,169.46277504984295,,,,,,194.2385504268171,189.1805432329399,185.3932905421053,186.50648392092916,191.8981029847652,196.67718332817205,195.4682299154731,,,,190.4941959124856,192.47082177372752,192.89140833031945
2021-03-05 18:46:01.506,,,,,,,,,,,,,,,,,,,,,202.01202187868785,201.06260004365092,205.325875441643,210.2531295649343,213.23179757591453,211.61653048225165,211.8372835018372,202.46397860056985,182.104260703054,169.34549925392537,170.29039687687302,176.99668348884606,193.09987674561512,204.76553215534983,210.1481452360474,,,,,,,,,,,,,,,,
2021-03-12 18:52:08.202,173.8328756549913,181.77174238477176,194.54108467410884,202.26513153013997,211.961219955412,,,,,,,,,,,,,185.22483019812208,182.04658140493743,179.24295017984318,179.4653698136161,175.5518939891805,179.67389509995166,186.54866265052408,188.8580183988302,185.5803263727637,180.01709318545036,172.5736699675508,,,,,,,184.34866695458936,180.5459144396459,183.1564524861013,186.34342914807655,,,,,,,,,,180.2899167073352,189.46282346404348,194.4775794769973,191.27421877831745
2021-03-21 18:45:53.544,207.76533829589877,216.161146744352,226.62892501570215,235.62785203288976,239.48040663423149,,,,,,,,,,,,,,,,,,,,,212.231801808192,210.1817953003681,200.0696169494401,181.31544980679192,166.3451007046825,,,,,204.38290053250637,206.2456015509346,212.4628232007352,214.3548445053488,,,,,,,,,,,,,
2021-03-28 18:52:02.994,,,,,,,,,,,,,,,,,,,,,,,,,,,,,,,,,,,,,,,,,,,,,,,,,,,
2021-04-06 18:45:49.488,,,,,,,,,,,,,,,,,,,,,,,,,,,,,,,,,,,,,,,,,,,,,,,,,,,
2021-04-13 18:51:57.629,,182.8896513357984,191.22896570277788,202.8302613100692,214.3515738579436,,,,,,,219.46958217758288,221.92353593970108,223.0328836963737,224.71850998945956,221.57800038352184,214.8513444940064,203.53564208065328,201.51861471781285,205.7999248805349,,206.099944795489,201.18537071428463,201.292475678554,206.5340686354592,,,,,,,,,,,,,,,,,,,,,,,,,,
2021-04-22 18:45:42.429,,,,,,,,,,,,,,,,,,,,,,,,,,,,,,,,,,,,,,,,,,,,,,,,,,,
2021-04-29 18:51:49.075,145.53764312601712,148.63975423416613,164.95366930777243,176.28452329452983,187.70722255985515,200.67164919649585,209.2734546571654,208.79536536129285,,,,190.8607508265068,191.18126970938192,193.2704394901329,197.71834573856475,189.0724396868635,,,,,,175.05923117552624,168.21026412079505,180.59764425921892,180.42209680911907,195.9645542951316,188.44561308473615,183.01549347426405,180.12018512130973,180.37961553018363,185.9093726518331,186.0443548813021,181.6478856221404,180.5179810214142,190.05586978854564,194.43100092626008,191.9588971341528,186.35166941275327,182.69804951159043,195.71398640610548,196.66500124525376,166.27241194219525,,,,,,193.70120091689608,,,
2021-05-08 18:45:35.196,,205.93344797017943,,,,,,,,,,229.8747592492932,,,,,,,,,,,,,,,,,,,,,,,,,,,,,,,,,,,,,,,
2021-05-15 18:51:50.988,,,,,,,,,,,,,,,,,,,,,,,,,,,,,,,,,,,,,,,,,,,,,,,,,,,
2021-05-24 18:45:45.637,,,,,,,,,,,,,,,,,,,,,,,,,,,,,,,,,,,,,,,,,,,,,,,,,,,
2021-05-31 18:52:00.032,,,,,,,,,,,,,,,,,,,,,,,,,,,,,,,,,,,,,,,,250.89293569583316,249.21997194206617,248.0589746025769,248.5072841190397,246.4446865125836,235.62392430983076,231.87122111092955,,,,,
2021-06-09 18:45:53.029,,193.7577207791998,202.16669254538976,210.01381404019295,216.8604263253297,,,,,,,,,,,,,,,,,,,,,,,,,,,,,,,,,,,,,,,,,,,,,,
2021-06-16 18:52:06.192,,,,,,,,,,,,,,,,,,,,,,,,,,,,,,,,,,,,,,,,,,,,,,,,,,,
2021-06-25 18:45:57.581,,,,,,,,,,,,,,,,,,,,,,,,,,,,,,,,,,,,,,,,,,,,,,,,,,,
2021-07-02 18:52:09.474,158.2664172401156,166.1648691205662,175.80334440656122,184.4399156687741,189.2817345959553,,,,,,,221.82643344813545,227.91615002647532,230.51685019231795,224.90413436224227,216.42158198368847,212.15536507538343,,,,,,,,,,,,,,,,,,,,,,,,,,,,,,,,,,
2021-07-11 18:45:59.263,151.14688781646888,158.51526212106518,167.96882570338389,177.10622800773925,182.6625715793608,,,,,,,214.2390252961344,217.52455506080415,217.2497186232476,208.97720764561265,,,,,,,,,,,,,,,,,,,,,,,,,,,,,,,,,,,,
2021-07-18 18:52:11.892,,,,,,,,,,,,,,,,,,,,,,,,,,,,,,,,,,,,,,,,,,,,,,,,,,,
2021-07-27 18:46:06.066,,,,,,,,,,,,,,,,,,,,,,,,,,,,,,,,,,,,,,,,,,,,,,,,,,,
2021-08-03 18:52:20.085,,,,,,,,,,,,,,,,,,,,,,,,,,,,,,,,,,,,,,,,,,,,,,,,,,,
2021-08-12 18:46:12.683,,,,,,,,,,,,,,,,,,,,,,,,,,,,,,,,,,,,,,,,,,,,,,,,,,,
2021-08-19 18:52:25.585,181.38493578670003,190.8879079199397,202.60241098023369,217.296596573913,227.9457971471729,,,,,,,241.21031862638853,235.97824223429492,,231.0153195682076,228.3041349638174,228.69756774424607,225.3558749722717,224.6995057180663,219.7090263571234,214.30487649885285,208.1302737419085,206.9138686599825,208.56657782757628,202.99350083978223,205.22491935285493,200.58832963854584,193.09628935281387,184.68316915558728,191.50395497101667,199.2352421473032,203.6082720000137,208.35844396248325,212.106218075214,211.81882203943405,209.49727962813148,207.65408567640367,208.1306940804731,209.3129238040501,210.808210872063,,,,,,,,,,,209.5639316149879
2021-08-28 18:46:17.184,183.9054480098505,192.14134106431828,204.176628686306,217.9302808061693,227.91161196870797,,,,,,,,,,,,234.9515880338085,233.7586416163612,228.7736559824509,225.05446634907807,221.38806693519305,214.7787211849456,,,,,209.9523264649988,198.92420184227493,191.6792755174792,196.92192505356743,205.1746457295318,211.3338135458124,215.46765646691136,217.1045689053833,219.56027681110447,215.4172807074674,213.3471217008379,212.1015682081342,,,,,,,,,,,,,
2021-09-04 18:52:30.298,,,,,,,,,,,,,,,,,,,,,,,,,,,,,,,,,,,,,,,,,,,,,,,,,,,
2021-09-13 18:46:21.546,,,,,,,,,,,,,,,,,,,,,,,,,,,,,,,,,,,,,,,,,,,,,,,,,,,
2021-09-20 18:52:33.284,,,,207.8899943779984,218.39332433716544,,,,,,,234.1066604770115,232.8931571710328,229.68393208079627,228.65245840550435,230.2338923131807,227.42745205354868,223.0514158525596,214.72069276498752,213.67169889701785,208.67182199835133,203.85126182726583,204.0690702075021,200.9741038753846,,,,,,,200.8837706321412,198.13546865631295,202.47330227339364,,,,,,205.09123319355396,204.85885075959536,206.4520405746694,208.8730067661689,208.4468314942569,202.35173994406975,196.98524197983045,193.20275263604464,,,,,220.39878269507696
2021-09-29 18:46:25.684,185.29061350333592,195.33956201959768,207.84030793756347,220.9093841661145,232.6463452382717,,,,,,,,,247.16737767605048,242.868351685396,242.42957207907247,242.9989338010302,239.8500152125605,,,,,,,,,,,,210.62715847837805,213.88325828646092,216.2503281517181,220.1518613902008,222.9751618967796,223.28882813135107,220.45297093208188,223.2834684804004,,,,,,,,,,,,,,
2021-10-06 18:52:39.015,,,,,,,,,,,,,,,,,,,,,,,,,,,,,,,,,,,,,,218.3917538806392,219.77574419982332,220.391882705076,220.17267051361617,219.52698431222717,,,,,,,,,
2021-10-15 18:46:30.175,,,,217.02070202436585,,,,,,,,248.6126299799128,248.3145237871921,245.95043618342845,242.24621960645035,240.23951249580904,240.74627324269227,238.40837054561945,230.92202819379932,227.79157373174525,224.58900361682777,220.293059383273,225.29992584020795,224.62557303074504,224.5483104268367,225.7277236977221,222.7478676759058,212.3496804020189,205.5987647279232,210.3294046298903,213.78474045708268,211.7249323666481,215.93959756744547,220.84148785186505,220.93848711877035,218.11682847117703,221.8824976532365,219.78488569429703,217.9783095276165,217.90393979204023,220.16069860239196,223.7474078938319,222.8961663747815,,,,,,,,
2021-10-22 18:52:41.617,,,,,,,,,,,,,,,,,,,,,,160.6125221164295,159.02662651584478,158.57550805312536,165.05546857839255,169.70639186957175,168.71536062754274,161.27132021585368,155.67596697140473,154.32322065509646,154.69744678465446,153.29606208803702,157.97963866420787,166.18704952696223,170.88121851026318,169.37140720344465,172.0271424253225,175.8175111831022,177.30330889754185,174.6844936304784,,168.8148601362019,166.40046983349924,165.63107910870698,168.8967907584624,173.9803625942816,180.96144338579825,187.7835465172286,194.2889157736757,198.00534227762037,200.0734902409785
2021-10-31 18:46:30.358,,,,,,,,,,,,,,,,,,,,,,,,,,,,,,,,,,,,,,,,,,,,,,,,,,,
2021-11-07 18:52:39.488,,,,,195.0852508759808,199.36748934992704,196.2591975330008,194.7620315630688,,,,195.01865780523008,186.6963627123631,179.89555343697077,172.66158044291632,172.44983444369825,174.316801511158,172.9019825545264,170.0720820061095,171.19895281171202,,,,,178.65561270801643,182.9151206752773,178.3955381486674,174.1340556633769,171.76172046130046,168.9775643217982,169.50350136510542,166.301668396807,165.81002937606263,178.0756379035949,182.51043455220528,180.7723700956224,180.60509565705905,183.0829522205862,188.17134919026043,188.00335385153767,182.7318931878825,,,,173.35735117014008,174.92150780856826,182.6592431893374,191.24698429341936,198.20148851047992,199.79058659235,200.3810192108244
2021-11-16 18:40:11.145,,,,,,,,,,,,,,,,,,,,,,,,,,,,,,,,,,,,,,,,,,,,,,,,,,,
2021-11-23 18:52:36.441,,,,,,,,,,,,,,,,,,,,186.5481476494961,185.95068736132896,183.07298515163336,187.4009515595964,192.64501500627009,193.73518715490357,194.79464185111183,192.4451443152416,188.33878560426683,183.0446155396876,177.95938568540157,182.76800803587224,177.89588353363996,180.835571183928,191.4948431248957,199.17629317636383,197.47559857971493,195.8606744632326,196.36188880298815,200.07902042362585,201.87859515772743,197.78571111026656,195.8982186400728,196.28942051543757,197.50116359268463,191.86835088922945,,,,,,
2021-12-02 18:46:26.526,,,,,,,,,,,,,,,,,,,,,,,,,,,,,,,,,,,,,,,,,,,,,,,,,,,
2021-12-09 18:52:36.982,178.52912363290136,190.09633217292492,201.5248102627917,214.92681024810264,226.53140492917996,,,,,,,,,,,,,,,,,,,,,,,,,,,,,,210.2375746085007,216.68852771485,211.35227674583223,200.23441032321608,202.8253299367476,206.39055651478424,203.22751729797017,202.4047773903203,204.0688354976183,206.03039457555084,205.69732908289487,194.1348856804696,193.2764263715489,198.2602416950245,207.4020602170518,210.41051752545735,219.3796867157904
2021-12-17 18:52:31.994,,,,,,,,,,,,,,,,188.2864926321632,190.34388009197852,,,,,,,,,,,188.43270269706696,185.7352574840845,178.09575450971062,176.0782237559428,171.89525248993996,,,,,,,188.4312998148563,188.69799618176455,185.0522117299351,186.1838612118252,189.59360944508197,191.02319269722528,183.41434532930745,177.1987036512198,178.90260911995946,186.6314936911414,,198.23291507375305,202.4892481706454
2021-12-26 18:46:22.310,,,,,,,,,,,,,,,,,,,,,,,,,,,,,,,,,,,,,,,,,,,,,,,,,,,
2022-01-02 18:52:32.409,,,,,,,,,,,,,,,,,,,,,,,,,,,,,,,,,,,,,,,,,,,,,,,,,,,
2022-01-10 18:52:29.710,,,,216.9606073323979,229.5755895224085,,,,,,,,,,,,,,,,,,,,,,,,,,,,,,,,,208.3546647215138,213.58361247299916,213.57393418199644,204.76352926186425,,,,,,,,,,
2022-01-18 18:52:30.845,160.07497551241872,166.79571183547304,180.51711769012184,197.03984843464303,208.5187601628148,,,,,,,,,219.85007023071256,210.2218462703006,200.73638284200092,191.36782937441336,,,,,,177.52425799404102,185.69670160921757,189.3128733079161,187.29587472527103,187.5972931378363,184.80271920656628,177.6473262994444,169.46376089647603,164.67145461026246,157.7597037546476,163.10441755895135,169.5970798223059,177.01014806564774,181.2725363383026,185.64403360037892,191.26042150180243,195.66123574696223,194.2098612967905,185.01286089587316,181.66156729678195,181.9366888983552,182.5545326426092,,,,,,,
2022-01-26 18:52:24.249,192.26281963007776,199.5955380142406,215.3176689605743,232.2927766495303,242.76023583366944,,,,,,,,,,,,,,,,,,218.0856172114173,224.0469002735806,226.7020327614645,225.6876754374967,227.7708015353063,220.711561955495,215.5499893371452,206.969635620212,202.7944612437257,,,,,,,,,,,,,216.2563697364552,212.44824148356832,207.0076314901388,211.3083823902229,216.92365542087057,,,
2022-02-03 18:52:31.597,,,,,,,,,,,,239.18489345289305,237.23899431915223,234.29486443950725,225.6906656005464,216.2333981555891,206.2643591798137,197.62819763806863,195.1207058486192,189.38773645554264,187.4195926477729,,,,,,203.1886751103981,,,,,,,,,,,,,,,,,,,,,196.21345951908216,202.31281526780143,204.76286564957,204.33582483511583
2022-02-11 18:52:21.582,,,,,,,,,,,,254.4193195355022,253.61513109693595,253.4520022723487,247.3897785396623,,,,,209.4235976185083,209.4436421706851,207.93807516827297,211.76075071352605,219.782835549136,223.2728901107129,223.19508158461093,226.1976282658356,218.5294901443744,212.8527384828124,203.5113108903816,198.23557524673345,190.10055792717563,190.89328085706643,199.3989863457245,202.2041791071403,203.3918005695276,,215.3923477950368,,,,,,210.68754104459492,207.92302429419615,201.65091009617208,205.414139337146,,,,
2022-02-19 18:52:24.557,,,,,,,,,,,,,,,,,,,,,,,,,,,,,,,,,,,,,,,,,,,,,,,,,,,
2022-02-27 18:52:16.976,142.19666234587294,177.48796568247005,195.73637935726697,204.09774571101727,,,,,,,,239.1948211956627,238.26614363324256,240.91001809444265,243.8353973843288,244.8944636323968,240.72078212047305,212.46149243408183,199.5280921709181,193.6660140576889,196.30142607470387,,,,,,,,,,,,,181.6334675492953,196.08513347101203,208.81640133151376,211.64412180429213,206.22732358159183,203.3072119408876,201.17883980900467,,,,,,,,,,,
2022-03-07 18:52:17.380,,,,231.66688677998147,243.05297217654277,,,,,,,,262.018799520334,267.108716748282,271.50872297594384,274.25781312900284,,,254.08344853172247,244.90722116421765,238.712535857678,232.45938082631653,237.8057116271003,241.28227231207956,243.75709602242432,,,,,,,,207.799090588084,219.3351493533504,229.6636535625324,240.32252248784263,,242.9427961949324,235.23519870463173,235.47225155668625,237.61838723884455,239.8230099432172,239.55242790854487,238.5367207966069,235.28078446569117,230.0046265262152,226.78927033846725,225.78438151601264,225.62815402703563,229.39894576036852,231.01193765796648
2022-03-16 18:46:05.639,,,189.2152241269165,200.7451229998789,210.1196962630786,,,,,,,225.94649997689905,,,,,,,,,,,,,,,,,,,,,160.0906444315245,172.22113903495,185.25534112824664,190.44579954227777,194.1352961541853,198.82701171779237,196.86762426093895,194.2168681559771,190.7860061336943,191.64677062579247,192.0483047637138,193.32078528524391,191.547076719666,188.2493554097974,186.9560277946385,186.3437734313472,,,
2022-03-23 18:52:13.828,,,,,,,,,,,,,,,,,,,,,,,,,,,,,,,,,,,,,,,,,,,,,,,,,,,
2022-03-31 18:51:59.747,163.33731325426783,170.24305630679348,184.16266555677527,193.8486266198461,203.6036831140441,,,,,,,221.84167757825293,223.80242626657025,223.1615812069263,224.14742144664837,221.1697643034276,216.8988312247675,207.4467271977443,202.181353563636,192.43557575275864,186.38631367442025,180.96633289087356,183.83447472742424,186.9994137647701,189.75994417505828,191.06666885643892,192.71096490649745,188.6276452427213,180.23760637738164,170.66465351999022,165.43461648371763,156.91660194079188,155.8521010030857,167.4022321609335,182.27420509577928,188.21674284082255,192.05748385896783,190.2522905670303,191.9051027763064,191.1283539715268,189.0368912364326,187.66064987737775,185.61998855247737,190.96390090535817,190.4558826740012,186.723518780376,183.99599119814096,186.3705770033956,190.8294230134645,190.4397171140656,193.4476789702353
2022-04-08 18:52:10.470,195.80854420590128,201.87280367987952,216.9508976559879,,,,,,,,,254.6447859714288,,,,,,,,,,,,,,,,,,,199.0939767987628,196.7061301797721,199.4127032117167,,,,,,223.5138874027508,222.2851904427832,224.04052934028036,225.49153672511696,224.0120643453164,,,,,,,,
2022-04-16 18:52:05.642,,,,,,,,,,,,236.6202100886756,245.0260707678409,253.27759126046269,255.598788654841,256.3977898896792,258.60038567939483,259.8149394175198,,,,,,,,,,210.99822077426435,206.49343021993693,200.4306774235372,187.39557821769927,170.9261252156757,169.38508040881038,181.6778270186871,,,,,,,,,,,,217.00452348810165,215.04715508689583,205.1594127349911,196.16829698222128,191.7040858411411,195.1942775877737
2022-04-24 18:52:00.949,,,217.911157913404,229.2254510226916,232.79222869403,,,,,,,239.42820850907984,248.3980028934204,256.4142229722828,259.5599947228079,260.4441110883365,,,,,,,,,,,,,,,,,,,,,,,,,,,,,,,,,,,
2022-05-02 18:52:04.067,,,,,,,,,,,,,,,,,,,,,,,,,,,,,,,,,,,,,,,,,,,,,,,,,,,
2022-05-10 18:51:54.681,191.51604485902908,200.932732842018,,,,,,,,,,,,,,,,,,,,,,,244.4055340811015,239.65729528052975,234.0722107040752,221.96703841549515,215.30205239816783,212.67098479845876,206.6848630004964,191.00964173320648,,193.61314613201583,204.27857212262185,218.8056241739965,232.45448639726152,243.4257224934529,245.6060265556968,,,237.4779545247522,240.11245177059405,236.86158774457647,232.2059352756096,229.49580077027147,227.0821451637552,,,,
2022-05-18 18:52:12.101,,,,,,,,,,,,,259.3772797970901,264.13583723843453,266.93371230429005,269.28966614318244,,,,,,,,,,,,,,,,,,,,,,,,,,,,,,,,,,,
2022-05-26 18:51:45.600,,,,,,,,,,,,,,,,,,,,,,,,,,,,,,,,,,,,,,,,,,,,,,,,,,,
2022-06-03 18:52:17.558,,,,,,,,,,,,,,,,,,,,,,,,,,,,,,,,,,,,,,,,,,,,,,,,,,,
2022-06-11 18:51:49.755,,,,,,,,,,,,,,,,,,,,,,,,,,,,,,,,,,,,,,,,,,,,,,,,,,,
2022-06-19 18:52:27.994,,,,,,,,,,,,,,,,,,,,,,,,,,247.0846460028225,,236.03868909808733,235.4842400341044,233.80929736101535,218.08218984554296,214.3152921813897,228.6201826126857,235.34164663214037,233.006938642092,235.91325836952828,,,261.95206270098674,244.27882695447397,232.86674071070595,227.51280343119683,242.90199688326675,256.57150315029594,,,,,,,
2022-06-27 18:52:08.474,,,,,,,,,,,,,,,,256.6944698229943,257.31878462990494,258.323891250426,258.3099361370606,249.3184574886561,241.8870268010117,233.64465130787423,233.39092223012716,233.06392445548173,228.6568962210244,221.90304834083676,209.10021298726605,205.58129783938824,200.6019375081138,200.22260241847613,193.79240734198527,,,,213.31796264695984,,217.9983745041567,,222.95701854056117,208.868488319219,201.42799903496692,202.09529139735164,212.0650670777448,222.0311404939128,221.4333334815666,217.8178758643975,218.03813973314124,,,,
2022-07-05 18:52:30.207,,,,,,,,,,,,,,,,,,,,,,,,,,,,,,,,,,,,,,,,,,,,,,,,,,,
2022-07-13 18:52:03.537,,,,,,,,,,,,,,,,,,,,,,,,,,,,,,,,,,,,,,,,,,,,,,,,,,,
2022-07-21 18:52:33.959,,,,,,,,,,,,,,,,,,,,,,,,,,,,,,,,,,,,,,,,,,,,,,,,,,,
2022-07-29 18:52:17.743,,,,,,,,,,,,,,,,,,,,,,,,,,,,,,,,,,,,,,,,,,,,,,,,,,,
2022-08-06 18:52:43.966,,,,198.03634858032385,212.29280594252492,,,,,,,,233.02456980553467,243.1737325955344,247.53530423835863,245.7911294216049,241.1010288338044,237.73454661914275,231.1469943220557,,251.33437974476735,,245.92088771101493,,,247.8143628196874,244.55328234610693,238.17407630749253,225.3761511072224,221.40480739255045,214.0194023598349,215.7792274505296,213.9492973007004,218.82808715376308,213.7007291669709,202.1791316257413,212.6222753847468,246.52414710198957,243.2197924848499,233.84403946587025,220.7668342696434,222.7355712741536,235.31067038155769,226.4837858364252,229.35598980765684,231.05268294792288,226.19434923225816,220.98007934751,219.40938450555183,217.02267356634255,213.5072260082411
2022-08-14 18:52:27.201,,,,,,,,,,,,,,,,,,,,,,,,,,,,,,,,,,,,,,,,,,,,,,,,,,,
2022-08-22 18:52:47.803,,,,,,,,,,,,,,,,,,,,,,,,,,,,,216.900736481322,209.29107280032235,206.5723587747735,201.5316513628864,205.13238320559125,209.8322671366182,212.70554947247317,213.14446581538888,226.0124964313729,231.497750368672,228.3002013099049,222.08429777523625,213.0656925752808,219.0175355918644,231.8858908115551,236.37647668246797,236.48216387938336,227.64183825197472,220.43927412762972,217.7916279345073,213.89907852467525,213.07054858270848,215.35310963107372
2022-08-30 18:52:29.728,185.97696687118304,199.53249264094643,212.2251176050068,224.14678761660693,233.68887686363087,,,,,,,261.0071590352568,263.03694479096606,267.9031660475372,268.3917479290872,266.78566721375887,,,,,,,,,,,,,,,,211.61073167079223,217.8530415867617,,,,237.8255979852925,245.32410907775093,240.65084218684055,230.52582362463573,226.1158368175284,229.60360417393937,240.1029321000067,244.70550644509208,241.316025084406,235.96471001101463,,,,,
2022-09-07 18:52:50.194,181.7225633401333,192.66174246405677,204.64711905284145,218.48654840890867,228.5616008069244,,,,,,,252.74699894392137,252.72595055218773,256.04460674862514,256.6102996188761,255.2250869647419,256.46674275624315,257.80629060257206,,,261.37904845845395,251.87359870611172,248.590228103016,251.59299909893787,240.5656986929894,232.6765323720895,231.44213851212535,226.831252884171,217.86190068102124,210.20157327629096,205.2217163643388,206.3226334551525,211.2850136434361,212.31432504157044,212.9302337612151,213.11782288595492,227.5414453215645,234.0756450533902,231.07846917652384,223.0269264369662,213.5228986332685,217.67887826810647,231.45357899521957,244.4188341987612,240.3265246970132,236.7121121722136,225.6477907447974,221.291385283859,220.9856231925682,219.11577482032968,221.3973006495285
2022-09-15 18:52:33.228,185.37017000113516,,,,,,,,,,,254.10384530854284,252.744967044124,255.89427481600225,,,,,,,,,,,,,234.78356578602728,228.21772390468317,219.14285556435416,213.34615374169204,,,,,,,,,,,,,,,,,,,,,
2022-09-23 18:52:54.625,182.6294667138041,191.930964671106,208.12997132121623,225.4904187596412,234.0813964938139,,,,,,,256.695918135909,,,267.4850137693595,,,,,,,,,258.9327822455623,241.43166157221708,235.60033487179552,237.67463388688347,238.0639681161849,226.77214372268745,215.18005602661472,210.3160218569037,,,,221.54767137285643,228.1905552331937,235.0468626269381,238.24312967391955,234.3097934895732,229.1203037925113,,,,,,232.7428383768236,231.1181074604717,226.74891139948843,220.8138316916903,,220.15307886025403
2022-10-01 18:52:37.106,,,,,,,,,,,,,,,,,,,,,,,,,,,,,,,,,,,,,,,,,222.34509956346608,221.44006330009708,,,,,,,,,
2022-10-09 18:52:48.746,,,,,,,,,,,,,,,,,,,,,,,,,,,,,,,,,,,,,,,,,,,,,,,,,,,
2022-10-17 18:52:42.454,202.461286581304,210.436051656076,223.40023837971324,234.9425846578834,248.36429601923803,,,,,,,264.0607113274665,263.538848580782,263.5142335004711,263.19947433313973,265.5946927595752,,,,,,,,272.2522402836594,259.3715206959034,246.28982041466423,246.09203918338468,246.60734250297585,234.76715640542315,219.8340701389215,216.60872375593624,220.2607876130541,227.8933286869447,233.28273297091272,232.08852939390596,241.68182031840965,,245.9391116032494,241.8945742434095,237.61933395806824,240.82341427677167,243.7366882650068,244.40441354814283,247.2913252248617,244.38934117066344,238.3359385315025,231.0117383576618,227.33790213306068,229.8929509426594,237.23636704150277,241.78669583555788
2022-10-25 18:52:52.738,,,,,,,,,,,,232.42086795539356,235.19480464199827,235.9351976908597,234.1978838116072,233.187560029998,232.6339509172192,234.26218175706757,236.28976993235543,233.65813956607548,229.12684625257293,222.4633429580637,,,,,206.2226104451173,200.6067575709029,,192.6280669573181,186.76553520702603,177.2580884469009,184.07703279689383,199.6826775402709,194.30350707018715,197.2588898358037,201.4042441441496,213.16965542319485,208.1977240954995,209.15433505950983,194.5615850985588,199.73320191907692,205.99306759158145,204.52030701200675,204.99308316534177,201.2583027435551,201.19643467843875,198.69189451893448,198.31303169967453,198.1161134785458,202.79248894794063
2022-11-02 18:52:39.999,,,210.1783199186618,222.9424584285317,235.4135954639811,,,,,,,,,,,,,,,,,,248.88796881064977,251.27457845155837,244.45966098829808,,,,,,,,,,,,,,225.5504160435281,220.9671829349112,223.26932456312463,226.77707262613995,228.48513041788817,228.6686573454568,225.9396006316855,224.7433767011217,222.867327030562,217.69079954064492,219.13070916240912,223.20498044959407,230.68982062205436
2022-11-10 18:52:51.647,183.58954235649287,186.9354720026791,198.40518031901863,214.12868994479703,226.375598036016,,,,,,,240.1109976890505,241.15727391049563,244.8001586474901,246.6331381944701,241.40197489334756,242.60058480218964,240.4353350579236,241.2045093595362,238.53591678341405,233.47724931398025,230.137394102219,231.3077702489013,229.7215150349319,226.1730938054088,223.6387418248132,213.2929688587084,211.9639276256923,203.3649199346541,196.13860843866965,186.82384463777183,189.87799487144545,195.01142140081168,203.0212411469581,207.5301542791198,212.0777811333573,217.04714843920345,215.78163982274543,212.32597310971065,206.4723098650593,207.53572050780588,212.2981887047772,212.5805874384732,212.98515171839423,211.32490445460604,211.57914263203588,210.27194475861705,205.0536753852221,207.94340868685367,209.35513023463128,209.5257935614768
2022-11-18 18:52:43.922,198.42525303156737,203.42975540478608,218.97477472119112,232.2888425934216,242.9028206936103,,,,,,,249.176468534132,254.47986974388888,258.11770502349566,259.1902878524174,261.85038545465136,257.3914796213609,255.650989935948,,,,,,,,,,,219.59501271143083,,,,,,,233.26697976551517,235.9081596802077,238.9018745705312,,,227.58757988359324,226.29091400571144,227.9165274017288,228.7922038936371,,227.9633378767844,224.7405875645447,220.67955179582287,219.9379199931205,221.6267250862044,229.52908137872544
2022-11-26 18:52:49.082,,175.9881346613819,191.35371188758887,206.82591235912403,217.1000197564544,,,,,,,224.97315342528964,226.33575212634872,228.7967794520662,226.2652222141422,,217.5850855823456,214.95665002972845,210.74388943142853,209.9797987255718,210.4248331450224,205.7504558014047,201.91833378274572,200.53837522735785,207.04763121195657,204.4621075194536,192.48881331034573,193.2804762587033,188.22522853800024,176.5530802239935,174.530431814746,174.56891333705005,176.1958517172063,186.24629088854448,194.14579760273088,197.2160282431864,204.2771993910882,199.1203629025647,199.92860623485183,196.6952797348809,193.1607502941449,195.18333260499017,195.9875835249668,197.4870260647612,,,193.3727504255853,194.17574422668065,197.3128498895501,,188.51394185071803
2022-12-04 18:52:41.177,183.449899287874,189.38251881170092,202.4930831539396,215.1426525089572,225.839830435014,,,,,,,232.8084968195361,233.91322493686772,235.9651574886315,238.63407542486297,239.37639331214015,238.89764814220857,236.10577851939996,234.23111283647685,234.4947636637267,232.610186643004,226.11863826632597,227.42837524117292,226.82904748033823,224.7211545500477,221.3191931105928,213.96474765977945,207.6954029423541,201.73478958105997,192.90436825716876,190.1960237087255,189.76558090679777,193.39879521505625,200.33029445852003,209.701059288285,214.8022077329398,218.73389450307312,217.22672749986543,212.33989236915625,207.36402090781976,203.6088121216215,206.3733509945484,210.865464231944,211.13830977282663,210.210194109906,206.47130839563656,204.57443055235635,203.78976903770752,204.99430696777912,203.7693216506093,208.81163932159967
2022-12-12 18:52:46.251,168.52803170959032,177.64493526364527,193.86922421913076,206.4003048998522,215.56691700506363,,,,,,,,,,235.2215386997024,235.19449723426607,233.90294873644143,231.8879586662469,227.26628525239235,,,,,,,,,,,,,,,185.19934567616852,,,,200.80044687252465,199.621214121828,195.66902171786757,190.8101082907496,190.48563758087448,195.13170239741757,204.89542430051088,201.62769651411529,197.1777270694612,196.7629982885292,196.02405578037852,196.7781161026586,200.4208987533306,203.85782602161916
2022-12-20 18:52:40.487,,,,,,,,,,,,,,,,,,,,,,,,,,,,,,,,,,,,,,,,,,,,,,,,,,,
2022-12-28 18:52:40.180,171.23403935966397,179.10366892763489,199.53499845358888,212.27890666428755,221.5986267129396,,,,,,,233.77279606195248,229.72665531515017,227.79786330761385,232.23925113141556,235.13716400771145,235.5004477830176,232.80761628817504,227.60120912987225,226.3829404421344,229.03418109352285,224.71246922474583,228.60128947988056,221.6677548469436,219.79036921598632,216.0582163141633,207.3223999174329,199.09827190064289,196.0530715261978,190.7186369714779,184.1720790181994,178.9920154161421,185.6736108271681,193.2610826071625,205.703756840648,210.0383108997881,207.1939824669768,208.55423215827884,209.1772577554126,203.5650355004019,195.56802457771616,198.19193184455565,198.64644781066156,200.70167582189637,201.4976996378813,198.40486421130257,203.78241039522675,203.99162282975252,208.5753251496341,206.154774632042,208.6399453867132
