Time,Tran1,Tran2,Tran3,Tran4,Tran5,Tran6,Tran7,Tran8,Tran9,Tran10,Tran11,Tran12,Tran13,Tran14,Tran15,Tran16,Tran17,Tran18,Tran19,Tran20,Tran21,Tran22,Tran23,Tran24,Tran25,Tran26,Tran27,Tran28,Tran29,Tran30,Tran31,Tran32,Tran33,Tran34,Tran35,Tran36,Tran37,Tran38,Tran39,Tran40,Tran41,Tran42,Tran43,Tran44,Tran45,Tran46,Tran47,Tran48,Tran49,Tran50,Tran51,Tran52,Tran53,Tran54,Tran55,Tran56,Tran57,Tran58,Tran59,Tran60,Tran61,Tran62,Tran63
2017-01-16 23:42:16.352,,,,,,,,,,,,,,,,,,,,,,,,,,,,,,,,,,,,,,,,,,,,,,,,,,,,,,,,,,,,,,,
2017-02-01 23:42:09.458,,,,,,,,,,,,,,186.6121395530589,,185.93785793914685,,,182.65084507631556,,,,,,,,,,231.9067316227176,,234.42145106548918,,,222.14593547755084,213.3313202734003,205.7929567086219,199.18701531462833,195.53452825820654,,,191.92065415211744,205.57743665982252,209.09447420761236,224.18341290036807,216.06080342369472,,,,,,,199.40804051979595,204.92486906879986,,,228.3894665891333,232.9570283929869,,,,,166.0055774097414,170.15426447612833
2017-02-17 23:42:02.861,204.15681085583583,,,,,212.93030133447314,207.06388559074458,,,,,196.49267956945482,193.75878677518986,188.60311716609468,188.71066048648282,,,186.80334955737797,,,193.93348938573675,199.74152874386294,,,,,,,,,,,,,,,,,,,,,,,,,,,,,,,,,,,,,,,,,
2017-03-05 23:41:56.237,216.65046349857244,215.44026255568775,,232.8740909193187,232.48399430999615,,218.9646906464543,211.91506844577904,212.43380490477907,225.1213315913601,,201.68544358581136,206.87427666049305,199.02546357634623,196.69377160180935,198.84467941891913,196.62146129964756,196.78040163747187,202.4475476551974,205.3969494102811,207.4463489169409,208.10292916678551,208.66717801408026,210.4262249753573,,229.80397236344518,226.63051367089682,238.65646007409129,235.06016699480665,236.16693827140563,247.40168453073082,257.80115786168096,,232.9106609391178,221.19875315635647,211.88681657110303,203.13007154251812,201.78519923202177,200.22374971727757,198.44352937356254,203.87308335458528,211.0344591107574,222.0077830345888,228.03526661529045,,205.45321402820304,206.2763364279283,206.4485709405203,210.47062756853842,211.16407144227645,,,,,,,,,,,,,
2017-04-06 23:41:39.221,188.3786246034881,184.99905352273396,204.7140305693008,211.89287724372886,210.76454880253016,207.64737829105846,185.68360277350985,193.45583554124914,189.62381505633476,198.10690626440447,199.07620789163246,185.7929709415332,184.66866934573096,178.02342393119926,175.73263586587606,170.6282705743591,170.60019116630303,170.1605907339416,173.01479570643835,171.1429644955351,189.52758290357573,180.66791959714448,186.35759107823964,194.89411357243162,198.23482769425277,205.84832840507949,212.08670794039358,214.27388853600155,210.47841470063437,221.91026880226528,224.8740915000031,231.61405435232214,221.02419090825384,208.91777744194755,196.60151727296147,191.52196425072307,186.97070260083916,182.51509500564842,177.4846760448479,178.11487992130088,189.06622259101556,198.48606467823384,207.59006421111476,211.86753412692272,199.7288706760056,194.43078407383447,188.01523076298238,186.65647804847003,192.34772592124128,193.45993087665335,189.6127397634747,196.312172573274,200.38821733305292,201.42208774190027,219.5036646825357,233.3984207227235,236.08486506525517,221.0918832267143,193.6749159727126,173.48697097319388,146.92507558054822,154.16343426418138,160.76901479159582
2017-04-22 23:41:29.619,205.32797354740288,199.29659517366957,212.40071074349754,220.27403777281566,214.96852457140835,211.69122555898798,200.22951755602935,198.93014120601003,207.91229720881466,213.9016949903014,215.48499241818666,199.4997732295657,197.88559544456922,192.03360423367894,188.07549492845033,188.92624120469338,182.07390388035557,182.5134530048527,182.31313460815625,189.1070783564336,192.48269517737654,194.51466353964838,198.3611816829746,207.27287909997003,212.81258878958036,225.21653095660622,224.08970325595664,223.59679241650386,223.34156978535293,229.4637999238003,236.32663648970907,240.1396862151043,232.12417246886147,219.62577753139539,212.0420953373506,209.7690234720659,198.64025225550103,195.3473528185736,197.96003924751767,197.8348988042359,206.05375115206107,210.13439110244002,227.81195424092826,231.54762118328375,218.85067298082276,217.94390884662243,203.25872053621907,195.49410741318326,197.28412781263987,192.15848072928424,,,,,,,,,,,,,
2017-05-08 23:41:28.610,,,,,,,,,,,,,,,,,,,,,,,,,,,,,,,,,,,,,,,,,,,,,,,,,,,,,,,,,,,,,,,
2017-05-24 23:41:39.726,210.20442266780367,210.38647375114567,216.04958646167958,216.80438085216167,226.42203896425497,213.18538532288227,211.68255452390002,221.49940200634242,214.37721766705752,222.35429887580142,216.38259910565546,206.1542788389511,204.4306863710845,199.5748177332946,189.22443289523312,184.57807407175562,188.8044899775924,183.39788136295235,186.94645438549293,186.7092618111803,193.36976721893564,198.5177268312549,202.15104745359366,207.0788415456225,209.98859658052973,221.13480634232113,221.61231896906622,220.39668912133317,222.2100425779128,229.99581947692286,233.4606966723498,242.52893621928467,231.79959268752646,217.30522645862453,205.24271306798045,207.98692095126188,199.53557975944847,193.40717503469983,193.4036339645047,199.15921827728613,202.29850832246242,209.25606564785576,227.18871558788408,236.025947780745,221.2812968296019,213.24332001334744,200.11183921167873,189.12000194751693,187.851502192953,182.46001502537794,182.47802832971365,181.32288339729024,181.56919163033984,192.91803027149894,199.34646985908728,223.097745722363,227.9031512433897,207.79300099465803,184.09086371579173,198.4529499194354,195.7231327455372,190.053350016512,
2017-06-09 23:41:47.681,,,,,,,,,,,,,,,,,,,,,,,,,,,,,,,,,,,,,,,,,,,,,,,,,,,,,,,,,,,,,,,
2017-06-25 23:41:52.935,202.19083830978636,191.22720038386058,201.80912651511915,211.06024043543707,212.10548465591282,207.00037919176822,190.25216376918453,185.7213908045815,186.2547660688749,191.73264252012865,198.17006477737323,187.3843521817683,182.69006142763956,176.24259201706204,172.38870014210045,170.00708225357477,168.4143014490149,167.76756537723227,173.92947002723878,173.7873176082069,180.55215559518814,183.40155027075497,189.31898242191,194.07931235745377,194.97860244364625,206.2400202254711,210.41959749075835,211.35081935383766,209.11493998992944,217.05175906865404,217.85559592481712,225.35206607386823,217.2412476840796,204.82743455857695,194.1032639272404,187.8085270250664,183.3878815790612,182.77885928412837,176.9256318448427,176.35895201121423,187.66716015279522,198.68218182221892,221.1413131316342,225.89806158624393,206.24620730013964,199.3876374507564,182.75292141431098,178.19230888694068,168.25360199410866,174.0044906358936,172.31021802113275,170.5933012681339,180.62967367807786,195.8839991675273,206.21065988441458,241.24805351710802,237.68802644643722,213.19053709244486,194.25892185585104,172.57569652160498,166.088175548087,161.64999339623625,167.14257025830008
2017-07-11 23:41:55.703,229.28115642538285,224.04799762289298,234.08366354907832,238.93991918693513,,217.73736585442225,226.13111892115137,217.38073544273436,212.90302790988437,218.0859093519776,210.59499995634962,209.22135065670003,205.2868717159543,200.94742522991876,197.59987458908586,192.37363595525267,194.8570424214505,193.9311397278526,192.82242037384287,197.22969948180227,204.5898422034411,206.80418545256939,205.2448940754839,213.9050910483719,220.3686975352562,228.44137774622584,229.82970999953852,236.06630154983145,230.16738996050896,234.45592280979946,235.9079339038094,237.94834050834118,227.5455799053634,212.9941538299051,209.62508138643352,199.99836124217745,200.94142587095533,206.309293573649,207.46052914403168,217.6026127109678,221.02236922917984,229.3465520706631,243.87080493291546,241.20832173953988,230.99444690064155,216.79040269563825,205.60001065983417,202.82640011666626,188.9691903186532,191.01678572342303,192.6612340051125,192.5583665843425,199.31487583306404,211.462143225079,234.85616625387067,256.69393445420445,248.73598095171187,233.52174754241847,207.6618263639458,184.11017484190884,173.2924513046855,171.27722719584867,179.18875280572192
2017-07-27 23:42:03.388,,,,,,,,,,,,,,,,,,,,,,,,,,,,,,,,,,,,,,,,,,,,,,,,,,,,,,,,,,,,,,,
2017-08-12 23:42:09.596,,,,,,,223.8211186566976,217.90339578607387,215.69490060158245,214.08962953311183,212.2896867305104,206.2928676075564,202.84787445630604,202.2230464529547,194.88939111194662,191.2756307313483,195.02526911384882,186.54189517417646,186.52780033343572,196.42562802036142,200.6686144698954,197.96675491544104,201.04366387425455,212.69641201320513,219.83460876759318,226.4496611531526,231.45730939713252,228.59725979240065,234.24655153414872,239.00828312894856,243.56068070211978,246.55901148423737,238.89239933550567,229.5769202640161,232.00057273358013,228.44086445354145,222.0767971047917,217.60817422178133,211.1888319459485,217.48895330168637,219.40320486087597,225.68308307924897,233.90860037954835,233.47207405291903,223.1801268560447,212.44278241379936,204.23191101965512,204.23534829736218,190.2899618623009,188.3431050455394,,193.08964088777387,200.9076881444795,204.34839838386304,,250.5471783464015,243.85972526952267,226.2806609988939,197.3427213765522,175.93270589023308,162.02801691759578,167.41386666959386,180.46316822048973
2017-08-28 23:42:13.299,226.48989962056248,216.46599237046598,229.28583275901838,228.30849904159777,227.9918126432555,216.06643450433364,218.26852515194003,212.37833593043686,203.11890166105948,208.53369965866378,204.0879004464263,200.61728623063868,201.29287386184737,196.6276878241116,192.81399783620736,189.60855133329017,187.84921841270955,181.31019431971666,183.69299886736172,193.48912023066958,194.08714519494123,193.40403952813836,203.8692197022438,210.70215379827823,216.16339821614565,226.7657162501436,225.569686504765,227.59916863067664,230.77945952636082,235.4823600543948,240.09636729126868,246.7158187944052,238.1792384834652,232.89717666161908,225.3200315480263,217.04482925429818,208.61112686351015,208.01364375000935,208.0539700339836,207.0348922516311,217.05393456610435,220.31478566055767,229.66127960103452,234.7134506295521,222.25769806845418,211.8450884423713,207.2438998189832,203.61711085873768,191.31980003435302,191.30045713210518,190.3186220215286,193.4314891675923,201.29806761750126,196.3014226373727,,248.83747266675647,245.20200814420866,224.7315961885772,194.11245013844444,169.6774690222924,163.14271806449636,162.0026755638881,180.3662155551226
2017-09-13 23:42:13.694,,,,,,,,,,,,,,,,,,,,,,,,,,,,,,,,,,,,,,,,,,,,,,,,,,,,,,,,,,,,,,,
2017-09-29 23:42:21.034,233.13355263682342,229.9817196378204,245.42748971526814,241.1188875009333,235.27050297114545,221.3577327217036,,215.15983450573805,206.38376332335642,211.71439172767361,222.70261103154917,208.9200273503954,199.80690402819346,197.37753947226332,,194.56416009322328,196.0397442100305,197.06285908812947,194.43397071553932,200.9251703284337,,,,,,,,,,,,,,,,,,,,216.18345773068484,219.77596214486232,222.93759859044465,,235.5665426269304,226.52405084274997,216.65273945334874,212.81662022374502,219.72092718563255,202.14404567540356,196.37160807125167,,203.20682916248404,203.28987453395314,199.10656581119616,228.72276522067318,248.35372723092416,253.59241793904854,230.79124541814258,197.47938308058968,201.5136836015924,211.26144056377854,219.1155799617601,222.49910220312938
2017-10-31 23:42:25.239,,,,,,,,,,,,,,,,,,,,,,,,,,,,,,,,,,,,,,,,,,,,,,,,,,,,,,,,,,,,,,,
2017-11-16 23:42:21.636,,,,,,,,,,,,,,,,,,,,,,,,,,,,,,,,,,,,,,,,,,,,,,,,,,,,,,,,,,,,,,,
2017-12-02 23:42:16.183,,,,,,,,,,,,,,,,,,,,,,,,,,,,,,,,,,,,,,,,,,,,,,,,,,,,,,,,,,,,,,,
2017-12-18 23:42:18.881,,,204.44868410500823,,,,,,,,,,171.42216148073285,,,156.8557967962536,,,,,,171.1812243824994,,184.91152048891684,,,,,,,,,205.98682370543986,,188.2602431715003,,,,,,,,,,,,,,,,,,,,,224.37428773588363,,,,,,,
2018-01-03 23:42:15.504,,,,,,,188.94735939453994,186.02395183902024,185.53869416362915,182.6636224998337,,179.11528905575807,170.502013654289,170.3091718024756,169.3378481024622,157.5988324776088,,,,,,,182.25113845218846,183.0262365696999,188.87281989447462,196.00806631189954,198.45762917254748,197.85117520024852,200.98034074209767,203.05931940658482,203.64849454847675,209.61766692663338,200.44047933795355,188.6524548437955,182.30001760578344,181.23424643280015,178.35933335068893,183.5463275502721,180.09267825902833,183.72802639941352,189.9929030766649,191.04363284310858,198.23001977221543,201.90442290269772,194.3235028569498,185.38856460233853,180.65446895494617,178.10157667633004,163.10681926989258,156.9302908841977,163.01159500506577,169.76536182055804,178.99494857076147,171.28277311400615,,218.48989997476892,227.38028064645016,204.3412743291581,184.38288523517895,175.00868598651635,159.13174551238154,162.24741109795724,161.64402025751278
2018-01-19 23:42:07.913,,,,,,,,,,,,,,,,,,,,,,,,,,,,,,,,,,,,,,,,,,,,,,,,,,,,,,,,,,,,,,,
2018-02-04 23:41:58.964,198.9599151829708,192.1004249305828,199.43352666183796,203.52031474559786,205.4520076351373,194.32434537998907,189.92789463899717,183.53651193070888,182.87043861157332,186.59589268394274,187.75362351077322,169.11742181243503,168.19338671846327,168.3117720741064,167.06772782012604,159.6930562137843,163.80952282458588,161.79283911863163,164.25954653194108,166.50897306496813,171.3479210322837,,,,,,,,,203.89216786136524,210.13879782663685,224.30395388419396,218.83359545132703,211.32297004026768,200.41342811803386,198.92648406690265,183.22649437974462,182.18381520321256,176.72745777855988,173.67840069389686,171.18811887674747,171.74562391086565,195.15407831956352,205.57291291355267,207.9218894381718,202.58500916638377,195.58664399555704,189.5012242017643,185.8566460774851,181.68706299020178,180.89683302828323,182.89411843760553,185.7959550123747,184.55590350657664,185.91718599589177,224.11840252540824,234.78522428354373,213.71460901824398,200.13332807918988,192.9758756100963,172.76978755816702,168.61596900652685,175.17243263971594
2018-02-20 23:42:17.415,,,,,,,,,,,,,,,,,,,,,,,,,,,,,,,,,,,,,,,,,,,,,,,,,,,,,,,,,,,,,,,
2018-03-08 23:41:45.147,,,,,,,,,,,,,,,,,,,,,,,,,,,,,,,,,,,,,,,,,,,,,,,,,,,,,,,,,,,,,,,
2018-03-24 23:41:37.496,,,,,,,,,,,,,,,,,,,,,,,,,,,,,,,,,,,,,,,,,,,,,,,,,,,,,,,,,,,,,,,
2018-04-09 23:41:29.447,212.2668427714221,,,,,,,,,,,,,176.86683451913188,172.21939186883702,162.66961478927595,170.10506349483975,182.61502773887543,184.47497856982585,176.48893936942002,179.3343037340581,184.00675052799676,190.79380978926224,197.3533709951627,203.24531405564161,214.05600068209412,212.9479569867336,211.7654023911923,,224.50838372053732,226.96848287912889,234.31846292024986,,,,,,,,,,,,231.8020726350004,,,,,,,,,,,,,,,,,,,
2018-04-25 23:41:20.171,213.26628450197293,212.5023933865566,216.86603784471922,223.70863386767851,218.57944719091307,198.3976086459105,206.62441737459352,194.50629766344161,190.24783644902243,198.57284041550957,200.94456669389643,189.28561543788834,182.4991849779362,182.34639119975898,182.96631108452488,183.1071216837984,187.64494679598937,187.42940044197454,187.80255255933548,191.4415921463775,185.21098983226545,191.26212994822833,193.07099359762915,201.76903951772243,202.70862871857378,213.9971277455146,214.0468433156613,210.44394817995018,222.1353620595176,213.72542022703146,234.3291527195263,229.34573460355838,226.4723017568021,214.44911490730152,211.30851239315183,208.94057380978438,195.44462971516526,192.36339404040933,194.16733566161935,198.00565060596622,196.2798380300626,209.18109644586394,224.75467153450563,233.66309894171917,223.16887461890266,215.7824130610758,208.47051304131512,208.23050012731107,203.18557263290847,197.2995275128924,208.91205407835176,216.47659945020354,,238.4893976010029,248.8595093236499,262.7262720042011,255.1432778683533,227.37186803629268,,182.5300895278222,177.26492172377738,211.82094516242105,212.64365463438625
2018-05-11 23:41:10.521,232.0345500379456,210.72481458198257,220.5555037011697,225.38995903128207,213.63458169700274,198.95079677263314,209.80480666555917,,209.22261779411764,227.49611691770704,222.23750290089174,212.26666512110427,205.98626665457653,199.41505588438275,193.77888170491428,188.92063531379682,199.04009990028223,194.26902322368306,193.25569797962157,193.0178261389284,186.15158529337083,189.54132604904152,197.94770988590642,191.50938089339348,200.83829154691404,212.2928749267632,208.54603876972368,218.9208044118306,,227.06980624159482,231.45644818576665,235.5803640539601,231.25627621005697,224.15042516399132,224.4822291592626,210.56868913915002,204.4998997450167,201.05202691253413,203.6721382082625,208.45368311432057,208.85331379910886,220.02775828258862,230.3654887764418,239.95758884274997,232.32802802761606,219.58924721269736,215.8727259325079,211.0783757360547,202.8933916912402,213.27752614752825,228.21477384721376,230.4327239848037,229.4371588917079,231.93861982565778,242.87206864799788,257.635792842402,257.8996032437235,234.94386196906186,206.18814445837296,189.7790994213945,193.0319754426764,214.08465016406967,204.57720443431305
2018-05-27 23:40:58.020,,,,,,,,,,,,,,,,,,,,,,,,,,,,,,,,,,,,,,,,,,,,,,,,,,,,,,,,,,,,,,,
2018-06-12 23:40:59.292,,,,,,,,,,,,,,,,,,,,,,,,,,,,,,,,,,228.30665345869193,222.5140582428312,213.98200238489895,204.9722151448459,201.0496027183225,204.50233739397424,207.20485000773004,210.4078654760518,213.0518718758126,224.88982577587188,240.98004269427443,230.99347451902776,220.21835843031715,221.0835837892255,211.79588347980754,208.5730206544583,221.08502870201738,230.71703617345906,229.16285153907899,224.49667933459014,223.81112837289703,227.23919552932563,237.825962520869,241.6057771794271,225.81405728487692,206.7515485405237,195.3669031396141,191.2800323366328,196.6980508495771,207.7446972604431
2018-06-28 23:41:09.567,220.89921393887738,217.99569662095837,218.71673668816936,219.8378543781761,212.92922207696967,211.313676732339,234.83668414026022,229.34263887319133,219.6197811276918,216.5524828209675,214.93057537378422,206.4314873602024,197.4610220690246,189.69257411990634,186.77392155856836,183.34611098508583,184.49985644502573,183.24984057636783,177.1022406284831,177.64193594500745,174.16520034050882,181.80627799625492,190.97984194508226,196.3264729967171,204.68789490404197,211.83225999826422,215.9401637410336,214.60137248325293,,226.92811898090446,238.9976922051035,244.86794033033453,243.06353454622075,232.00750919128552,226.041878848627,214.82142318965464,210.47037666985295,208.37146885132418,204.45353212284027,212.81797732326095,214.05453768787532,220.3391317847615,232.79498594609993,240.52880896124117,234.7836380982009,225.49272873351805,217.9483224364466,216.54269425458997,209.4018909978531,223.34858987341164,228.78491805219576,226.73028471960603,221.2655871143753,218.9294260595199,227.28123370243196,241.3176497671244,243.4591544268087,227.57014477240588,212.665677261638,200.95454507817166,189.25555021921076,191.85233061340807,201.24205791507723
2018-07-14 23:41:17.417,220.36163807140576,213.05433350208682,208.92586854418343,217.80033998879756,218.32176573679948,216.35627283896696,223.95360060045257,220.35863659013674,208.43578037964878,212.91488424167974,207.29892307242403,193.75171693198354,196.50608613128432,189.79310405674096,180.90379406486113,177.3309937569484,180.08850265812623,177.6030580805426,173.42199762990032,174.82809119090967,172.33800129037147,175.41969571793842,180.47456149963,190.75728027760601,195.6334783043709,205.43533172169083,209.3919520411427,210.99692183362393,210.49771328735784,221.12865318833067,227.34391119025054,236.87090426205657,230.90221976871334,223.6076166451949,216.53726533518653,215.53317208390797,206.17564496056994,210.99408229998986,206.74100748094207,207.55371740678459,214.69157383392493,217.7788297280983,227.76865416585466,239.73557660958937,230.73456250361332,223.83598886236177,217.91340606280448,214.50591861939793,215.43047812357477,222.43751504392634,225.5631902507206,223.3381732128639,219.64039053811746,216.0956959417599,226.48866948922628,241.84351763616036,243.00561651347647,227.49166658800797,205.42339193762746,196.59499904591615,183.64543776310398,175.58027198338866,180.62433670429135
2018-07-30 23:41:24.508,229.4730206304688,226.50490093945126,233.5710748472674,251.95334037940967,252.77946095351734,242.8614194528977,234.85028956133345,228.2958011033475,224.12753806950167,225.60131042135436,228.6843068179927,207.92507206610006,208.75170235200855,206.59271638989867,199.20778809568296,197.09809867702012,195.27932710110682,188.93902579004114,186.57987893567355,191.2083574684023,189.95410819939974,186.54556196208515,198.04777731668216,206.69092841729153,205.9015899982623,211.2378264945928,221.12090663450834,219.8622968957487,223.17783253960698,235.10800760729023,240.91431970724128,247.76249279959393,249.08893646845857,242.89740553640092,235.91711202388996,,224.75632212634196,223.39884756602578,217.63277639424652,222.462333350844,226.73928593197712,228.8605834782801,242.80292162215122,247.11825615931036,239.22972881265346,236.24968432220487,227.3247522118441,226.11335869072835,233.16972596526307,227.7622821239978,229.96269910559633,232.42081468139222,230.78079649107246,228.93926738788923,238.28449167949378,255.75546539919102,252.148255337837,,219.06988867997802,206.87511562094693,195.15022833820186,,
2018-08-15 23:41:33.663,221.58347022993988,220.73849308594833,,240.39375692267456,244.25693478243943,228.24895056683215,227.63535873272048,,,222.64277317764163,223.98716541896755,201.17762680361625,,195.38771434053152,187.35033102649234,187.4518313754485,183.6071716134465,181.4889782098224,,,184.98476958972364,,193.12604095151826,200.20120886799674,,209.45777452305975,219.88387447163808,219.09462770644174,222.16385275299712,228.08002595849848,238.46645233253992,246.9350767585724,,,,,,216.0999980684311,,,215.3719057226029,219.21241126859982,,,232.11132224118558,226.78990661484002,218.37333342608224,,,,,220.32133383663322,,,228.02129210163463,,244.81224695419778,,211.38633003823008,,,179.01926738997685,176.36150975038828
2018-08-31 23:41:40.574,216.93143739340883,220.41461589254953,235.92052297575108,238.16739461264712,236.04223216644874,226.22205258338235,223.2761461239022,212.08162031763783,212.61540456794108,214.7304280912508,212.58891167077314,194.57430727095362,196.54907134285656,192.05006246053574,184.87532789048544,178.47835316693298,173.83553414096195,175.087737598631,175.07142904590492,182.79579008176475,179.175299979365,179.45188837684017,191.76477521268868,197.74679257664855,200.32486126774216,209.09674900522964,215.4802056471562,213.24330693837112,218.28918035266295,227.00938192651904,235.29200816129764,244.0747732708466,240.90721943246606,229.0768570071186,222.9589841152587,213.3798299939432,212.56270139432308,207.45156531839842,203.6532542770718,207.09477067115307,204.97909001353764,214.52146729849534,224.84999750803928,233.14910074245137,221.80235356175575,214.10727600044598,208.58140821877276,209.84406652338367,209.74943112083764,211.6946276635711,211.32961407604404,213.94178576647937,213.24206227681103,214.52125296808578,221.6895061662014,230.26056377887986,241.06570703301173,227.3487930652638,205.72083833616924,183.9224339588836,177.12492254070528,169.0767475297984,165.86103209458093
2018-09-16 23:41:45.118,233.8473397051979,242.3803615459217,,248.34424361878632,252.12614392287387,243.30104322536363,233.521847792934,227.3291515211273,222.07497868134448,226.6922031851704,,213.59559398627806,212.237306477149,204.85156368030468,196.61967904268687,190.0760728542443,197.10256408052777,193.52313360040216,190.7917261776553,190.89920105714776,197.852575450568,199.34418147312246,203.93586836865703,220.17379781146718,223.47315117304032,231.58708415387713,237.5779356415161,236.75595378294844,249.85271238423377,243.85592069732456,255.81361266748985,258.724334790815,256.20458880283644,243.58624428484978,235.34041427217494,226.42212864509708,232.29983414942853,227.57991473254654,227.2106694156011,223.54925478015144,226.1679835769193,234.16921959169053,242.59177001150493,250.7333742783815,246.45052019724716,236.3994475001998,228.74886879006692,230.8913143979961,236.25217476357054,,,,,,,251.354563603429,,,,,,180.27940964247705,175.0450643619425
2018-10-02 23:41:52.547,235.55834387421714,238.2487389894331,243.90019319873284,250.9157025098025,,232.52655543991926,231.0996066087902,227.75870872667042,222.66548266477048,226.78559352911248,227.16479575645752,209.95859906382054,206.54524898289776,205.73409311389443,193.74023571424448,187.1102292133076,195.78473973055424,194.24981274384007,189.7356485846322,197.24192490735027,197.59987746859417,208.72177237212355,201.1425896214509,219.52482907596294,227.3103841264425,230.80218521338253,234.52729676935354,241.8658570212915,245.1149701439969,246.90452906902755,253.44514293715116,260.26066356453003,254.86882138785856,246.50956525320527,239.05881338346674,234.89621397209226,237.26018221889,233.89217326165863,224.6547222350078,222.98868017734188,224.9254515959543,231.00036378007172,246.70808589200868,252.15594975031036,243.6689631515353,239.22443867484955,231.35394121738545,227.06132954416537,238.63398386525034,227.4999481776095,228.19449085499363,,235.8942570281057,230.89415980538928,238.52035763615325,257.63123145095034,266.39591560692173,251.8936776203718,,,,,173.0356379553854
2018-10-18 23:41:59.007,196.7168229486718,196.91410804905544,208.0443677345528,209.3672374887426,215.2886591370959,207.9247738838585,196.98438970662912,188.85714195385964,194.4786387731394,198.6688757899955,195.61761161698433,188.453472501223,178.15971215538067,169.86730361381694,173.07846027185693,164.1845291127358,167.23441402488004,173.79029959667554,167.6374760203957,172.30976984363554,171.66457013226022,176.82021859229727,182.97891038553706,190.02794046805235,199.85432397304498,204.2120019149206,209.5356333515946,208.20976051522197,212.49202485218248,212.30838648072498,220.2714569330307,224.50598683110059,223.22463890849238,211.84619536290006,213.88306569001398,206.6897972789891,203.51504831111703,,,,,,,,,,,215.68543817783623,212.83547391001727,207.53394562988672,203.77539156951482,212.40369923682982,216.85370426510352,214.97840551512377,,,,231.37999773687665,206.68272582298397,,171.62187596610232,165.59879392247007,165.49453169665426
2018-11-03 23:42:02.706,203.93660896377287,200.59663505141538,210.62832587764763,214.75127179001677,219.1879908013666,203.80764246087512,201.64840009653753,196.18685539913417,195.37752733580373,198.21788225375042,198.675389650483,181.4423652743035,181.78432648616018,,,,,,,,,,,,,,,,,,,,,,,,,,,,,,,,,,,,,,,,,,,,,,,,,,
2018-11-19 23:42:03.516,200.31905272223904,201.1338530005382,209.79047468847813,215.00777509340008,219.37760574416112,,200.500987452449,196.15373414643895,196.53548242040966,,198.27269293140463,187.56202215631623,181.28429026928205,176.57175828310372,174.66119032026822,171.21620027640574,171.3907229427849,175.73656603704728,174.53437093424898,176.58381084426546,178.01969133350332,180.10864598196446,189.7591743712108,196.0014341031991,198.06812828833958,206.52063849852752,218.25280565607915,209.83133644246738,222.80993467944432,216.65107736187974,228.361406119773,236.5498332125242,232.0252125712447,222.99713964087601,218.02735959818233,210.76879880616963,,207.32032086045712,208.8202261600853,221.1816511899745,225.2057779261503,231.27844352182612,231.61944948068015,237.58397641152368,230.81079996388723,226.92794409454646,230.53338295499742,226.7265989792064,215.12262127587303,,,212.8541789976827,,,233.34152812022808,255.0116387764378,252.70323809463807,231.32082763979034,199.65975194158608,176.70804990588658,168.31473642299332,163.13492238734648,167.7185720298478
2018-12-05 23:42:01.365,,,,,,,,,,,,,,,,,,,,,,,,,,,,,,,,,,,,,,191.76773351449535,,,,,,228.37274108605587,,,,,,202.22793474142125,,,,,,,,,,,,,
2018-12-21 23:41:59.974,,,,,,,,,,,,,,,,,,,,,,,,,,,,,,,,,,,,,,,,,,,,,,,,,,,,,,,,,,,,,,,
2019-01-06 23:41:59.116,,,,,,,,,,,,,,,,,,,,,,,,,,,,,,,,,,,,,,,,,,,,,,,,,,,,,,,,,,,,,,,
2019-01-22 23:41:55.519,,,,,,,,,,,,,,,,,,,,,,,,,,,,,,,,,,,,,,,,,,,,,,,,,,,,,,,,,,,,,,,
2019-02-07 23:41:52.948,,,,,,,,,,,,,,,,,,,,,,,,,,,,,,,,,,,,,,,,,,,,,,,,,,,,,,,,,,,,,,,
2019-02-23 23:41:49.853,,,,,,,,,,,,,,,,,,,,,,,,,,,,,,,,,,,,,,,,,,,,,,,,,,,,,,,,,,,,,,,
2019-03-11 23:41:44.239,176.06403741123188,176.34940252687232,182.96252817725184,193.8051902800841,192.23512686440185,,,171.2096586057347,,,175.27527991644223,,,157.51352451293184,,,155.444079851494,,158.81110925305848,,,,,,,203.32123034951115,,,,205.47104838654337,,,,206.25024135345166,195.77120891940748,194.56898449720842,186.4976565805279,,,184.67448344809014,,201.64987651480735,211.8363425342626,,,,,,191.3856511076819,195.26738574777792,185.7262629355455,196.9195967115652,209.90103779795493,206.59849089524758,,242.27130116401173,,,,176.64601855541287,165.8508352522786,162.128725441693,
2019-03-27 23:41:40.872,,,,,,,,,,,,,,,,,,,,,,,,,,,,,,,,,,,,,,,,,,,,,,,,,,,,,,,,,,,,,,,
2019-04-12 23:41:36.011,191.7386247587013,188.26447650698955,196.19836385370283,199.0136318808516,200.5824103910485,188.53259521722936,191.7015894193184,184.00472650611934,180.06962118701168,186.12327861159082,189.2814702155649,185.31465192309548,174.80447690991096,171.45500640734554,170.4380082425472,163.88100098224697,165.824744605658,170.7097647236793,178.61839755983863,171.42002359626736,165.24804776954932,166.70169269143688,177.18419241760483,185.05479036596353,198.95102080988107,215.7493448129339,207.8164440053762,210.02980436580737,224.7748882866356,225.76727492319478,229.30991575010887,240.3045567465186,235.5181435038116,225.8370946913704,221.41274619704342,211.95866269622735,207.03740156277274,204.71232961229435,201.4375293768232,202.82598207030432,212.516957867794,220.93692539281477,236.23748250850375,241.27040668829585,237.43410203186392,240.41217133391802,227.10779203627186,216.9024050082731,216.5101047627071,221.82100006764733,217.36580747739748,226.76322308331703,236.82047248123203,237.82112327470048,243.87659327153747,264.9430749081638,256.3087919610474,225.48282276824148,198.75802052069787,176.496594800931,173.14753025860136,177.63400073287747,166.3877213858429
2019-04-28 23:41:31.826,213.18974509288506,204.50773948588392,208.32024842453544,207.35400357796345,209.03745004368062,,197.40770599794322,193.9929490869011,193.79606810169122,194.31569006298548,193.72983984602823,190.67093105193447,183.8181407516139,176.59836932196143,179.24677482895436,170.37623191504744,172.56632033841123,180.1418241003321,178.33586864531196,170.5203165513359,170.27980381516645,172.56441594260292,,,191.21179195096346,,198.91364873594313,203.0177814566002,210.0010336702108,211.17654862155456,218.01143349439482,227.50606981669472,221.3691484643245,213.57425262015516,208.3613436670567,,,,,,,,,,,,,,,,,229.0134136796781,,,,,,,200.50430910304138,,,,
2019-05-14 23:41:41.579,205.95146489708824,201.9900517807505,204.8472239737324,204.8399956397661,204.8515501012625,189.36787843478652,199.49272455117875,191.9181848940603,191.8274455802519,190.74992758383186,189.04187362927036,188.821767287012,184.3507257651324,177.07159074239266,174.46979371634384,169.0594642164467,173.64910063077434,171.02678215002743,168.2279513447834,158.78231118226645,160.306591335333,176.83118765227886,186.2735948033518,197.43368871266648,204.51263009939996,210.23200526900504,216.65094812718513,222.53281928841147,225.72576919285723,233.27880922213004,236.6547245547934,243.582468010541,239.81153696961576,227.92496520110217,223.86516703469138,219.44858798338242,214.506746961756,211.60101828312418,212.362929365257,219.46441529462953,227.79185004785444,236.33381290973097,250.43186545299108,251.43361533718524,244.62745205841344,240.30377559857595,235.5609326951992,225.53984764078908,222.17738042718543,219.68120175216697,211.9508185816436,220.07107522838095,219.1174346877925,217.5780484650164,236.03486066704153,259.3071167071144,264.02425952386005,235.4034104373844,204.1196744403639,183.8093402029733,169.64919066137446,160.8761570360474,169.80181255428838
2019-05-30 23:41:50.512,,,,,,,,,,203.63675752002277,197.75308561143646,197.58886825017765,197.42332073928858,186.56510934417685,,,,,,,,,,,,,,,,,,,,,,,,,,,,,,,,,,,,,,,,,,,,233.3878895329556,201.2262763715639,182.64694787303316,166.52536725439984,158.25373952002448,168.46541030166804
2019-06-15 23:41:57.192,,,,,,,,,,,,,,,,,,,,,,,,,,,,,,,,,,,,,,,,,,,,,,,,,,,,,,,,,,,,,,,
2019-07-01 23:42:01.793,,,,,,,,,,,,,,,,,,,,,,,,,,,,,,,,,,,,,,,,,,,,,,,,,,,,,,,,,,,,,,,
2019-07-17 23:42:04.379,198.4495035513291,184.04143446187283,196.04315727431407,197.0428460225757,194.24366909112584,186.30716543866515,189.8384774014464,183.56899913262467,178.87829678768463,181.3787688427812,183.2091732878152,175.19075976455292,171.3324557349942,166.44338200753975,159.07439160515204,159.11960935470404,157.8814472612163,163.22983147501256,160.79744684146428,166.05938239089022,169.87163725259904,175.84822649315365,181.18705932995147,189.73906551333616,201.0353334393909,210.15022623462636,212.93724065253136,212.236970302362,214.4798418911304,219.89057057792948,224.40671457673403,232.32484329663856,222.15366575737585,218.41695758838438,211.34053169853877,210.50365497791012,206.962006588544,198.6993169038396,198.80506868018455,196.8963666793174,209.99064908330126,229.36344878728025,245.23171062275065,247.72395365371273,235.46516444024232,226.88106732616242,223.34398236409436,215.88823852245685,212.39536375481848,209.80504098081394,210.45826047509445,210.96468523276982,212.51553387302982,209.4813064572851,219.16818195348498,234.69541773488933,236.4739688884927,207.0471815820839,185.6420242772535,167.65558412641485,144.92753355254032,155.10063281582745,169.2126638841475
2019-08-02 23:42:11.288,199.10408657048401,188.86017967069208,198.2397093597842,197.39159078232976,193.25902284886487,188.68710690934338,192.7095530289653,183.35794326811282,176.23854690593006,182.90812214981634,178.82928515644255,173.66204314045743,167.70082712234614,157.5150400513475,161.82560929255743,158.85832434058398,159.3140449130157,161.92440915088707,164.1856157387362,167.6428496822465,171.95206559852454,179.01369804762476,183.98443917248915,196.38484183778368,203.72266770556956,208.93537947042432,214.27151504464314,208.4678537439853,216.2848321465737,215.66820493415844,225.1118651975537,231.2299418222739,230.0052820372262,218.5614099113792,215.59090813177954,213.29848630122837,212.6021220480254,210.31191304837398,210.55914840186324,214.09820737640933,217.32208783507244,228.9013533963414,245.40123760700425,246.87987571731446,239.34344687355483,228.12891173860646,214.5942567570295,216.45830073228709,210.0972273537791,200.91391660178923,206.22009196809,211.4586419318419,210.41063553973632,206.1596442056196,217.77550694721873,225.80528988270697,228.23590418385777,205.39387548933948,184.80130574416688,154.58086105474314,141.09184349943317,153.93063978620978,171.86710219715476
2019-08-18 23:42:16.524,226.4289321088039,214.9765927913986,222.34156118549902,222.45912275696912,,,,,197.35028605937117,201.43482087983747,200.33154141799264,194.29103941908733,,,181.68426440137387,,181.28313602909458,180.28638765521674,,187.44021542154672,,,,,,240.55815645705775,,246.08828072844938,,,,,256.3694325307773,249.59323058601635,240.62431459786706,236.95144330716823,,,,,,,249.06615885107993,,,,,,,,204.6270084584991,,,,,,,,195.95226294961017,,142.3722373722383,,
2019-09-03 23:42:19.808,218.8564081670743,,,,,,,,,,,,,,,,,173.95354490813736,174.4696626798314,,,,205.0857987842462,,,,240.8711225044326,240.03733484136325,245.27669089967253,,,,254.15647292523806,247.8533829716945,241.88339188335698,236.61405025020574,,,,,,236.17318613292628,,,,,,,,,,,,,,,,,,,,,
2019-09-19 23:42:25.566,,209.8548654763578,214.50106871482342,,213.10967457727205,207.2265971040227,207.38219775428888,,,196.2677033469429,,,,,,170.16281399318444,177.13358767253877,177.46128965810908,180.92240462986186,,,,205.66380927990483,213.4596433814262,,,,,,,,257.5029047812644,251.93728068763173,,238.2481499237261,231.74464884026816,227.46528280840545,221.1512897048413,217.91825035254254,,222.79157427520096,235.30608739160124,247.31662303620087,,231.8405106619477,222.75254531153593,,,,,,205.10993101604606,,,,,223.62861045125027,211.653020454499,188.302932164281,153.38694898483436,145.11517896041755,139.63022615753837,164.31174377484137
2019-10-05 23:42:29.615,,,,,,,,,,,,,,,,,,,,,,,,,,,,,,,,,,,,,,,,,,,,,,,,,,,,,,,,,,,,,,,
2019-10-21 23:42:31.173,,,,,,,,,,,,,,,,,,,,,,,,,,,,,,,,,,,,,,,,,,,,,,,,,,,,,,,,,,,,,,,
2019-11-06 23:42:29.962,234.01247547165778,218.38829831059962,230.89292101664228,,227.75263787172497,214.50201472322186,209.2608108297639,206.07444103951764,200.75458661156915,208.8599114739612,202.65306089912846,,195.22489920911966,187.29698888644586,183.39666934915857,187.1453501833312,191.47857653392114,197.26618771577188,199.4340456047229,196.80568354913044,201.98590848088008,205.00456475561748,209.53829600422395,215.4308173931019,,,,243.26025512166228,,,254.07584815916624,263.5176975247877,254.333021894853,,,237.48591415519206,,226.92150098455926,224.26520668933273,223.9572720610717,,,250.73447651880502,,242.818185975762,227.04909053061775,,,,,,214.01275787338227,202.1461920079143,199.1683914761661,213.80996428418004,243.20983766075477,247.38989810622326,230.328092885736,210.0742061856139,,183.45073471896134,192.31463118716354,189.39269666200377
2019-11-22 23:42:26.381,223.16495203569508,214.6805056249162,222.09670653886914,226.6954956749104,220.91536034407656,213.90042210376413,203.03180787655918,200.39036748668602,197.835201755124,205.98780646546757,204.90436252537853,187.6450431875473,190.00265805248375,182.40704990577652,179.2700356745595,181.6250715711078,187.582833214853,191.29600460338207,192.09421103331914,188.96924065227037,194.10532557330671,200.7322692436029,209.5047199487501,211.90922037823088,215.22230654813558,225.69320081174197,234.7356567976533,234.86924181220482,238.7315015982477,244.26556753351778,248.61824659293285,258.625460615866,248.52583224402082,241.32673791737957,233.03462495640477,231.02168211560786,221.99596895004493,218.42502030337948,217.32568518168333,216.5984032911125,223.80176682657034,,240.83375894082513,,234.29527711008348,219.8355865836962,,204.06291231150468,198.9549725069863,192.79756926392923,194.3827460239291,207.87362381198892,,194.9129685304851,218.18821779583595,245.9943351363382,245.7261793542957,221.15591178639778,201.15401010690576,181.3045745786861,,175.75970660912293,176.19138497312835
2019-12-08 23:42:26.007,,,,,,,,,,,,,,,,,,,,,,,,,,,,,,,,,,,,,,,,,,,,,,,,,,,,,,,,,,,,,,,
2020-01-09 23:42:18.984,,,,,,,,200.05858010760798,195.1608462622625,,,190.43019556308468,,,,,175.7631181322268,181.0632921711521,,,,,,207.60122653988572,,,233.13555354976626,,,,,256.0146934986604,249.46513900344567,,234.0851205620845,228.82229433145943,225.77784995406148,,,,219.62664712710142,,,,,227.94393920582675,,,,,,,,,,233.9844107989827,,,,,,154.85119483271416,
2020-01-25 23:42:14.841,,,,,,,,,,,,,,,,,,,,,,,,,,,,,,,,,,,,,,,,,,,,,,,,,,,,,,,,,,,,,,,
2020-02-10 23:42:10.173,,,,,,,,,,,,,,,,,,,,,,,,,,,,,,,,,,,,,,,,,,,,,,,,,,,,,,,,,,,,,,,
2020-02-26 23:42:06.098,,,,,,,,,,,,,,,,,,,,,,,,,,,,,,,,,,,,,,,,,,,,,,,,,,,,,,,,,,,,,,,
2020-03-13 23:41:59.474,192.12899413692557,183.89016273430983,194.81304307407618,198.20524266583777,194.88777920281706,189.5487059562756,183.83092044868607,178.1567735705853,175.28091407111754,179.27720404632913,176.1519594789708,168.317933042939,168.08701108842237,157.44963758914338,154.1380912569847,152.1981638537938,157.2186734497846,158.1953141138023,160.9700054787346,160.2114047394128,165.8587244688581,172.08102031686695,179.31008034058863,183.78608674677042,192.84486448611833,206.6110583108738,208.5269783233382,210.3920460442914,219.68177621844106,217.20172819788655,220.16020302402117,228.2293271813528,222.4478018640006,213.7387308619824,204.77460515244144,211.56145331417383,202.42472567883092,197.18210032348765,,,,,,,,,,165.8983274363141,183.48850029084826,183.11671231569034,166.03993650285219,184.3325853572805,201.32208380491508,197.61157333996482,227.61202311029786,247.55420109173477,248.41620255646257,216.52564002945698,189.807927938795,172.8527496105143,164.17681392053305,175.66899026188045,180.47015188094525
2020-03-29 23:41:50.402,207.32543408109694,204.81035451118632,212.50551581283068,211.44506783080664,213.85094737990622,200.42177875817725,198.02555180364607,189.91462194188054,186.40162070011036,187.05095073515056,191.8445543038305,191.6259861806734,187.35028874330445,176.2515251178446,172.07648258291724,159.4971909342711,167.44971160149137,170.18279413725134,177.34566139162357,182.67111667570703,191.36932166832077,193.41597563536536,204.68168210826477,211.14462879020803,219.158980044565,231.47810654766226,230.11456447545993,231.42960341635717,232.64332133870926,238.4886423928569,242.0875988515428,245.75541323084713,236.95086945285874,230.5647785656272,227.21889366128477,224.012242206778,216.57588089971983,210.79310786461278,208.03460731922237,207.2846662471137,208.22651298766448,218.74837585781984,240.92907328175352,232.62205826797629,209.7598747071268,202.20999219508025,190.72748823902782,190.3923242845012,203.8750224030928,184.01267875493932,185.3995466584597,207.11658482381443,216.3823019384158,210.53320893788708,244.19009872522543,265.3706111495569,264.4270318981257,241.46682137078494,,196.21847774468773,,,180.37123522957282
2020-04-14 23:41:43.424,228.7101557664475,224.80056832637126,232.38879133977224,234.59314240351472,234.33126042369895,212.9956245719868,221.72919089922556,213.14848920849712,209.7054780623452,212.38542274584415,204.35738902157047,209.0169807045002,200.1984054245483,193.82229610635562,191.6797737213426,185.48541723561132,191.80093477328282,191.20426674298622,199.13649132636957,193.47176047049942,194.80366480402108,200.30993385356064,202.64544077293954,207.67210705899515,222.1366016397858,227.96444604717743,231.95506175816828,235.14010179385195,245.6973399757701,243.9149351835041,263.52797816504784,275.7856808615537,266.2391628107761,260.08755348648043,244.57741642061836,244.62520582615065,234.74462515001733,236.3735761520225,234.62302368628872,234.34350800210265,231.52152515069818,235.66468469428227,239.58956085745842,241.9974621194483,236.4280020198443,232.15492902090944,226.52031963716817,225.91012171683423,225.29463120820006,228.39907329988057,231.50769606719425,233.51992020541763,236.65650838340494,258.5570342429561,,284.41231415216066,277.6791010302038,256.5414594929697,223.70853707364958,204.04858684614487,190.08770085081716,183.01462218215926,178.10910841955138
2020-04-30 23:41:35.345,,,,,,,220.87409215127857,,,,,,,,,,,,,,,,,,,,240.29776839426304,242.90383539922965,250.54327222921452,258.8540501627274,269.0963680759053,278.55912844143234,286.0087192322162,,,252.7703725726378,238.6748799802379,237.6360716612474,230.04971700376996,230.52117032721213,228.25179111948978,,238.50410500665978,246.81041405266888,241.52378074037284,225.81857916592782,224.30798249176434,221.4907675163717,217.60662445828743,220.37219159970152,224.08943874990044,247.4669523876061,231.46242240013933,247.4720484633407,261.718690279302,275.5194360712039,272.5499117138389,,,,,,
2020-05-16 23:41:32.887,,,,,,,,,,,,,,,,,,,,,,,,,,,,,,,,,,,,,,,,,,,,,,,,,,,,,,,,,,,,,,,
2020-06-01 23:41:37.919,239.1661635486462,230.7447606270261,229.28466825132904,227.14737100663808,240.99555943264966,234.98248557627883,228.36998543581615,221.2391144330496,216.24015075915898,222.98254432658553,215.66990060183736,213.99465823823965,215.22305739900304,208.5114125440492,212.78835184067333,210.61917150289756,199.34372606551423,197.31491994022582,198.8240976027938,206.8550563236886,,,214.89263816885807,,278.22783155472445,250.60445536440176,278.06463443945086,285.68969901248363,279.42025593944265,292.8162363533894,295.69802790130143,305.15157974093154,294.1608309937527,278.58718652808204,,255.65936564134324,244.15215808018033,238.3340969124855,231.7426304746678,228.63228105539403,233.13809076601686,239.2275530049817,248.8872281091821,253.76911919595585,246.25976694757998,244.31714406118036,235.61064057475477,226.96445254746862,224.77020131411012,222.94027914071899,229.16130537822232,218.1037288418849,213.84861651679128,218.9064727902299,260.3233356632703,269.87881587437494,272.52553960970346,259.4433414463126,222.51288311737304,192.11502170817246,177.296662973132,177.73584537175736,182.00142569739486
2020-06-17 23:41:47.705,,,,,,,,,,,,,,,,,,,,,,,,,,,,,,,,,,,,,,,,,,,,,,,,,,,,,,,,,,,,,,,
2020-07-03 23:41:55.426,246.72783878533915,242.89728431115753,241.3920647026631,235.51242215202524,236.44141303441063,216.84030498526076,238.80208104747035,218.27803537877298,213.84074930244594,214.60508252767448,210.68592121130467,217.24445787252182,212.07315345527735,211.8220031733042,206.76750969371912,195.83974735557234,197.3524350462205,201.96735877962521,206.90178063631174,203.2405896785734,208.87100195851684,212.362987609691,214.98661264276575,224.1139754049249,231.743639503927,246.97489578196917,255.90059508493897,254.70428293771036,259.9242071624122,272.10255247887915,281.117209508743,294.8477136891978,289.425771967487,275.53536933273296,262.88557109889643,256.2479082719654,245.5902082274177,241.35850258419998,236.1532076937182,239.85128530361354,,245.30695624756413,255.37581193822345,258.69016015608275,255.06582488136732,244.14791130208198,231.03463615915717,224.3880797108829,221.0125689915757,218.31689318672986,,207.7074352689428,212.6882043367931,220.65127998414704,247.76523925317815,273.6746762796704,272.12087657526604,253.13703565621051,220.59499008266616,186.08753575276995,164.88580374560502,169.57968453649303,224.62026330659666
2020-07-19 23:42:01.194,234.39388734680756,220.19003710726003,219.5541628509722,214.7342136489471,209.56180992375,201.7317287752144,221.18192745474687,209.4812933432896,198.01323894012364,193.485104687729,194.6881316018177,208.1653081015168,205.63247122775616,200.34385839793254,186.42617400501044,185.70664719942036,192.66899811843558,190.2245522013423,192.85114068882785,196.55223144929133,197.62921678613083,204.543167105958,209.7461772846184,215.9869391870044,224.52193027900688,241.3933013732253,245.94804233220623,248.99787343563958,252.41522916505699,263.5147775891525,267.10007556584634,283.7745419759068,279.9141644069841,264.321656487054,251.13806393127328,243.5020693226303,232.62980302283506,226.44103879594275,224.9885253175996,231.6033911870357,235.61194899790684,233.43548009040188,240.93959243232007,244.3103693107571,236.19711090283892,233.56396419354627,217.6575552623208,209.78259549826123,203.9031751690657,205.79993303663574,193.08129649823007,,198.1552717884324,206.6080998913426,245.92468397783324,264.8672812442699,264.74142362809897,241.98916312607267,213.42011206867764,180.57456861472625,158.45063167478224,194.15007895021157,211.23140043489795
2020-08-04 23:42:05.000,224.94872454816033,219.67630547955022,210.37250466139795,205.95353247465596,208.55186268422284,205.08889410149567,208.54934973881336,202.12468944190758,192.30250995767483,194.08134482083693,197.23873054943274,193.61782286195776,198.10722660125424,187.9813391762261,184.6737398293604,182.8608434002424,179.94181737600832,181.36425638387118,181.61131596651177,187.89958125304415,189.5190842914535,194.88719378726023,200.41715843331798,206.7517440601962,216.71366866214046,226.07479271850787,231.65539902059624,230.08000703490586,238.5574597521712,238.18340545507994,250.314404623187,257.67021211603833,262.6982408299881,254.13507445004825,239.06588498772732,221.92092503323815,223.88393917613166,214.94951291442356,217.2057916440064,220.9320126613597,218.14511695479058,224.40570185005762,229.36355120441385,231.20519161410118,226.11429460369567,214.52027552584354,201.9243335167625,191.91490034849141,180.87916740745496,185.94570614407291,176.31529275340938,173.5862962174309,185.25715754455715,200.217906776118,251.61412975701003,256.04021373854215,258.54088943813224,233.61239130210674,190.3207881739058,162.38286380256733,173.25185878217525,184.742929946358,187.08793627116628
2020-08-20 23:42:11.279,230.6141514716408,221.11194810640728,215.61279327188288,216.38475708539457,214.08172594671046,208.92614526730426,215.80906434019818,203.25793288013554,206.0493040545727,206.30380722648786,199.2599230101773,199.22788800168658,197.9252323588448,187.7276606480035,185.9602882439985,189.91366567405154,179.27224722230173,184.12899217648356,191.1421977643588,186.87613078186655,195.89807055226788,196.73100045756144,198.71795492525632,210.5636707595719,216.48189226712682,223.96034324084692,232.1652834090418,231.97396028545003,237.02853807052423,242.8514028525492,259.50175891726053,274.30578108480074,271.9649549434481,260.3474878294551,250.87499834650345,239.20215450108608,232.65310544651174,223.4810923976631,223.49627199287278,225.83689401193993,224.09556163506574,230.54282791954006,232.96048339820015,235.81663306984126,228.21605957736557,217.38447444902104,204.31988301564172,194.04742022739438,186.05534426851645,186.81153881367516,178.63854674119546,172.9789953508083,181.41209882429325,202.5812032809176,249.7589054547776,259.0457569938433,261.00998763988247,233.48877763166635,196.23996765497498,180.04474059497022,179.39769547343894,182.81056522383045,185.465911620638
2020-09-05 23:42:18.803,,,,,,,,,,,,,,,,,,,,,,,,,,,,,,,,,,,,,,,,,,,,,,,,,,,,,,,,,,,,,,,
2020-09-21 23:42:24.149,,,,,,,,,,,,,,,,,,,,,,,,,,,,,,,,,,,,,,,,,,,,,,,,,,,,,,,,,,,,,,,
2020-10-07 23:42:27.086,,,,,,,,,,,,,,,,,,,,,,,,,,,,,,,,,,,,,,,,,,,,,,,,,,,,,,,,,,,,,,,
2020-11-08 23:42:24.582,,,,,,,,,,,,,,,,,,,,,,,,,,,,,,,,,,,,,,,,,,,,,,,,,,,,,,,,,,,,,,,
2020-11-24 23:42:51.254,,,,,,,,,,,,,,,,,,,,,,,,,,,,,,,,,,,,,,,,,,,,,,,,,,,,,,,,,,,,,,,
2020-12-10 23:42:28.535,,,,,,,,,,,,,,,,,,,,,,,,,,,,,,,,,,,,,,,,,,,,,,,,,,,,,,,,,,,,,,,
2020-12-26 23:42:25.821,177.16694680295274,178.3459311608171,184.76709744503708,192.47105295034174,194.74442518441504,181.19323781520626,173.3757742085016,172.09776067270437,172.459577101376,177.75451159029234,171.7211929044051,165.67036782094755,162.46943448267618,156.02194607291713,153.91617231414628,155.39927979198538,158.24972384852322,159.03499472693753,158.44367251971477,162.05354842943717,165.74204007452556,170.53865829387544,176.4930924198673,184.74947608938763,189.88349666225605,203.22558498492765,205.7412419090483,204.71967385365232,214.37662025345205,222.88347088697384,231.71424182499146,238.18596190063502,234.70676855759447,224.5259071941183,215.36744917916357,208.10166504531963,203.66388066956446,203.1171690653086,199.25199303388928,198.81653635244547,200.33867881504557,208.2515305733371,223.06356447514764,231.94521736657737,209.92633681994334,198.6629245617405,190.45033363404866,185.9736606179428,180.85334662676541,184.7085801870594,191.25883380229337,198.88905267981372,206.29418354637252,210.08980051880636,225.98095771308678,245.20329384013468,249.455122869537,236.38810628632748,217.18024953219032,200.27764682638198,192.96090990191885,187.3245039686836,196.6234305512274
2021-01-11 23:42:19.503,,,,,,,,,,,,,,,,,,,,,,,,,,,,,,,,,,,,,,,,,,,,,,,,,,,,,,,,,,,,,,,
2021-01-27 23:42:15.634,,,,,,,,,,,,,,,,129.84465895969757,136.43605413536935,,,,,,,,,,,,,,,,220.34843443525833,210.24923708844585,,,,,,,185.72103476653763,197.74043196239876,206.53018130571618,204.83454329124362,188.6872254715363,183.31762421544465,181.02198630767742,173.7215965960596,,,,,,,,,,,,,,,
2021-02-12 23:42:12.625,169.3195747662768,168.44523399423875,174.97066939912014,178.6607522663027,176.87656391292603,166.47030076270994,164.9953295479624,159.34949889221696,154.39320150009803,155.2703354625581,160.30794688367808,162.23078039426838,157.61942946700438,150.62085502613306,148.67512086789117,143.0657255713537,145.4824637849266,145.7583579643041,147.3265059744706,150.10784433501283,153.988523685703,151.9876321087362,161.90624183419447,164.96021420144064,178.50149202473705,188.15070109886074,187.8857845123259,192.97335235067303,200.8326294280477,212.58920069567432,,222.91455405740135,221.77371211191382,220.10457641070573,200.05049658601592,204.32609746644565,196.94589843330743,190.93633952800286,194.42766998233378,188.01656132004948,190.8850982687148,199.7011576506083,207.21243716220397,208.72393975954074,192.59440681841352,185.67088343064557,185.88339284020773,181.98236896210184,174.06128410177607,180.98659574508122,175.4266498834707,180.8985865054184,192.45672616693068,186.5415961387788,228.66796137204435,,259.6049799203221,240.65085683794305,208.0953740589345,193.74552830880546,171.63309933990513,159.01645634671345,154.78112253412425
2021-02-28 23:42:30.513,,,,,,,,,,,,,,,,,,,,,,,,,,,,,,,,,,,,,,,,,,,,,,,,,,,,,,,,,,,,,,,
2021-04-01 23:41:53.624,191.57026173163467,184.07308152295587,184.55053217813162,186.01548664358106,180.46343647858572,170.8057767268964,189.75575329285982,179.23520118715476,170.7077303229628,176.22014280016256,164.95491302078193,184.09541926633656,168.02702428039802,165.70113516681502,163.6933445812615,153.55301479136335,158.66778092568643,157.92635912169982,155.04847073853767,165.38825303778745,166.22301734499354,173.48135436801462,177.76781291202906,179.98509666376975,193.40608972338222,207.17370199548526,208.39485725238427,213.05563640471337,222.17228697983813,234.74787564065764,238.5980633019854,245.3102380446104,236.29869051421286,228.7597487008871,225.6639340589946,215.15031385893317,206.10987562536116,207.44245338031564,202.53446178463855,206.95229370002073,206.60679511959762,215.12094953675725,235.9672330315471,233.4804327052403,221.20147311742127,221.59960870625872,226.12687180100033,229.1900328895908,,,219.1628751354024,226.77742391490048,213.34277456885712,236.26741552474857,243.1324775949402,258.1212479685442,260.1623511243854,238.72885553170823,210.64061483994323,177.22330150520355,157.54255989401128,161.13974720889937,173.49209993984059
2021-04-17 23:41:47.510,204.84936242212015,192.74038526493726,192.29119571097092,193.6605713394118,187.71706975582345,177.67331878599828,189.34579467693126,185.38660256736895,184.0905746025333,183.64293720869003,184.44466576487915,191.01688280989987,188.6417148388708,178.27376660077485,170.4391105335775,158.50540104358382,160.0948921017896,158.86456239158275,173.96325661120574,169.83675919232115,179.55381734450805,183.3230689054756,188.21895413269323,191.7322523611848,200.39597905073356,211.88098768705572,211.89355946327981,219.89100033138317,223.1275074002969,234.22074559192993,238.1875637703649,253.29619140471425,248.08667488400707,239.89194958155662,226.81702621265,220.1352663657115,210.10797026358756,211.46006505042067,213.08071204308658,205.84910355941747,217.19439120164208,224.1364543563835,233.41090770743492,242.0650396810372,235.90725457320116,229.21917578542622,228.914264504026,228.62698367977003,229.24423424202985,226.3277792285719,219.43780849250223,224.9814784227853,234.63805360287986,239.5255946057228,247.04617653407854,266.0228821216479,267.0249213154309,240.19696745358928,211.48849077467187,189.1397775491011,171.4594056316314,164.20649317657586,174.79756441655968
2021-05-03 23:41:38.015,205.7279372887383,194.7769934314461,204.14767092762645,195.46913351700812,188.49040668021317,179.57834768242674,210.90926876961623,196.5345402992322,185.66658408016582,183.7985426164023,181.3375182158195,194.41328072668688,188.9852069343451,177.56435502285683,171.4534392677209,163.15919867043993,161.60212304258712,168.96700742664953,167.7869574071425,167.22903665216091,177.62662841264844,184.36358966735736,194.77375151626796,197.27768098527878,208.10152218303014,219.0739115605042,221.18954555482117,225.7406373006683,232.5473699201606,232.24428302228745,245.88345035997202,252.09131011264088,248.56182253816252,238.1543097892125,232.51171971688296,,,,,,,,,251.23336034628647,242.124326676766,237.31809625261565,227.21581903008178,230.73347823448626,231.4389900285193,223.73799615750215,224.2204258725017,228.9427437291651,230.85509217202844,235.21611051426726,248.79558816420075,258.0470699902425,261.78058436971503,239.0441134866902,204.40307893367637,184.26744398967162,172.624409910567,168.13579303348487,175.81481484128457
2021-05-19 23:41:45.554,217.26643124400246,207.3953730785578,212.9158571857705,203.3045369131366,197.92604223336144,192.18843181293073,212.65163230281763,202.67314995483008,201.09978725527853,191.70599698869557,194.8296633287623,203.1351141356066,198.16811388373927,189.1154556564454,185.42692715411488,,,,,,,,,,,,,,,,,,,,,,,,,,,,,,,,,,,,,233.8093710578848,238.58715885203105,,,,,,,,,,
2021-06-04 23:41:53.763,211.13969447709246,205.64101357082694,204.25288665683706,197.11823415132162,209.53579117896277,218.34475185485866,212.50601585121558,207.3458691644242,194.29618711002888,198.37045738166182,210.87322034308903,201.75448119316295,190.65507896042544,183.4979616273213,181.7958168684774,175.40112805705303,176.92649198472196,176.4622096734809,177.9282171742493,226.64529509008906,234.92505098575677,236.16012256425526,233.54625525797508,238.13766420210635,242.072936218988,248.2072109109876,241.26578787070267,250.34719483043003,261.21982297779823,275.97745695979484,274.36191953216627,273.9651665666468,266.70236779280975,263.42369904637206,258.4897537398985,248.67279571716875,246.2483566737937,243.68341119095527,248.22311925567732,250.61938385733032,260.2754196480211,266.0911598431815,274.9725265651331,275.51093849988354,265.3794733914355,256.1672015654875,245.31326767580293,242.51043081799725,239.3673486980307,227.5647471316749,231.82980406844672,240.78567569131968,248.1867221557536,245.34907856190108,251.72789445264783,264.1207669154466,265.8633691470021,237.3410266431644,210.95739439004748,193.54959774760397,183.95754543598625,197.525236580637,208.26884888139017
2021-06-20 23:41:59.136,219.50366011604737,211.5404431202415,209.34217983297762,216.2903367225511,220.25833562217758,206.95521693312145,216.01236081432629,210.45256580540234,207.6280680440633,209.34186698746066,203.84066911542246,202.6727288432473,195.97191738320942,188.2920426515905,183.32830571023243,180.9319225862554,187.68998328101043,176.5803272484295,208.30464059937086,217.21970754651312,225.73976783893585,230.9328557765831,237.9202703290581,244.4439964252026,244.00785191004098,254.51582115433746,253.9262957925734,254.09067503310757,258.65973839634603,271.7344233090988,272.8362545126145,274.36855476235246,268.1298087234446,257.13928805082315,253.22816507839997,252.9282561478099,242.7940540352161,243.53516117806976,243.81759253827798,250.03139109496726,255.26829466845982,260.26193953355516,273.41409709948203,273.0160160480517,263.4773944480838,254.6842411388103,242.971105272488,240.5180610920015,235.89112239930287,224.17725461684304,231.17727431447184,242.03970205498317,243.65805618266825,240.71497116751,248.1281003571136,,262.84137850664854,241.51049978085464,216.92667365076187,201.06197986011773,193.53860954599003,190.2170163631765,199.17563180212832
2021-07-06 23:42:01.694,206.21841373048807,203.68314512633384,208.0192338537716,204.31692798053587,201.24749712761746,196.1358984381617,206.93395884364304,198.6738929504451,196.08988765860732,194.66923782765318,192.65255036674802,189.47453016066328,186.4510845595344,173.1850471625444,174.8635711198715,173.52290503176746,173.5724573403786,182.45508376113878,193.18314294554818,209.0730381843285,213.25016768139693,218.15681504490672,219.08246679323062,225.487200854752,232.16357914624427,238.34350822405364,231.51273803749208,232.30880620414467,247.6412558327031,247.9106502260999,248.72612283552837,247.24414460240786,247.88254711406665,240.90233549530993,237.0458374269121,224.6995416212879,230.68476902001646,230.21939003564154,220.2891769460392,227.49822266465367,236.49806470324984,242.5918513637181,249.7128214742467,252.06207914305293,245.68759287899388,235.38098438170454,228.0799194783291,226.17046211250224,221.1933766089095,206.08904601143757,219.83126871732537,229.75675253956967,226.6645575498136,224.04919937804453,233.14390113338305,249.85683655338806,250.33539297926103,234.29537071429215,212.65066300274128,197.18003328434537,183.94579322500437,186.50503727614304,198.04096479932363
2021-07-22 23:42:30.168,,,,,,,,,,,,,,,,,,,,,,,,,,,,,,,,,,,,,,,,,,,,,,,,,,,,,,,,,,,,,,,
2021-08-07 23:42:13.687,201.42368930659907,199.12185884250277,207.9011351081834,208.22984621222335,203.31639003669434,193.0983279148695,207.9276332184279,202.9382511396189,197.34935044380973,200.21262909272016,197.777033649957,185.93084519087492,187.76279617174634,187.1195070519138,181.9167740487374,187.91000017350268,192.11898360664628,200.2382962527812,,211.1789282747664,213.01201779004538,217.01734144871057,220.4792440783931,222.68369025330603,228.56480821264716,235.33254008811628,232.31082329993126,233.35990958178184,233.7963700040438,243.14787708205554,243.39908573251,252.6768022146661,245.76121005022077,241.5567200939581,232.84021931867562,230.11695094555478,231.7365013376885,230.59917225984725,234.70571853592438,231.56871839705462,240.78656525388965,241.58747510034,251.65024882355812,261.10393420813847,244.67334781346352,235.0418145755306,230.67519254161368,223.96303888182314,220.97838939365187,214.414756927273,219.1459909932089,222.3642389707258,,230.5938962195959,230.77037935527295,247.4526537650679,249.263184295577,232.0887384180908,207.69043410707337,,172.97867163094645,166.82642115006058,
2021-08-23 23:42:18.526,,,,,,,,,,,,,,,,,,,,,,,,,,,,,,,,,,,,,,,,,,,,,,,,,,,,,,,,,,,,,,,
2021-09-08 23:42:23.290,197.91039859368948,188.41849624718762,192.95082388258433,191.0694387077255,193.4464788310505,189.32577672654793,196.75721336795505,189.58814765952727,183.0937205279232,175.5394856008129,176.30338278280922,183.98653949141442,183.80901810008982,183.21326228212934,175.0878771528753,179.87886237404678,178.44108798998252,176.39535036770616,187.72918922364187,192.10408653676535,196.5342267422414,198.1308691815436,201.89832520327894,207.093424619177,205.6421964406848,214.03517088759003,207.0652926573273,213.1742284858391,222.0358291016463,223.85741737717586,228.20586039693114,231.7125265886337,231.2172421777746,224.84806013305297,217.73642752964878,209.14055724495984,208.62840828866456,210.93936005465275,210.6559894448066,213.036203066317,218.42609143624787,225.02672269308226,233.01936311917535,234.7992907109687,229.7732372725721,218.09561924901394,208.1932060955545,205.08249820618707,197.1499770320552,191.11849075541897,200.84407836975248,208.0890129950012,209.28840318263474,208.33651054450004,,227.31077767003325,,,,,,,
2021-09-24 23:42:26.170,196.93777939337113,184.8410161362652,194.19984349947796,197.17142808243,196.93357922408234,197.0720857550328,,187.9426467858638,181.33818312820924,185.07107777995174,185.3932953840714,182.44027943385953,187.20196404840755,182.87576220899655,178.55010693485684,185.63994033078643,178.78860885043966,181.4332111803378,190.26422630527327,195.3357884920055,199.19346179098446,200.19301773229316,202.56145328834657,204.67289090929228,212.97202175184648,218.15451017442916,216.52856590493752,218.37149684290432,222.46757849562113,230.24345207805234,231.92677088291236,240.02332864239685,237.8666293156946,229.6689300390098,224.19825326745422,217.00171115442987,215.00226366676796,213.08114325223414,215.5332216622159,,220.8391750265862,229.9002813931072,232.41931258987256,238.3789044674446,227.0184248164628,214.11572149592615,,,192.7855192663911,193.75493199725278,,,204.1455048713923,206.96366041690314,,,237.21368015744102,210.06759378350245,180.67314265507991,168.91818348623735,165.24942266071088,,204.54624947960767
2021-10-10 23:42:31.910,,,,,,,,,,,,,,,,,,,,,,,,,,,,,,,,,,,,,,,,,,,,,,,,,,,,,,,,,,,,,,,
2021-10-26 23:42:33.385,,191.1410351490845,,,,,,194.4136746937982,202.34716322363246,212.96494251204314,,203.88710445849011,198.27237053033886,191.66605594454492,192.7177258059378,194.17445745176946,198.14972251192341,195.50974558583044,203.78511006780647,205.66287184242665,213.5149581803988,211.33107697762696,,,231.74690080612766,,240.86147547203169,,238.02030196340593,242.73146781235795,254.72268455932021,265.4286296719664,256.53340300942364,243.47741448549579,,232.9022477432073,231.16791796694025,225.00699826452157,223.86600502845295,,235.17778100931116,,239.7491420544264,250.69043667574573,,225.05952301973937,213.41840431461856,211.2347322117608,208.75550307930683,206.78333583126943,,206.1422402156055,204.60448848351982,216.20977601385385,,,,222.56941535773797,192.2325386497385,,196.38358689742998,,
2021-11-11 23:42:53.674,,,,,,,,,,,,,,,,,,,,,,,,,,,,,,,,,,,,,,,,,,,,,,,,,,,,,,,,,,,,,,,
2021-11-27 23:42:28.888,,,,,,,,,,,,,,,,,,,,,,,,,,,,,,,,,,,,,,,,,,,,,,,,,,,,,,,,,,,,,,,
2021-12-05 23:42:30.855,,,,,,,,,,,,,,,,,,,,,,,,,,,,,,,,,,,,,,,,,,,,,,,,,,,,,,,,,,,,,,,
2021-12-13 23:42:28.255,214.75200744157027,218.8346649696683,226.985184668373,226.4383305475647,223.6857322051455,210.04264273392545,213.74209905514152,213.73546841740642,214.54751820085914,213.7715486904289,219.7791865172069,210.5172279726773,203.19231962472958,202.11037558878718,209.58668512696946,213.3866044694532,210.7649412768814,,210.6672221782182,206.8684288190608,207.34207127015804,213.16175539137322,215.67181132148755,218.79532714384237,223.7201400573607,237.68515472874657,237.0602309476147,239.89011743777692,243.389346135835,244.6927947036786,244.70827496421802,266.1577477183828,266.4620314228894,252.49874139844488,254.81726337191364,245.17236091820712,238.14955179806134,227.70087542040457,228.30656850013565,,237.72787498003106,,248.76821330001943,252.7500597563597,242.5133768161541,230.5287772232724,221.79469020921712,214.2139542992114,205.9249681349899,212.65026847685502,209.87113138647055,202.40030321617485,217.53817729496416,212.85996841421127,,256.1815304275183,275.12124597878113,240.93695115381374,222.29693256216407,212.74836773593944,204.7608688031779,202.14168923445897,203.40831225776932
2021-12-21 23:42:24.553,,,,,,,,,,,,,,,,,,,,,,,,,,,,,,,,,,,,,,,,,,,,,,,,,,,,,,,,,,,,,,,
2021-12-29 23:42:22.518,,,,,,,,,,,,,,,,,,,,,,,,,,,,,,,,,,,,,,,,,,,,,,,,,,,,,,,,,,,,,,,
2022-01-06 23:42:47.160,,,,,,,,,,,,,,,,,,,,,,,,,,,,,,,,,,,,,,,,,,,,,,,,,,,,,,,,,,,,,,,
2022-01-14 23:42:20.716,176.30742450594863,175.43985357837096,176.8404048509572,182.3234721146403,182.3367267335977,177.44762629951313,172.9783591364041,167.8062285981231,164.96289791186746,170.14619079211548,172.47492959624816,165.89363224200946,160.7508941327659,158.80666871143472,155.9428509559463,151.91793894931575,152.6873793336536,152.2110495989054,153.37594981376827,156.671624219916,157.58534553555032,163.63604820834303,170.66993866817603,177.34401553155888,185.8615091344303,197.80630783942502,202.17834336484393,203.1141978990218,207.14261092707557,214.14943350827627,221.01770788382063,229.6586215289773,225.73909472709713,218.32554203458974,215.39689330058766,204.87316828103246,197.94665964249702,196.18010650619968,193.46638687894483,189.74149025600533,193.07176906096612,200.13577549399895,210.17416318942037,210.6353823859248,197.60504565271606,190.65345497984282,187.40828512361986,177.94504338869717,173.22514185380194,172.06147241761596,172.30255957331894,176.23645526557925,172.86642744151607,184.25681021722266,224.05554512879633,235.02893976861077,237.8292812726309,221.1235682942825,198.420318057829,179.431727752156,168.42869690448723,169.84338369207288,170.7150355434008
2022-01-22 23:42:23.488,174.6835409818479,173.33894802680828,180.48707205547925,182.20851174058794,184.96981281398277,179.49763039604727,177.0125299464127,175.5759188626949,168.6294401083653,173.68414324600636,174.46763406901783,,164.5161171683985,160.2786544969644,161.18400631161472,156.47892539320887,159.60160314930545,159.19662812353988,,,,,,,,,,,,,,232.1866152338405,231.46306465447987,222.1244230282578,216.91489096355787,204.9919358979598,193.45147273550708,,194.35825586146916,192.63394324593224,195.1929410488205,,,,,,,,,,,,,,,,,,,,,,
2022-01-30 23:42:15.663,,,,,,,,,,,,,,,,,,,,,,,,,,,,,,,,,,,,,,,,,,,,,,,,,,,,,,,,,,,,,,,
2022-02-07 23:42:22.460,181.29317395143877,180.52479517032916,184.19345435896835,195.302152235501,193.85452663875196,174.57973313037735,182.55147524257933,180.74772176084565,180.11734131587977,184.75016197398756,186.82799103224065,187.22290965033307,174.1500086613486,167.5523539861981,174.13622281799655,169.36156788334324,165.88414862014602,169.77287356768556,162.876449145812,164.6878239328384,163.07256748110362,173.47478189242935,178.45339763747575,181.6761284738631,197.0986576966667,216.9007720945134,218.62003008585793,217.1227174373637,226.6939292788454,228.3376641424576,236.8590017601914,240.68841787358127,242.6188179243142,233.7534534018518,229.10520290975336,217.83305319257929,212.99741742242912,209.18082865291365,208.81261713924923,205.5212655182881,209.71687970320966,230.72761237791946,238.25639113847313,230.72660818586434,214.65939563515093,200.00177131537973,193.30908179407535,201.24297774174437,184.1095843175075,189.2701132338927,205.29475604772148,205.17131421321884,239.64678832149633,,,259.03288528200585,263.5979858036427,236.95431469017137,209.22558062726682,204.7141995941648,195.4973504504796,176.88309835524777,
2022-02-15 23:42:11.412,166.49297067761574,166.09447438213664,176.41403462534652,184.09103518934552,183.16721572397353,177.23530510102944,178.3568330040863,175.30049782849704,168.2264895109135,174.19075717463062,174.37819187376903,168.6485603116481,159.87177587591924,157.41063343413435,155.80919177555916,152.92779058476634,152.9659056568637,153.10494229078034,149.86921644169914,153.86271623827173,154.9253580629735,163.5829544252993,166.06171311097532,,,,,,,,,,,217.78065787251842,209.42504113303386,202.4186662390429,197.95935258950325,195.46365351931564,190.25059137264282,190.8173584788464,193.62481443820153,205.96716492318188,224.4601441627835,217.10890394771442,203.96215230300038,189.0810561056856,181.20202031820548,183.5651474166839,177.24499459968962,,,,,,,,,,198.9947662633648,,,,
2022-03-03 23:42:08.038,,,,,,,,,,,,,,,,,,,,,,,,,,,,,,,,,,,,,,,,,,,,,,,,,,,,,,,,,,,,,,,
2022-03-11 23:42:09.111,176.67587765915496,177.66976253080162,183.5021058089339,192.90760450260726,196.3102417901086,191.11207802649034,179.64545506662097,178.69038478600987,176.89796208219838,180.46652713214317,174.2366913193486,174.0007037213817,165.05956229855866,153.99757531514405,157.39291284408432,152.74138545190488,155.5378352062237,157.17561809363943,160.40215047563913,159.0403751138166,161.70238212750814,162.4439783573546,170.08572279432357,179.3738370383516,191.61242475279096,205.52206382730796,208.61952878136935,,,,,,,,,,,,,,,,,,,,,,,,,,,,,,,,,,,,
2022-03-19 23:42:00.135,,,,,,,,,,,,,,,,,,,,,,,,,,,,,,,,,,,,,,,,,,,,,,,,,,,,,,,,,,,,,,,
2022-04-04 23:41:53.021,185.0467155221729,183.39796155962892,190.81942740645283,196.52310928112968,201.8989401377284,192.34789803618293,183.23371301771874,185.2042431735718,180.9534113752062,182.4028693005759,173.92297465710965,173.3311191890421,168.11778238947687,160.25349148358242,164.3034338240478,161.75950300970663,160.48762596435313,157.72506534004447,157.93679473626432,160.94879681424126,160.24459644179018,158.42837428323193,172.2663225873095,176.65858320562052,191.45178083456057,204.44825294436714,213.7127159245992,212.58043854739878,220.975421350357,224.19085029327385,234.86234708690284,237.1710855529049,234.54268018835484,223.43096205227343,214.8284498739524,207.92846641833526,206.11360402599598,197.89151582339227,201.65309166318903,198.57946623727597,211.00580296549498,217.94567748135012,226.16082351428142,226.1511292408533,209.9698131923153,196.35607878297452,195.25736324210172,185.8656370622688,184.1021516727241,190.9911360256943,202.504396645886,199.88479778188324,204.24111148458283,172.7193876727141,229.28568870116254,261.5753649654587,264.4401144936327,238.40428135092404,200.03533492710844,182.47864776183962,171.83425611925026,173.25173989718797,179.23983120355703
2022-04-12 23:41:59.689,,,,,197.42181995950742,191.7544743370227,187.42615819006943,181.65361052625255,180.4026337900325,178.62410956562593,169.792629319482,,162.8494515427654,155.41644144577782,161.21623226200632,152.85976223967344,155.20210154731484,157.32181981185857,160.90873269761124,164.25177027655837,163.56470604466722,165.28556041210027,172.33791134665321,179.3885064816441,195.68930235257545,208.88103779539097,212.34927964292356,216.2816293142119,227.74714944007178,230.05025118756043,235.72150221736663,239.5955184902495,237.91872683225313,,,,,,,,,205.75574743777017,215.91682529179224,218.79273650877718,218.24930816159076,208.96130456047757,199.9816105627742,196.51630136953918,,,,,,,,,,,,,,,
2022-04-20 23:41:56.455,187.2357983466946,186.3025533082098,191.8713633415431,196.32629419505218,202.27029663949108,193.81024818053805,,,,,,,167.65069027851297,163.51590543492026,162.32538141785744,162.52142413204973,163.66659933437677,,164.99934904061564,,,,,,,,209.21370474434715,217.31018506701176,224.6664963609835,231.0769326369239,,,,,220.5085279556074,213.11921676776532,208.81282348395933,209.9537280089838,212.21272648044675,215.6943808498351,218.95075132854907,211.8390916722705,231.42929851668598,241.72251776007897,226.09823033415722,203.5708200205449,196.23375658347112,200.81683159629225,213.36378167021064,,,,,,,,,,,,,,
2022-04-28 23:41:52.332,192.34814461882223,192.3080886025817,197.2596294823872,201.23046026469723,202.75198114082,196.58041929960177,191.31678717655757,188.12378543701837,181.40695883177904,183.87914343550904,184.55510145550846,175.56844881883478,172.5814125405692,169.0837307859946,168.87012044159286,164.62391739512915,167.7208677611036,167.06358546017103,171.6971573121834,169.84434805433196,166.7931791394604,174.89330181075078,174.50209337835622,189.27207931559394,199.0375671354742,214.3332101766537,216.81708020170964,213.57940302233555,229.3742117027988,236.87183300451935,242.52699944157786,251.1810316101979,245.02920770192796,227.1733317462468,223.2865285734265,219.46850008532851,218.47692587972222,222.10727656243822,219.54710506630045,216.36773303536324,219.96807371572322,222.5784210161887,236.6612359402713,241.63368890020934,223.3265412438229,215.30488579523606,214.69790811640036,215.13899972905773,215.08460790136266,208.50980476096433,208.14337729690618,229.16178753068908,249.21883825744337,261.6936006826959,272.83739077856137,275.42777766159804,272.94976267858095,239.4030479587981,210.14884051926762,192.94060326278384,184.46304196695755,184.03686248194873,181.29582492370525
2022-05-14 23:41:43.052,,,,,,,,,,,,,,,,,,,,,,,,,,,,,,,,,,,,,,,,,,,,,,,,,,,,,,,,,,,,,,,
2022-05-22 23:42:03.863,,,,,,,,,,,,,,,,,,,,,,,,,,,,,,,,,,,,,,,,,,,,,,,,,,,,,,,,,,,,,,,
2022-05-30 23:41:38.796,191.74243190569084,189.727111808573,197.76450464617724,195.5218177619858,200.2047312377899,192.52687654024442,180.75491384088875,183.18830173300165,177.35077697170797,180.94108214223718,185.9637036088236,171.84703696950547,169.3081339190756,160.34252280111224,162.81959323836648,156.46051465796253,164.20046202292116,161.81543604141365,162.921813219475,163.45158420113844,166.71194625664526,170.4097069451028,174.64251327393487,182.988185252803,193.42556354381276,209.50239309467622,214.9372998552443,218.27145588684618,221.40720569006444,231.22081627114903,237.07554310617633,242.70764145598292,237.90550847546166,227.91464477518036,221.45758740640994,217.81409551178078,214.16169465438816,216.2962821331799,211.19985521216,208.3123089736089,212.0024832096135,227.04938371336993,233.32155635155794,228.43902218375626,217.75985946961646,217.3389425771692,211.7566619689416,211.56662470755109,207.02292792034234,208.23687927815374,209.47110915610017,231.9841988639576,243.23019286467064,253.60867622437814,258.2116958654017,266.80401753783235,263.0150635544586,233.30800434200188,213.47841893369468,196.12895853445164,183.61664251168412,179.94033241264992,185.1954347192306
2022-06-07 23:42:12.878,223.27347629389607,211.94019340084463,218.20692261066472,206.9612691595487,233.34440758833597,211.2145632642891,202.52177792682082,198.13472462505337,193.77812768800152,199.69292348846517,199.49836857613977,193.50377396427132,192.68358982364293,183.4879530593414,186.53444109557722,187.64061571648995,179.46138570292618,181.04455158021838,185.68312476204358,182.2787783213305,185.80952279449522,191.11719550422197,,208.62963493226232,218.66239753248038,231.74114820520722,236.80443598295025,242.4384417350936,243.3535162348186,256.0890846088682,258.17746744281783,268.26293401447765,261.44192164286346,256.0363390897197,250.7953959826088,244.2151856392704,237.95112613357657,,234.80065393162707,230.8136432710957,241.40667276340952,254.0504857858259,254.3856942960855,255.41408856820232,247.21406899160624,239.1926377897998,237.84108095001966,,224.73796204204086,232.30849257622637,240.78356502804246,247.56226334835156,256.7246354357037,,266.34485688339555,272.74970589247675,271.58554520040667,253.72305354628338,230.44621659066166,214.1491539168422,202.20702336747732,204.7931577500223,207.67491629875215
2022-06-15 23:41:45.273,189.07256993134246,185.14196640085933,190.52397799177868,195.00125188105687,196.27688654807446,186.51778910451685,185.02510095990118,183.0661865131336,177.4794428144346,180.66280111049332,181.78928285393644,174.0591740807378,175.08013690829029,169.5573688629275,167.34735150352356,167.48465390069566,159.03818883917592,159.1197851388829,169.93515051750512,163.94443031770652,169.8229913682774,171.7919211320568,173.01429797208795,188.0434300391718,201.90917019669314,210.2283330852096,214.43441920748137,220.73426207042095,219.7951224531415,235.8850028537372,244.07855865235234,250.28532643402525,244.45149146304902,235.26985492312838,226.01920843192573,217.74068669668304,215.79632756051262,220.59691953154876,216.7899460709441,211.0944306824826,216.37375419789174,229.5782027359687,239.03189621361196,238.63216559107903,227.5906874863178,217.12253837351537,211.97335553001923,216.17816780484884,204.55489456350458,209.82121329771675,216.00066200496371,223.2776036600011,218.8910292026062,229.77002621468037,249.28190782007633,257.5517483339458,251.50497426120674,236.68824786346005,211.5931728333292,196.07055277151886,185.97833734488117,175.46748888809665,183.9181017525019
2022-06-23 23:42:21.082,208.71331708301645,199.71539805437834,207.0477562277334,218.01268686160392,216.13224948032567,203.08106488195676,200.85329026635856,197.52416066767296,193.60161175023518,194.97409845288212,194.53064433170601,195.28031137143182,189.23639373738962,181.77761262384297,178.53879965961642,179.53074834487688,171.9729991791075,176.25359389462122,178.78974291333122,178.55003157733628,182.5526329519555,183.4216699424917,185.75649221479404,203.55143623391422,215.1146253192873,222.30111385321376,223.22784185664463,230.48999034698454,234.017150433682,249.4741441878644,260.43673047817026,268.97709563749436,261.30825222090374,247.78933220907822,241.1675303108585,229.78204206853133,233.25671310172135,238.61084487935977,237.43606013644134,227.54894551612307,232.73797522834636,248.72024820509483,255.20819249369004,254.12877104900602,244.8394488653651,223.6541725314823,228.46182252641745,233.4824178048611,223.84866206328803,227.70068002590716,227.18622353943346,229.10742007629872,239.16612284886082,262.2483864868393,271.09638504099485,272.5729365123875,269.11303096514905,264.25482300587925,238.0169539802657,213.74196236101216,199.89211902292718,190.83764099329073,195.23290253245432
2022-07-09 23:42:21.592,227.58227158512216,214.5806793125981,220.84992952880003,239.1360795226015,235.89452568252995,211.21309952394546,209.74320053017277,206.51857266212318,203.81610942211267,209.05416017617694,205.05326620534794,202.76142400604456,198.06799528781767,192.36186193199407,190.9624318785024,182.77982030242487,184.80851201441354,186.76173261117813,184.1498161409121,188.28459158192976,190.79090226181927,190.0841324587671,202.8018064394557,211.1092510448464,219.11947355055085,232.0301713418347,234.69130458002263,238.9516190420313,249.51574857186114,259.5721962728352,267.6085143390333,269.4756590470802,265.1519983639824,259.6920333901848,243.90926617150677,241.1153238050058,243.15117165047948,241.6128035477308,242.9612867371744,231.9612794675097,237.29633675195453,250.69549544009976,261.4345427011601,257.9392127333434,245.27404881541412,228.74144711756205,236.92388742325798,231.46086496258232,235.95804585103647,231.05338518688393,218.40715740785015,254.2849329938049,260.2200035813397,272.4497598230988,273.8172645103922,276.6005887344685,283.64976604609524,273.8745558275611,242.29804214335985,216.6892854389844,200.10597846233972,187.03172742321652,194.9667126187479
2022-07-17 23:41:58.677,205.55122185460493,201.106999682322,205.64751326441294,212.8138306264763,214.1664020925163,200.7280342954107,196.34338927107942,190.5289830802448,187.9636229886577,192.35652452429312,190.7885520310645,189.60824192323867,185.54274478520816,178.59100985705572,178.69504230364265,174.10091464920094,173.87297863753042,174.18396659259975,173.543562648806,177.0884629443581,176.27808763559386,186.17723589148756,190.93916221653504,197.73202223143392,209.76175219518657,219.5435823802345,224.4444942704431,224.65863161865616,237.13550229280088,246.51560309284793,254.6528220101984,259.07807081428047,257.85796930458537,243.88937868713717,238.29902872380666,231.9856390018731,228.67374028369858,231.99857912584838,225.5102152397411,228.21978066153247,228.77562046453102,239.3885358176854,248.96482860350557,246.36348842871732,239.32831817312172,222.63113015795423,227.7327268949333,227.07057458475944,229.17167801253794,214.3607873475861,213.439485041426,227.16919771287135,240.58995614334577,253.486833093944,266.1951256755375,274.15671818429496,272.5301350750823,262.4978055521526,233.59110520996325,208.23262797766768,188.7305456245649,179.30042405390552,183.96782766215523
2022-07-25 23:42:28.970,189.18995219372985,184.39361926534093,192.4030285807071,197.34989654870685,198.37027090558433,193.45624920049676,184.14825213915074,182.63228091995825,177.80364664454606,183.94182638771724,180.82077188516735,,167.4053031752924,160.94215247724443,161.09018620976252,155.8640973247137,160.84868431749558,163.11207392591055,163.3128718537061,167.32115050752805,169.12007033546087,171.1093429202324,179.3060126912307,183.29286573301624,197.94602274556013,206.4962656716882,216.7341758471582,212.48204249354504,221.94588779843843,228.58266378353818,241.15739845087197,250.22338717398225,247.80666344955222,238.7966088576564,231.2894269250313,217.53046476984417,220.74819195447552,213.5761681767181,217.4884975100755,211.72777189263974,221.48526721870633,234.78436430128335,240.89593500582868,240.1647874392089,226.0731454844742,223.28655238504763,217.8881693282437,219.61536839811956,211.30464225167432,207.79057640262204,215.17832540509102,226.87931130044802,231.1660626801862,,252.59736598957895,270.5931161583861,269.18006367919327,249.87172945624985,220.52127323858056,200.78189777406675,181.00870294399414,181.40630982913308,192.37075799612538
2022-08-02 23:42:12.625,,,,,,,,,,,,,,,,,,,,,,,,,,,,,,,,,,,,,,,,,,,,,,,,,,,,,,,,,,,,,,,
2022-08-10 23:42:37.550,184.61853299013123,185.1419906184426,191.5115012992649,196.33411191615863,200.01234910826085,189.47765994926988,182.73668935242938,180.912298992381,173.2716612085535,181.73141020609845,175.0547976486285,173.12240394678344,168.31380734510094,160.11500532222794,160.13185702730965,154.51527221889003,161.3485818381098,160.1505023964116,164.1077154852211,165.6297945785849,162.3724315925637,173.15672311880775,175.11078444137033,186.99240136911047,194.1127047767004,207.54740939665834,209.78808026128576,216.33413828901854,223.39552165173592,228.9700220077118,243.09095396366757,252.08519945812657,244.69984497185843,244.56508095937272,226.69828991736924,225.21062237785196,216.38210328951035,219.13219426732678,226.12316595088774,222.9082458386441,227.00610372512173,233.8568615256509,245.24841624950471,246.28884542299585,236.77280535879115,222.73059633537608,225.15268137175423,216.406180308979,209.65645717355017,207.53223055189346,212.94510108015436,223.07842375750812,224.70860340612114,238.60739207527573,259.57102529651087,280.38407503973735,273.9811372414387,252.2146506402592,215.49596827946442,,,,
2022-08-18 23:42:20.341,187.9260791059827,189.42537691895822,197.55803422231887,199.2612461181925,202.3419314012435,191.02806374655512,183.2850968545846,184.06984604506084,181.04466632487245,183.29015833050232,181.77160318204852,182.95254295758292,171.92948877901642,164.87152825112565,167.49065608567219,159.96053364393242,164.77947802143967,163.39057954047786,166.85390429517602,169.35575228373784,167.7296859220889,173.73719101937183,178.57174051203714,186.01062713741948,197.35342825329573,208.3098434056708,215.72567721153234,216.0651399633677,223.6251040740548,233.2060236936813,247.0222649517372,252.56344425339722,249.35328359451216,244.2236118151735,233.72387988373967,228.78970324630237,227.2733832402655,222.14969142337014,224.99802662615343,227.8456706564568,228.90488971886282,238.14333472526326,243.60740458341365,247.37167859233455,241.76245163660573,231.84893054588682,227.72027297293712,218.720570460573,212.32783278372227,207.19364062250338,216.48836736517956,225.1849906026028,226.48985697746363,250.82782300991227,267.4905715550052,284.6041262313049,277.46117682967514,248.91330183619084,218.42822380806885,202.94487180038712,185.75732730643284,179.19792901285473,195.5358071860823
2022-08-26 23:42:39.603,189.26554878171336,185.04296110932242,196.69316614299544,199.5127655280967,201.7767455828203,192.0967871407044,183.74290978172664,182.69178314024478,179.49212198481382,183.9491019518587,174.3488184838173,172.49527123439958,170.28779629270298,163.0389496826092,165.10553324767088,161.9586854804526,160.83233864655347,166.99114898924307,166.09362415918937,165.94021905919615,168.5598233440104,172.2185332920316,178.75880454533012,185.59452837309712,196.70008296298178,204.8855453721273,211.4593057004259,214.74226654291152,223.76666584741074,230.10124448349458,242.93502238611717,249.9586620578733,252.04117821161256,239.37930118530917,234.96770388753663,228.18663124767545,222.33267876939922,226.75501238257965,227.24229932382025,228.24272900307938,228.89558306468012,233.81258222762648,242.14702131891366,250.283330675329,242.95837866694012,224.78847327644615,,202.36888994886118,205.04668492140178,,208.94549228360572,217.40267790156312,224.98173963023734,249.15370807749332,270.4166508354575,,,,,,,,
2022-09-03 23:42:21.314,196.23349697164522,190.4182349296959,201.6644657875466,202.97255110567178,207.5222257243741,193.20517664476753,184.4181011301,186.19057716299972,182.45955831579494,185.2340026967306,182.74068388563165,178.33730461813477,171.75283721040353,163.93480421580966,162.38438406226763,163.21272137866916,165.05424445723645,166.7940465728029,171.8747882153308,168.80257702160745,173.32422474071143,176.90181598848335,180.49130873998752,190.10217614471637,198.2976334460619,211.6052880279691,,,,,,,,,,,,,,,,,,,,,,,,,,,,,,,,,,,,,
2022-09-11 23:42:44.147,,,,,,,,,,,,,,,,,,,,,,,,,,,,,,,,,,,,,,,,,,,,,,,,,,,,,,,,,,,,,,,
2022-09-19 23:42:27.055,207.391590523446,206.78668198626178,211.3053781306151,214.30976901815762,215.4270024606028,202.9780430058613,201.5466757957842,199.1632727370266,194.38938896715962,193.39814199036476,193.38850161937413,182.59571815004418,181.83684243779763,177.11469166023244,174.77335248947105,178.42117505561185,174.11023574586818,179.801131678061,179.87899161831035,180.6698444890278,182.51041835810494,188.66496322265039,196.04079185889105,204.71671777519776,215.03357901864732,225.1810791642252,230.06495162417235,236.62573793043003,,255.77320420617303,257.9662583594455,270.718689763161,265.9518956020092,258.85389611165925,252.97719850190342,251.8331171197197,,237.722425336396,242.54551808465507,241.35586037516254,243.30931777174212,248.7534171927463,252.0793840031895,256.5914770882338,253.2779056949965,243.91558777788404,240.05400479251492,235.79066858898568,238.89498954820147,239.00544893732987,,251.99681767571505,256.10877387632775,266.29429482453713,,290.403669461287,290.16036394668856,258.51986633823606,,208.60984841293595,,194.28394613494618,182.6462652231093
2022-09-27 23:42:46.168,176.17940797039634,175.19650774554495,182.04868588070585,186.413684279044,187.94629511230227,177.38676283667516,172.19098245230825,168.05947514483782,163.15443041263535,166.9320365750806,164.3905037969381,,158.4963197295147,146.0985627283204,145.09412244791014,145.42066722815008,149.80918025531653,147.12971230252327,148.15953998784772,152.47107245046698,154.23424104310772,157.0416780970308,164.30647510070654,171.01151501033425,182.0599548877438,191.2662640218358,197.06735361446462,197.2061571189892,205.40322699560696,218.89683864105405,223.90587079102568,229.86470320151273,225.15598886014064,217.9869239855536,213.54539740575646,,,,,,,,,,,,200.29803220885884,,,,,,,,,,,,,,,,
2022-10-13 23:42:36.909,,,,,,,,,,,,,,,,,,,,,,,,,,,,,,,,,,,,,,,,,,,,,,,,,,,,,,,,,,,,,,,
2022-10-29 23:42:45.861,186.8390589125132,181.14740103601804,189.62269334372616,192.295188290157,190.54872304935623,185.1475150982564,171.73663867004095,173.92428567858803,169.26068932151483,169.58474187917065,167.61356245034196,154.00481638125683,156.38009278748945,149.77245064755246,149.15175904746923,148.22144949769006,145.82596558664042,147.65696961598638,151.68577486335732,154.23968070021672,152.61565194452464,153.10417049934526,164.86095649857185,168.25912193997192,179.36312049898166,192.05896002857224,194.81555571958626,198.92994623442064,204.55633069465867,211.6810387146496,218.7969238306778,235.66456724913962,232.88358127709054,226.1561385831809,216.02557453866655,208.6101161406894,207.41737275901775,200.52734699199323,206.57302771433206,201.3629271060612,205.58349612814817,210.91223559296145,218.00482056746677,225.56317721202925,217.1963270759611,210.17245716640988,204.0450942464471,204.12313677820055,201.7265030515345,198.36049156693556,205.23230873194288,209.53913274613123,198.80924525972225,219.60899542669245,,251.30774588732282,246.02145421889307,236.0716444874942,211.58450315000445,181.74827414026592,169.6084830547851,164.8645138907989,173.85999476438502
2022-11-06 23:42:33.414,176.13853370113895,178.61480873502427,182.51955751997835,186.02578247240405,186.55439715725507,176.77641030476406,168.52411185766096,165.7455678954758,,,,,,,,,,,146.80270247015204,153.4622416318941,149.75552348618695,154.44277760550722,160.4565553419639,163.75946481459016,178.31204686683682,191.64187817864484,197.3456242118644,195.17922781611793,204.27527059045366,212.8845568074065,222.8717566167023,238.86827124509801,235.52523205437865,225.73802196077776,215.71105059767427,207.60488348650082,206.55920708429426,203.23045765098885,205.20560794570662,202.90360669630314,205.22449717078743,208.21923998526484,220.2770383638516,224.65628331817572,215.2208992873382,213.4161544953362,199.93406654644002,201.06700430075412,201.86769073660804,195.67569427915112,201.83620943611584,212.44903931999403,202.18581357850115,216.1937455828414,227.04004609175846,248.70224160742788,246.8711268011677,225.514541446153,203.1539846191978,177.58142602419775,167.02882388579422,162.32689855073642,169.2915417585943
2022-11-14 23:42:40.428,189.45565354920663,183.44952120379733,196.7753196429508,197.33790203756928,197.4099895522155,,,,174.03607903605467,,,,161.27302542192194,157.09753891231193,,,,,,,158.08531406930027,162.0404644426893,,175.39702522950122,188.79218070443204,201.68447141884613,206.04631311937533,216.31473610458352,,225.82331525645284,229.3730960697139,249.40689602732465,247.86702637897747,234.41214178978174,,222.71603329439193,218.7194136562877,216.39962042003208,,,215.34537788850696,220.79952656895102,225.99897750959877,235.0569412069504,,221.11478715643332,,209.66820956957247,,211.399628511585,210.09918341912868,,227.78724042142608,232.77480824111797,,252.0712906426061,263.199798069516,,193.24727325873707,185.07896167948232,,166.63820535526628,176.364975185162
2022-11-22 23:42:35.029,,,,,,,,,,,,,,,,,,,,,,,,,,,,,,,,,,,,,,,,,,,,,,,,,,,,,,,,,,,,,,,
2022-12-08 23:42:34.254,,,,,,,,,,,,,,,,,,,,,,,,,,,,,,,,,,,,,,,,,,,,,,,,,,,,,,,,,,,,,,,
2022-12-16 23:42:35.104,182.91262170422354,183.11640826085807,199.10358061414158,196.57894157756294,193.96968926701072,186.8706785327489,183.05907796397747,177.7189745226355,172.9022192346851,176.81244864753546,168.10747514171965,175.33551230797187,166.46514501650535,161.56153267396002,161.883136345867,154.47500993603768,154.77206745156928,161.89432137983178,154.3640725003254,157.6724692673935,161.3095167310163,169.07032305279682,179.5521853545215,178.98850421816687,189.19551288059634,201.80794045239458,207.83209623250266,208.5984183663719,220.05872404583494,230.818786600339,245.02986153799372,251.99628287625384,239.26807967954772,229.97937812040647,232.17240185103992,216.6827983065345,,,,,,,,239.1343785798516,233.95978190946136,217.5429836483196,215.98525969719475,215.78508157316062,212.0651788897505,208.96628755061766,218.00674972295528,219.3324583569163,217.65742249180968,225.2853959145395,256.4207238665595,267.4850620559016,265.5723893791661,235.74794369874726,211.87621145771797,200.15606823142224,179.65438150574022,177.01469362527786,182.33778709110175
2022-12-24 23:42:31.399,,,,,,,,,,,,,,,,,,,,,,,,,,,191.2017721492328,185.98885215030936,200.1374439203069,198.82229831519896,212.26431183080467,223.51411685102397,218.34914226665632,216.14819950998861,203.9816077582809,191.91145426690127,191.99747035204365,182.58894528681031,188.53450975194968,184.4217385953261,192.68632035598233,201.76997115233797,209.42943748070095,217.41966594019988,207.60675905734223,202.16314035298302,196.61452744986553,191.72989498855168,190.5364325764811,187.96886039849016,193.76011032016208,195.05438252533037,193.5463843089417,211.51716114131415,225.98075354860103,227.58536271244867,242.58275050140566,220.22980686264194,192.54032347574204,178.45269140460218,165.53800054927882,158.00712187765117,165.6666479949644
