SAR_id,Time
S1A_IW_GRDH_1SDV_20170103T190655_20170103T190723_014671_017DD8_545D,1483470415000
S1A_IW_GRDH_1SDV_20170108T191505_20170108T191530_014744_018006_42AA,1483902905000
S1A_IW_GRDH_1SDV_20170115T190655_20170115T190723_014846_018335_563F,1484507215000
S1A_IW_GRDH_1SDV_20170127T190655_20170127T190723_015021_01889C_A381,1485544015350
S1A_IW_GRDH_1SDV_20170201T191504_20170201T191529_015094_018ACD_060D,1485976504590
S1A_IW_GRDH_1SDV_20170208T190655_20170208T190722_015196_018E0D_77A1,1486580815000
S1A_IW_GRDH_1SDV_20170213T191504_20170213T191529_015269_019051_72E3,1487013304000
S1A_IW_GRDH_1SDV_20170220T190654_20170220T190722_015371_019380_8E1C,1487617614000
S1A_IW_GRDH_1SDV_20170225T191504_20170225T191529_015444_0195A7_4620,1488050104000
S1A_IW_GRDH_1SDV_20170304T190654_20170304T190722_015546_0198C9_7655,1488654414000
S1A_IW_GRDH_1SDV_20170309T191504_20170309T191529_015619_019AF6_CF67,1489086904330
S1A_IW_GRDH_1SDV_20170316T190655_20170316T190722_015721_019E04_A68E,1489691215060
S1A_IW_GRDH_1SDV_20170321T191504_20170321T191529_015794_01A02B_CAAD,1490123704000
S1A_IW_GRDH_1SDV_20170328T190655_20170328T190722_015896_01A342_A588,1490728015000
S1A_IW_GRDH_1SDV_20170402T191504_20170402T191529_015969_01A55A_BB22,1491160504000
S1A_IW_GRDH_1SDV_20170409T190655_20170409T190723_016071_01A880_96B3,1491764815000
S1A_IW_GRDH_1SDV_20170414T191505_20170414T191530_016144_01AAB1_B2D4,1492197305000
S1A_IW_GRDH_1SDV_20170421T190656_20170421T190724_016246_01ADDB_A8ED,1492801616000
S1A_IW_GRDH_1SDV_20170426T191505_20170426T191530_016319_01B008_0D8E,1493234105000
S1A_IW_GRDH_1SDV_20170503T190657_20170503T190724_016421_01B329_1106,1493838417060
S1A_IW_GRDH_1SDV_20170508T191506_20170508T191531_016494_01B55B_F520,1494270906760
S1A_IW_GRDH_1SDV_20170515T190657_20170515T190725_016596_01B87C_1278,1494875217000
S1A_IW_GRDH_1SDV_20170520T191507_20170520T191532_016669_01BAB4_D4B9,1495307707000
S1A_IW_GRDH_1SDV_20170527T190658_20170527T190725_016771_01BDDE_5BB4,1495912018000
S1A_IW_GRDH_1SDV_20170613T191508_20170613T191533_017019_01C588_7721,1497381308000
S1A_IW_GRDH_1SDV_20170620T190659_20170620T190727_017121_01C8B2_9C59,1497985619000
S1A_IW_GRDH_1SDV_20170625T191509_20170625T191534_017194_01CADD_A80A,1498418109000
S1A_IW_GRDH_1SDV_20170707T191509_20170707T191534_017369_01D020_DDD2,1499454909000
S1A_IW_GRDH_1SDV_20170714T190700_20170714T190728_017471_01D342_21FE,1500059220000
S1A_IW_GRDH_1SDV_20170719T191510_20170719T191535_017544_01D579_CE1C,1500491710000
S1A_IW_GRDH_1SDV_20170726T190701_20170726T190729_017646_01D8A1_007D,1501096021000
S1A_IW_GRDH_1SDV_20170731T191511_20170731T191536_017719_01DAD4_ED67,1501528511000
S1A_IW_GRDH_1SDV_20170807T190702_20170807T190730_017821_01DDF5_83FC,1502132822000
S1A_IW_GRDH_1SDV_20170812T191512_20170812T191537_017894_01E023_C713,1502565312000
S1A_IW_GRDH_1SDV_20170824T191512_20170824T191537_018069_01E56E_C4DB,1503602112000
S1A_IW_GRDH_1SDV_20170831T190703_20170831T190731_018171_01E885_4E3F,1504206423000
S1A_IW_GRDH_1SDV_20170905T191513_20170905T191538_018244_01EAC1_1D3E,1504638913000
S1A_IW_GRDH_1SDV_20170912T190703_20170912T190731_018346_01EE02_BE92,1505243223000
S1A_IW_GRDH_1SDV_20170917T191513_20170917T191538_018419_01F035_8BE9,1505675713000
S1A_IW_GRDH_1SDV_20170924T190704_20170924T190731_018521_01F35D_FFDF,1506280024000
S1A_IW_GRDH_1SDV_20170929T191513_20170929T191538_018594_01F58C_21C9,1506712513000
S1A_IW_GRDH_1SDV_20171006T190704_20171006T190732_018696_01F8B2_17C8,1507316824000
S1A_IW_GRDH_1SDV_20171011T191514_20171011T191539_018769_01FADC_06E5,1507749314000
S1A_IW_GRDH_1SDV_20171018T190704_20171018T190732_018871_01FE0E_06F3,1508353624000
S1A_IW_GRDH_1SDV_20171023T191514_20171023T191539_018944_02003E_C5A9,1508786114000
S1A_IW_GRDH_1SDV_20171030T190704_20171030T190732_019046_020360_CBA0,1509390424000
S1A_IW_GRDH_1SDV_20171104T191514_20171104T191539_019119_020594_E668,1509822914000
S1A_IW_GRDH_1SDV_20171111T190704_20171111T190732_019221_0208C4_B795,1510427224000
S1A_IW_GRDH_1SDV_20171116T191513_20171116T191538_019294_020B0A_A81C,1510859713000
S1A_IW_GRDH_1SDV_20171128T191513_20171128T191538_019469_021093_557B,1511896513000
S1A_IW_GRDH_1SDV_20171205T190703_20171205T190731_019571_0213C9_0D0B,1512500823000
S1A_IW_GRDH_1SDV_20171210T191513_20171210T191538_019644_021608_BD32,1512933313000
S1A_IW_GRDH_1SDV_20171217T190703_20171217T190731_019746_021939_F942,1513537623000
S1A_IW_GRDH_1SDV_20171222T191512_20171222T191537_019819_021B6A_64BD,1513970112000
S1A_IW_GRDH_1SDV_20171229T190702_20171229T190730_019921_021EA4_8F75,1514574422000
S1A_IW_GRDH_1SDV_20180103T191511_20180103T191536_019994_0220EE_2BB0,1515006911000
S1A_IW_GRDH_1SDV_20180110T190702_20180110T190730_020096_02242B_C286,1515611222000
S1A_IW_GRDH_1SDV_20180115T191511_20180115T191536_020169_02267C_3297,1516043711000
S1A_IW_GRDH_1SDV_20180127T191511_20180127T191536_020344_022C07_0314,1517080511000
S1A_IW_GRDH_1SDV_20180203T190701_20180203T190729_020446_022F50_303D,1517684821000
S1A_IW_GRDH_1SDV_20180208T191511_20180208T191536_020519_0231A0_DCEE,1518117311000
S1A_IW_GRDH_1SDV_20180215T190701_20180215T190729_020621_0234E4_C74E,1518721621000
S1A_IW_GRDH_1SDV_20180220T191510_20180220T191535_020694_023730_1C6C,1519154110000
S1A_IW_GRDH_1SDV_20180227T190701_20180227T190729_020796_023A7E_212B,1519758421000
S1A_IW_GRDH_1SDV_20180304T191510_20180304T191535_020869_023CB9_A5C7,1520190910000
S1A_IW_GRDH_1SDV_20180311T190701_20180311T190729_020971_023FFC_5ECD,1520795221000
S1A_IW_GRDH_1SDV_20180316T191511_20180316T191536_021044_024247_0C3F,1521227711000
S1A_IW_GRDH_1SDV_20180323T190701_20180323T190729_021146_02458B_89CC,1521832021000
S1A_IW_GRDH_1SDV_20180328T191511_20180328T191536_021219_0247D6_33FA,1522264511000
S1A_IW_GRDH_1SDV_20180404T190701_20180404T190729_021321_024B10_927C,1522868821000
S1A_IW_GRDH_1SDV_20180409T191511_20180409T191536_021394_024D55_97FC,1523301311000
S1A_IW_GRDH_1SDV_20180416T190702_20180416T190730_021496_025085_06C1,1523905622000
S1A_IW_GRDH_1SDV_20180421T191512_20180421T191537_021569_0252C7_2ED2,1524338112000
S1A_IW_GRDH_1SDV_20180428T190702_20180428T190730_021671_0255FE_EE49,1524942422000
S1A_IW_GRDH_1SDV_20180503T191512_20180503T191537_021744_025847_DFD9,1525374912000
S1A_IW_GRDH_1SDV_20180510T190703_20180510T190731_021846_025B8D_D105,1525979223000
S1A_IW_GRDH_1SDV_20180515T191513_20180515T191538_021919_025DE5_6A06,1526411713000
S1A_IW_GRDH_1SDV_20180522T190704_20180522T190731_022021_026120_BE4F,1527016024000
S1A_IW_GRDH_1SDV_20180527T191513_20180527T191538_022094_02636F_6F58,1527448513000
S1A_IW_GRDH_1SDV_20180603T190704_20180603T190732_022196_0266A9_42A5,1528052824000
S1A_IW_GRDH_1SDV_20180608T191514_20180608T191539_022269_0268EF_878C,1528485314000
S1A_IW_GRDH_1SDV_20180615T190705_20180615T190733_022371_026C18_6160,1529089625000
S1A_IW_GRDH_1SDV_20180620T191515_20180620T191540_022444_026E45_ACBE,1529522115000
S1A_IW_GRDH_1SDV_20180627T190706_20180627T190734_022546_02713C_FED3,1530126426000
S1A_IW_GRDH_1SDV_20180702T191516_20180702T191541_022619_02735D_D714,1530558916000
S1A_IW_GRDH_1SDV_20180714T191516_20180714T191541_022794_027898_D8E6,1531595716000
S1A_IW_GRDH_1SDV_20180721T190707_20180721T190735_022896_027BBF_6FA1,1532200027000
S1A_IW_GRDH_1SDV_20180726T191517_20180726T191542_022969_027E20_F839,1532632517000
S1A_IW_GRDH_1SDV_20180802T190708_20180802T190736_023071_02813D_53A0,1533236828000
S1A_IW_GRDH_1SDV_20180807T191518_20180807T191543_023144_028399_9082,1533669318000
S1A_IW_GRDH_1SDV_20180814T190709_20180814T190736_023246_0286E1_C29E,1534273629000
S1A_IW_GRDH_1SDV_20180819T191518_20180819T191543_023319_028946_17E5,1534706118000
S1A_IW_GRDH_1SDV_20180826T190709_20180826T190737_023421_028C7E_CA2E,1535310429000
S1A_IW_GRDH_1SDV_20180831T191519_20180831T191544_023494_028ED3_30CD,1535742919000
S1A_IW_GRDH_1SDV_20180907T190710_20180907T190738_023596_029215_FAC8,1536347230000
S1A_IW_GRDH_1SDV_20180912T191520_20180912T191545_023669_02946A_6CCE,1536779720000
S1A_IW_GRDH_1SDV_20180919T190710_20180919T190738_023771_0297B6_BA66,1537384030000
S1A_IW_GRDH_1SDV_20180924T191520_20180924T191545_023844_029A1F_3180,1537816520000
S1A_IW_GRDH_1SDV_20181006T191520_20181006T191545_024019_029FD6_F8B5,1538853320000
S1A_IW_GRDH_1SDV_20181013T190711_20181013T190739_024121_02A323_F0FA,1539457631000
S1A_IW_GRDH_1SDV_20181018T191520_20181018T191545_024194_02A58C_D969,1539890120000
S1A_IW_GRDH_1SDV_20181025T190711_20181025T190739_024296_02A8CA_7AA5,1540494431000
S1A_IW_GRDH_1SDV_20181030T191520_20181030T191545_024369_02AB2C_1AAE,1540926920000
S1A_IW_GRDH_1SDV_20181111T191520_20181111T191545_024544_02B188_1EFD,1541963720000
S1A_IW_GRDH_1SDV_20181123T191520_20181123T191545_024719_02B7F8_AABF,1543000520000
S1A_IW_GRDH_1SDV_20181130T190710_20181130T190738_024821_02BB85_ED67,1543604830000
S1A_IW_GRDH_1SDV_20181205T191520_20181205T191545_024894_02BDDF_8D1D,1544037320000
S1A_IW_GRDH_1SDV_20181212T190709_20181212T190737_024996_02C190_7F29,1544641629000
S1A_IW_GRDH_1SDV_20181217T191519_20181217T191544_025069_02C431_9510,1545074119000
S1A_IW_GRDH_1SDV_20181224T190709_20181224T190737_025171_02C7E3_ADDA,1545678429000
S1A_IW_GRDH_1SDV_20181229T191519_20181229T191544_025244_02CA8A_13AF,1546110919000
S1A_IW_GRDH_1SDV_20190105T190709_20190105T190736_025346_02CE31_8B0D,1546715229000
S1A_IW_GRDH_1SDV_20190110T191518_20190110T191543_025419_02D0D3_9A9A,1547147718000
S1A_IW_GRDH_1SDV_20190117T190708_20190117T190736_025521_02D481_526C,1547752028000
S1A_IW_GRDH_1SDV_20190122T191518_20190122T191543_025594_02D735_67C5,1548184518000
S1A_IW_GRDH_1SDV_20190129T190708_20190129T190736_025696_02DAEB_2279,1548788828000
S1A_IW_GRDH_1SDV_20190210T190707_20190210T190735_025871_02E136_F165,1549825627000
S1A_IW_GRDH_1SDV_20190215T191517_20190215T191542_025944_02E3CC_03E5,1550258117000
S1A_IW_GRDH_1SDV_20190222T190707_20190222T190735_026046_02E769_D294,1550862427000
S1A_IW_GRDH_1SDV_20190227T191517_20190227T191542_026119_02EA04_C2A3,1551294917000
S1A_IW_GRDH_1SDV_20190306T190707_20190306T190735_026221_02EDAB_F1C8,1551899227000
S1A_IW_GRDH_1SDV_20190311T191517_20190311T191542_026294_02F05C_5E18,1552331717000
S1A_IW_GRDH_1SDV_20190318T190707_20190318T190735_026396_02F424_D718,1552936027000
S1A_IW_GRDH_1SDV_20190323T191517_20190323T191542_026469_02F6D3_9F42,1553368517000
S1A_IW_GRDH_1SDV_20190330T190708_20190330T190736_026571_02FA92_FA98,1553972828000
S1A_IW_GRDH_1SDV_20190404T191517_20190404T191542_026644_02FD4C_4784,1554405317000
S1A_IW_GRDH_1SDV_20190407T083917_20190407T083942_026681_02FE98_8B31,1554626357000
S1A_IW_GRDH_1SDV_20190411T190708_20190411T190736_026746_0300FA_C1F5,1555009628000
S1A_IW_GRDH_1SDV_20190416T191518_20190416T191543_026819_0303A9_C352,1555442118000
S1A_IW_GRDH_1SDV_20190419T083917_20190419T083942_026856_0304F2_CC27,1555663157000
S1A_IW_GRDH_1SDV_20190423T190709_20190423T190736_026921_03074F_BAD0,1556046429000
S1A_IW_GRDH_1SDV_20190428T191518_20190428T191543_026994_0309F9_B528,1556478918000
S1A_IW_GRDH_1SDV_20190501T083918_20190501T083943_027031_030B4F_CD69,1556699958000
S1A_IW_GRDH_1SDV_20190505T190709_20190505T190737_027096_030DB5_DFE5,1557083229000
S1A_IW_GRDH_1SDV_20190510T191519_20190510T191544_027169_031010_EF32,1557515719000
S1A_IW_GRDH_1SDV_20190513T083918_20190513T083943_027206_03112F_6CDA,1557736758000
S1A_IW_GRDH_1SDV_20190517T190710_20190517T190737_027271_031337_48C6,1558120030000
S1A_IW_GRDH_1SDV_20190529T190710_20190529T190738_027446_0318B0_1AB6,1559156830000
S1A_IW_GRDH_1SDV_20190603T191520_20190603T191545_027519_031AF9_6784,1559589320000
S1A_IW_GRDH_1SDV_20190606T083920_20190606T083945_027556_031C0D_A2B1,1559810360000
S1A_IW_GRDH_1SDV_20190610T190711_20190610T190738_027621_031E0A_E257,1560193631000
S1A_IW_GRDH_1SDV_20190615T191520_20190615T191545_027694_032043_1C92,1560626120000
S1A_IW_GRDH_1SDV_20190618T083920_20190618T083945_027731_032155_983F,1560847160000
S1A_IW_GRDH_1SDV_20190622T190712_20190622T190739_027796_032346_0C87,1561230432000
S1A_IW_GRDH_1SDV_20190627T191521_20190627T191546_027869_03257A_A96E,1561662921000
S1A_IW_GRDH_1SDV_20190630T083921_20190630T083946_027906_03268E_3830,1561883961000
S1A_IW_GRDH_1SDV_20190704T190712_20190704T190740_027971_03288E_38CC,1562267232000
S1A_IW_GRDH_1SDV_20190709T191522_20190709T191547_028044_032AD1_0CFC,1562699722000
S1A_IW_GRDH_1SDV_20190712T083922_20190712T083947_028081_032BDB_E9B5,1562920762000
S1A_IW_GRDH_1SDV_20190716T190713_20190716T190741_028146_032DDD_430E,1563304033000
S1A_IW_GRDH_1SDV_20190721T191523_20190721T191548_028219_033016_088F,1563736523000
S1A_IW_GRDH_1SDV_20190724T083923_20190724T083948_028256_033124_8D79,1563957563000
S1A_IW_GRDH_1SDV_20190728T190739_20190728T190804_028321_033334_ED5A,1564340859000
S1A_IW_GRDH_1SDV_20190802T191524_20190802T191549_028394_03356B_5FF5,1564773324000
S1A_IW_GRDH_1SDV_20190805T083923_20190805T083948_028431_03367E_D5A0,1564994363000
S1A_IW_GRDH_1SDV_20190809T190740_20190809T190805_028496_0338A1_1990,1565377660000
S1A_IW_GRDH_1SDV_20190814T191525_20190814T191550_028569_033B2F_669F,1565810125000
S1A_IW_GRDH_1SDV_20190817T083924_20190817T083949_028606_033C65_23DD,1566031164000
S1A_IW_GRDH_1SDV_20190821T190740_20190821T190805_028671_033EBB_E9C5,1566414460000
S1A_IW_GRDH_1SDV_20190826T191525_20190826T191550_028744_03413A_CF6F,1566846925000
S1A_IW_GRDH_1SDV_20190829T083925_20190829T083950_028781_03428A_B73A,1567067965000
S1A_IW_GRDH_1SDV_20190902T190741_20190902T190806_028846_0344D1_09F3,1567451261000
S1A_IW_GRDH_1SDV_20190907T191526_20190907T191551_028919_034754_1C07,1567883726000
S1A_IW_GRDH_1SDV_20190910T083925_20190910T083950_028956_0348A1_DC90,1568104765000
S1A_IW_GRDH_1SDV_20190914T190741_20190914T190806_029021_034AE6_E068,1568488061000
S1A_IW_GRDH_1SDV_20190919T191526_20190919T191551_029094_034D5F_EF88,1568920526000
S1A_IW_GRDH_1SDV_20190922T083926_20190922T083951_029131_034E96_4DB2,1569141566000
S1A_IW_GRDH_1SDV_20190926T190742_20190926T190807_029196_0350D6_C0F9,1569524862000
S1A_IW_GRDH_1SDV_20191001T191527_20191001T191552_029269_035364_576E,1569957327000
S1A_IW_GRDH_1SDV_20191004T083926_20191004T083951_029306_03549B_8329,1570178366000
S1A_IW_GRDH_1SDV_20191008T190742_20191008T190807_029371_0356E2_0203,1570561662000
S1A_IW_GRDH_1SDV_20191013T191527_20191013T191552_029444_03596B_53C4,1570994127000
S1A_IW_GRDH_1SDV_20191016T083926_20191016T083951_029481_035AA6_9109,1571215166000
S1A_IW_GRDH_1SDV_20191020T190742_20191020T190807_029546_035CEE_1772,1571598462000
S1A_IW_GRDH_1SDV_20191025T191526_20191025T191551_029619_035F6B_EA72,1572030926000
S1A_IW_GRDH_1SDV_20191028T083926_20191028T083951_029656_0360AC_D660,1572251966000
S1A_IW_GRDH_1SDV_20191101T190742_20191101T190807_029721_036303_E2D0,1572635262000
S1A_IW_GRDH_1SDV_20191106T191527_20191106T191552_029794_03659A_13ED,1573067727000
S1A_IW_GRDH_1SDV_20191109T083926_20191109T083951_029831_0366DE_5854,1573288766000
S1A_IW_GRDH_1SDV_20191113T190742_20191113T190807_029896_036928_7DB8,1573672062000
S1A_IW_GRDH_1SDV_20191118T191526_20191118T191551_029969_036BAD_96F6,1574104526000
S1A_IW_GRDH_1SDV_20191121T083926_20191121T083951_030006_036CE8_E137,1574325566000
S1A_IW_GRDH_1SDV_20191125T190742_20191125T190807_030071_036F39_703D,1574708862000
S1A_IW_GRDH_1SDV_20191130T191526_20191130T191551_030144_0371BE_5BD9,1575141326000
S1A_IW_GRDH_1SDV_20191207T190741_20191207T190806_030246_03753A_14F1,1575745661000
S1A_IW_GRDH_1SDV_20191212T191526_20191212T191551_030319_0377C8_D71E,1576178126000
S1A_IW_GRDH_1SDV_20191215T083925_20191215T083950_030356_037906_D129,1576399165000
S1A_IW_GRDH_1SDV_20191219T190741_20191219T190806_030421_037B48_42F1,1576782461000
S1A_IW_GRDH_1SDV_20191224T191525_20191224T191550_030494_037DD5_CE8F,1577214925000
S1A_IW_GRDH_1SDV_20191227T083924_20191227T083949_030531_037F10_D01F,1577435964000
S1A_IW_GRDH_1SDV_20191231T190740_20191231T190805_030596_038153_C017,1577819260000
S1A_IW_GRDH_1SDV_20200105T191525_20200105T191550_030669_0383E0_1BAC,1578251725000
S1A_IW_GRDH_1SDV_20200108T083924_20200108T083949_030706_03851F_7828,1578472764000
S1A_IW_GRDH_1SDV_20200112T190740_20200112T190805_030771_038768_0BA8,1578856060000
S1A_IW_GRDH_1SDV_20200117T191524_20200117T191549_030844_038A00_85ED,1579288524000
S1A_IW_GRDH_1SDV_20200120T083924_20200120T083949_030881_038B43_E997,1579509564000
S1A_IW_GRDH_1SDV_20200124T190739_20200124T190804_030946_038D8C_FE72,1579892859000
S1A_IW_GRDH_1SDV_20200129T191524_20200129T191549_031019_039028_095B,1580325324000
S1A_IW_GRDH_1SDV_20200201T083923_20200201T083948_031056_039160_984B,1580546363000
S1A_IW_GRDH_1SDV_20200205T190739_20200205T190804_031121_0393AB_CB4D,1580929659000
S1A_IW_GRDH_1SDV_20200210T191523_20200210T191548_031194_039640_B1B9,1581362123000
S1A_IW_GRDH_1SDV_20200213T083923_20200213T083948_031231_039772_5176,1581583163000
S1A_IW_GRDH_1SDV_20200217T190739_20200217T190804_031296_0399BA_FD8F,1581966459000
S1A_IW_GRDH_1SDV_20200222T191523_20200222T191548_031369_039C46_D66F,1582398923000
S1A_IW_GRDH_1SDV_20200225T083923_20200225T083948_031406_039D7D_873C,1582619963000
S1A_IW_GRDH_1SDV_20200229T190739_20200229T190804_031471_039FBA_9C23,1583003259000
S1A_IW_GRDH_1SDV_20200305T191523_20200305T191548_031544_03A252_754C,1583435723000
S1A_IW_GRDH_1SDV_20200308T083923_20200308T083948_031581_03A388_02BA,1583656763000
S1A_IW_GRDH_1SDV_20200312T190739_20200312T190804_031646_03A5CF_C397,1584040059000
S1A_IW_GRDH_1SDV_20200317T191523_20200317T191548_031719_03A862_E49F,1584472523000
S1A_IW_GRDH_1SDV_20200320T083923_20200320T083948_031756_03A9A9_D3E2,1584693563000
S1A_IW_GRDH_1SDV_20200324T190739_20200324T190804_031821_03AC01_F7FF,1585076859000
S1A_IW_GRDH_1SDV_20200329T191523_20200329T191548_031894_03AE88_299D,1585509323000
S1A_IW_GRDH_1SDV_20200401T083923_20200401T083948_031931_03AFD3_172A,1585730363000
S1A_IW_GRDH_1SDV_20200405T190739_20200405T190804_031996_03B222_2565,1586113659000
S1A_IW_GRDH_1SDV_20200410T191524_20200410T191549_032069_03B4BA_9AB9,1586546124000
S1A_IW_GRDH_1SDV_20200413T083923_20200413T083948_032106_03B5FD_9E04,1586767163000
S1A_IW_GRDH_1SDV_20200417T190740_20200417T190805_032171_03B851_C424,1587150460000
S1A_IW_GRDH_1SDV_20200422T191524_20200422T191549_032244_03BADC_1F18,1587582924000
S1A_IW_GRDH_1SDV_20200425T083924_20200425T083949_032281_03BC21_A4DF,1587803964000
S1A_IW_GRDH_1SDV_20200429T190740_20200429T190805_032346_03BE73_173D,1588187260000
S1A_IW_GRDH_1SDV_20200504T191525_20200504T191550_032419_03C108_74C0,1588619725000
S1A_IW_GRDH_1SDV_20200507T083924_20200507T083949_032456_03C233_9231,1588840764000
S1A_IW_GRDH_1SDV_20200511T190741_20200511T190806_032521_03C43B_8A1F,1589224061000
S1A_IW_GRDH_1SDV_20200519T083925_20200519T083950_032631_03C784_2D5A,1589877565000
S1A_IW_GRDH_1SDV_20200523T190742_20200523T190807_032696_03C988_0486,1590260862000
S1A_IW_GRDH_1SDV_20200531T083926_20200531T083951_032806_03CCCD_9557,1590914366000
S1A_IW_GRDH_1SDV_20200604T190742_20200604T190807_032871_03CEB7_2BCB,1591297662000
S1A_IW_GRDH_1SDV_20200612T083927_20200612T083952_032981_03D1FA_68F3,1591951167000
S1A_IW_GRDH_1SDV_20200616T190743_20200616T190808_033046_03D3F9_41E9,1592334463000
S1A_IW_GRDH_1SDV_20200624T083927_20200624T083952_033156_03D74F_3AA4,1592987967000
S1A_IW_GRDH_1SDV_20200628T190744_20200628T190809_033221_03D949_FFAB,1593371264000
S1A_IW_GRDH_1SDV_20200706T083928_20200706T083953_033331_03DC99_035A,1594024768000
S1A_IW_GRDH_1SDV_20200710T190744_20200710T190809_033396_03DE97_FFE1,1594408064000
S1A_IW_GRDH_1SDV_20200715T191529_20200715T191554_033469_03E0DA_54AA,1594840529000
S1A_IW_GRDH_1SDV_20200718T083929_20200718T083954_033506_03E1F4_B5A5,1595061569000
S1A_IW_GRDH_1SDV_20200722T190745_20200722T190810_033571_03E3F7_A6FA,1595444865000
S1A_IW_GRDH_1SDV_20200727T191530_20200727T191555_033644_03E639_588D,1595877330000
S1A_IW_GRDH_1SDV_20200730T083930_20200730T083955_033681_03E753_8042,1596098370000
S1A_IW_GRDH_1SDV_20200803T190746_20200803T190811_033746_03E94E_DEA4,1596481666000
S1A_IW_GRDH_1SDV_20200808T191531_20200808T191556_033819_03EBCB_2503,1596914131000
S1A_IW_GRDH_1SDV_20200811T083930_20200811T083955_033856_03ED10_26A1,1597135170000
S1A_IW_GRDH_1SDV_20200815T190746_20200815T190811_033921_03EF58_F6A5,1597518466000
S1A_IW_GRDH_1SDV_20200820T191531_20200820T191556_033994_03F1ED_0479,1597950931000
S1A_IW_GRDH_1SDV_20200823T083931_20200823T083956_034031_03F339_2A27,1598171971000
S1A_IW_GRDH_1SDV_20200827T190747_20200827T190812_034096_03F581_4798,1598555267000
S1A_IW_GRDH_1SDV_20200901T191532_20200901T191557_034169_03F81C_FE88,1598987732000
S1A_IW_GRDH_1SDV_20200904T083931_20200904T083956_034206_03F960_FCC9,1599208771000
S1A_IW_GRDH_1SDV_20200908T190748_20200908T190813_034271_03FBAA_CC68,1599592068000
S1A_IW_GRDH_1SDV_20200913T191532_20200913T191557_034344_03FE3C_1D12,1600024532000
S1A_IW_GRDH_1SDV_20200916T083932_20200916T083957_034381_03FF89_4642,1600245572000
S1A_IW_GRDH_1SDV_20200920T190748_20200920T190813_034446_0401E8_08E1,1600628868000
S1A_IW_GRDH_1SDV_20200925T191533_20200925T191558_034519_040465_4C05,1601061333000
S1A_IW_GRDH_1SDV_20200928T083932_20200928T083957_034556_0405BA_1AFD,1601282372000
S1A_IW_GRDH_1SDV_20201002T190748_20201002T190813_034621_04080A_DF78,1601665668000
S1A_IW_GRDH_1SDV_20201007T191533_20201007T191558_034694_040A8A_D85E,1602098133000
S1A_IW_GRDH_1SDV_20201010T083933_20201010T083958_034731_040BDA_BEFC,1602319173000
S1A_IW_GRDH_1SDV_20201014T190749_20201014T190814_034796_040E25_12EA,1602702469000
S1A_IW_GRDH_1SDV_20201019T191533_20201019T191558_034869_0410AD_74D1,1603134933000
S1A_IW_GRDH_1SDV_20201022T083932_20201022T083957_034906_0411EC_AD53,1603355972000
S1A_IW_GRDH_1SDV_20201026T190749_20201026T190814_034971_041427_E747,1603739269000
S1A_IW_GRDH_1SDV_20201031T191533_20201031T191558_035044_0416A2_ED69,1604171733000
S1A_IW_GRDH_1SDV_20201103T083932_20201103T083957_035081_0417F5_CD6B,1604392772000
S1A_IW_GRDH_1SDV_20201107T190748_20201107T190813_035146_041A31_48C4,1604776068000
S1A_IW_GRDH_1SDV_20201112T191533_20201112T191558_035219_041CC0_F620,1605208533000
S1A_IW_GRDH_1SDV_20201115T083932_20201115T083957_035256_041E11_0306,1605429572000
S1A_IW_GRDH_1SDV_20201119T190748_20201119T190813_035321_042049_2757,1605812868000
S1A_IW_GRDH_1SDV_20201124T191532_20201124T191557_035394_0422CA_E4E6,1606245332000
S1A_IW_GRDH_1SDV_20201127T083932_20201127T083957_035431_04241A_89C6,1606466372000
S1A_IW_GRDH_1SDV_20201201T190748_20201201T190813_035496_04265F_5704,1606849668000
S1A_IW_GRDH_1SDV_20201206T191532_20201206T191557_035569_0428D1_6D73,1607282132000
S1A_IW_GRDH_1SDV_20201209T083931_20201209T083956_035606_042A28_301E,1607503171000
S1A_IW_GRDH_1SDV_20201213T190747_20201213T190812_035671_042C5C_A18A,1607886467000
S1A_IW_GRDH_1SDV_20201218T191532_20201218T191557_035744_042ED2_4ED8,1608318932000
S1A_IW_GRDH_1SDV_20201221T083931_20201221T083956_035781_043029_4140,1608539971000
S1A_IW_GRDH_1SDV_20201225T190747_20201225T190812_035846_043263_1CE1,1608923267000
S1A_IW_GRDH_1SDV_20201230T191531_20201230T191556_035919_0434FD_4DA5,1609355731000
S1A_IW_GRDH_1SDV_20210102T083930_20210102T083955_035956_04363D_93E6,1609576770000
S1A_IW_GRDH_1SDV_20210106T190746_20210106T190811_036021_04387E_CDB6,1609960066000
S1A_IW_GRDH_1SDV_20210111T191530_20210111T191555_036094_043B14_48B4,1610392530000
S1A_IW_GRDH_1SDV_20210114T083930_20210114T083955_036131_043C68_3091,1610613570000
S1A_IW_GRDH_1SDV_20210118T190746_20210118T190811_036196_043EA2_9722,1610996866000
S1A_IW_GRDH_1SDV_20210123T191530_20210123T191555_036269_044129_24E1,1611429330000
S1A_IW_GRDH_1SDV_20210126T083929_20210126T083954_036306_04427B_8281,1611650369000
S1A_IW_GRDH_1SDV_20210130T190745_20210130T190810_036371_0444B7_976D,1612033665000
S1A_IW_GRDH_1SDV_20210204T191529_20210204T191554_036444_044736_62A5,1612466129000
S1A_IW_GRDH_1SDV_20210207T083929_20210207T083954_036481_044889_0C13,1612687169000
S1A_IW_GRDH_1SDV_20210211T190745_20210211T190810_036546_044AC5_BA69,1613070465000
S1A_IW_GRDH_1SDV_20210216T191529_20210216T191554_036619_044D56_9821,1613502929000
S1A_IW_GRDH_1SDV_20210219T083929_20210219T083954_036656_044EA8_1BD6,1613723969000
S1A_IW_GRDH_1SDV_20210223T190745_20210223T190810_036721_0450E0_0E84,1614107265000
S1A_IW_GRDH_1SDV_20210228T191529_20210228T191554_036794_04536B_2100,1614539729000
S1A_IW_GRDH_1SDV_20210303T083928_20210303T083953_036831_0454B5_5C12,1614760768000
S1A_IW_GRDH_1SDV_20210307T190745_20210307T190810_036896_0456FD_1C9C,1615144065000
S1A_IW_GRDH_1SDV_20210312T191529_20210312T191554_036969_045983_B455,1615576529000
S1A_IW_GRDH_1SDV_20210315T083929_20210315T083954_037006_045AD0_B5A4,1615797569000
S1A_IW_GRDH_1SDV_20210319T190745_20210319T190810_037071_045D16_0D4A,1616180865000
S1A_IW_GRDH_1SDV_20210324T191529_20210324T191554_037144_045F93_154C,1616613329000
S1A_IW_GRDH_1SDV_20210327T083929_20210327T083954_037181_0460DE_85DB,1616834369000
S1A_IW_GRDH_1SDV_20210331T190745_20210331T190810_037246_046322_124F,1617217665000
S1A_IW_GRDH_1SDV_20210405T191530_20210405T191555_037319_0465A1_3A8E,1617650130000
S1A_IW_GRDH_1SDV_20210408T083929_20210408T083954_037356_0466E5_A1B4,1617871169000
S1A_IW_GRDH_1SDV_20210412T190745_20210412T190810_037421_04692A_0C90,1618254465000
S1A_IW_GRDH_1SDV_20210417T191530_20210417T191555_037494_046BA7_B09A,1618686930000
S1A_IW_GRDH_1SDV_20210420T083930_20210420T083955_037531_046CF8_EE01,1618907970000
S1A_IW_GRDH_1SDV_20210424T190746_20210424T190811_037596_046F34_2CEF,1619291266000
S1A_IW_GRDH_1SDV_20210429T191530_20210429T191555_037669_0471C0_D1CB,1619723730000
S1A_IW_GRDH_1SDV_20210502T083930_20210502T083955_037706_04730D_E99E,1619944770000
S1A_IW_GRDH_1SDV_20210506T190746_20210506T190811_037771_047539_4C9C,1620328066000
S1A_IW_GRDH_1SDV_20210514T083931_20210514T083956_037881_047887_3F49,1620981571000
S1A_IW_GRDH_1SDV_20210518T190747_20210518T190812_037946_047A80_1A86,1621364867000
S1A_IW_GRDH_1SDV_20210526T083932_20210526T083957_038056_047DD2_4659,1622018372000
S1A_IW_GRDH_1SDV_20210530T190748_20210530T190812_038121_047FC1_8FD1,1622401668000
S1A_IW_GRDH_1SDV_20210604T191532_20210604T191557_038194_0481F3_99BF,1622834132000
S1A_IW_GRDH_1SDV_20210607T083932_20210607T083957_038231_048305_CC2B,1623055172000
S1A_IW_GRDH_1SDV_20210611T190749_20210611T190814_038296_0484F1_997F,1623438469000
S1A_IW_GRDH_1SDV_20210616T191533_20210616T191558_038369_048722_DBA5,1623870933000
S1A_IW_GRDH_1SDV_20210619T083933_20210619T083958_038406_048839_2D4A,1624091973000
S1A_IW_GRDH_1SDV_20210623T190749_20210623T190814_038471_048A27_7CFC,1624475269000
S1A_IW_GRDH_1SDV_20210701T083934_20210701T083959_038581_048D76_9494,1625128774000
S1A_IW_GRDH_1SDV_20210705T190750_20210705T190815_038646_048F71_8C9C,1625512070000
S1A_IW_GRDH_1SDV_20210710T191535_20210710T191600_038719_0491A8_D325,1625944535000
S1A_IW_GRDH_1SDV_20210713T083934_20210713T083959_038756_0492C1_0941,1626165574000
S1A_IW_GRDH_1SDV_20210717T190751_20210717T190816_038821_0494AE_D4A1,1626548871000
S1A_IW_GRDH_1SDV_20210725T083935_20210725T084000_038931_0497FC_6ADA,1627202375000
S1A_IW_GRDH_1SDV_20210729T190751_20210729T190816_038996_0499E0_7552,1627585671000
S1A_IW_GRDH_1SDV_20210803T191536_20210803T191601_039069_049C19_BE48,1628018136000
S1A_IW_GRDH_1SDV_20210806T083936_20210806T084001_039106_049D5D_1164,1628239176000
S1A_IW_GRDH_1SDV_20210810T190752_20210810T190817_039171_049F9C_5593,1628622472000
S1A_IW_GRDH_1SDV_20210815T191537_20210815T191602_039244_04A218_7516,1629054937000
S1A_IW_GRDH_1SDV_20210818T083936_20210818T084001_039281_04A36F_96EE,1629275976000
S1A_IW_GRDH_1SDV_20210822T190753_20210822T190818_039346_04A59C_5452,1629659273000
S1A_IW_GRDH_1SDV_20210827T191537_20210827T191602_039419_04A817_5B11,1630091737000
S1A_IW_GRDH_1SDV_20210830T083937_20210830T084002_039456_04A95E_9BFD,1630312777000
S1A_IW_GRDH_1SDV_20210903T190753_20210903T190818_039521_04ABA4_1975,1630696073000
S1A_IW_GRDH_1SDV_20210908T191538_20210908T191603_039594_04AE27_739B,1631128538000
S1A_IW_GRDH_1SDV_20210911T083938_20210911T084003_039631_04AF70_51B1,1631349578000
S1A_IW_GRDH_1SDV_20210915T190754_20210915T190819_039696_04B19D_C99C,1631732874000
S1A_IW_GRDH_1SDV_20210920T191538_20210920T191603_039769_04B418_030D,1632165338000
S1A_IW_GRDH_1SDV_20210923T083938_20210923T084003_039806_04B553_0AE6,1632386378000
S1A_IW_GRDH_1SDV_20210927T190754_20210927T190819_039871_04B797_0B43,1632769674000
S1A_IW_GRDH_1SDV_20211002T191539_20211002T191604_039944_04BA26_30AA,1633202139000
S1A_IW_GRDH_1SDV_20211005T083938_20211005T084003_039981_04BB75_65A6,1633423178000
S1A_IW_GRDH_1SDV_20211009T190754_20211009T190819_040046_04BDA2_2355,1633806474000
S1A_IW_GRDH_1SDV_20211014T191539_20211014T191604_040119_04C02C_A57A,1634238939000
S1A_IW_GRDH_1SDV_20211017T083938_20211017T084003_040156_04C181_2BD5,1634459978000
S1A_IW_GRDH_1SDV_20211021T190754_20211021T190819_040221_04C3BC_B3DF,1634843274000
S1A_IW_GRDH_1SDV_20211026T191539_20211026T191604_040294_04C64F_390C,1635275739000
S1A_IW_GRDH_1SDV_20211029T083938_20211029T084003_040331_04C794_D976,1635496778000
S1A_IW_GRDH_1SDV_20211102T190754_20211102T190819_040396_04C9D3_59CC,1635880074000
S1A_IW_GRDH_1SDV_20211107T191538_20211107T191603_040469_04CC66_8CFF,1636312538000
S1A_IW_GRDH_1SDV_20211110T083938_20211110T084003_040506_04CDB5_7E8A,1636533578000
S1A_IW_GRDH_1SDV_20211114T190754_20211114T190819_040571_04CFF0_5246,1636916874000
S1A_IW_GRDH_1SDV_20211119T191538_20211119T191603_040644_04D26A_9815,1637349338000
S1A_IW_GRDH_1SDV_20211122T083938_20211122T084003_040681_04D3B8_E71F,1637570378000
S1A_IW_GRDH_1SDV_20211126T190754_20211126T190819_040746_04D5F1_153D,1637953674000
S1A_IW_GRDH_1SDV_20211201T191538_20211201T191603_040819_04D889_11C4,1638386138000
S1A_IW_GRDH_1SDV_20211204T083937_20211204T084002_040856_04D9D5_D7FB,1638607177000
S1A_IW_GRDH_1SDV_20211208T190753_20211208T190818_040921_04DC0B_89D9,1638990473000
S1A_IW_GRDH_1SDV_20211213T191537_20211213T191602_040994_04DE8B_1535,1639422937000
S1A_IW_GRDH_1SDV_20211216T083937_20211216T084002_041031_04DFC7_2A4C,1639643977000
S1A_IW_GRDH_1SDV_20211220T190752_20211220T190817_041096_04E1DF_9CE0,1640027272000
S1A_IW_GRDH_1SDV_20211225T191537_20211225T191602_041169_04E456_FA84,1640459737000
S1A_IW_GRDH_1SDV_20211228T083936_20211228T084001_041206_04E595_7487,1640680776000
S1A_IW_GRDH_1SDV_20220101T190752_20220101T190817_041271_04E7C0_0E07,1641064072000
S1A_IW_GRDH_1SDV_20220106T191536_20220106T191601_041344_04EA48_0C7C,1641496536000
S1A_IW_GRDH_1SDV_20220109T083936_20220109T084001_041381_04EB86_9B2C,1641717576000
S1A_IW_GRDH_1SDV_20220113T190752_20220113T190817_041446_04ED84_DFB5,1642100872000
S1A_IW_GRDH_1SDV_20220121T083935_20220121T084000_041556_04F141_CD5C,1642754375000
S1A_IW_GRDH_1SDV_20220125T190751_20220125T190816_041621_04F37C_AC5C,1643137671000
S1A_IW_GRDH_1SDV_20220130T191535_20220130T191600_041694_04F5F9_5082,1643570135000
S1A_IW_GRDH_1SDV_20220202T083934_20220202T083959_041731_04F740_9C4C,1643791174000
S1A_IW_GRDH_1SDV_20220206T190750_20220206T190815_041796_04F97E_DABF,1644174470000
S1A_IW_GRDH_1SDV_20220211T191535_20220211T191600_041869_04FC03_20AD,1644606935000
S1A_IW_GRDH_1SDV_20220214T083934_20220214T083959_041906_04FD5B_432E,1644827974000
S1A_IW_GRDH_1SDV_20220218T190750_20220218T190815_041971_04FF93_DAD7,1645211270000
S1A_IW_GRDH_1SDV_20220223T191535_20220223T191600_042044_050222_46E3,1645643735000
S1A_IW_GRDH_1SDV_20220226T083934_20220226T083959_042081_050362_2D71,1645864774000
S1A_IW_GRDH_1SDV_20220302T190750_20220302T190815_042146_050598_C4BE,1646248070000
S1A_IW_GRDH_1SDV_20220307T191535_20220307T191600_042219_050811_B3AD,1646680535000
S1A_IW_GRDH_1SDV_20220310T083934_20220310T083959_042256_05094E_89D3,1646901574000
S1A_IW_GRDH_1SDV_20220314T190750_20220314T190815_042321_050B80_D2B7,1647284870000
S1A_IW_GRDH_1SDV_20220319T191535_20220319T191600_042394_050E00_E728,1647717335000
S1A_IW_GRDH_1SDV_20220322T083935_20220322T084000_042431_050F45_1B6B,1647938375000
S1A_IW_GRDH_1SDV_20220326T190751_20220326T190816_042496_051176_B7EF,1648321671000
S1A_IW_GRDH_1SDV_20220331T191535_20220331T191600_042569_0513ED_53C2,1648754135000
S1A_IW_GRDH_1SDV_20220403T083935_20220403T084000_042606_051537_78EC,1648975175000
S1A_IW_GRDH_1SDV_20220407T190751_20220407T190816_042671_05175D_6251,1649358471000
S1A_IW_GRDH_1SDV_20220412T191535_20220412T191600_042744_0519CF_2E7C,1649790935000
S1A_IW_GRDH_1SDV_20220415T083935_20220415T084000_042781_051B1C_B441,1650011975000
S1A_IW_GRDH_1SDV_20220419T190751_20220419T190816_042846_051D3B_1630,1650395271000
S1A_IW_GRDH_1SDV_20220424T191536_20220424T191601_042919_051FA1_8FB1,1650827736000
S1A_IW_GRDH_1SDV_20220427T083936_20220427T084001_042956_0520DA_3C2E,1651048776000
S1A_IW_GRDH_1SDV_20220501T190752_20220501T190817_043021_052304_1B0B,1651432072000
S1A_IW_GRDH_1SDV_20220506T191536_20220506T191601_043094_052568_D146,1651864536000
S1A_IW_GRDH_1SDV_20220509T083936_20220509T084001_043131_0526B1_C5EC,1652085576000
S1A_IW_GRDH_1SDV_20220513T190753_20220513T190817_043196_0528AC_38B2,1652468873000
S1A_IW_GRDH_1SDV_20220521T083937_20220521T084002_043306_052BF0_DF40,1653122377000
S1A_IW_GRDH_1SDV_20220525T190753_20220525T190818_043371_052DE3_F049,1653505673000
S1A_IW_GRDH_1SDV_20220602T083938_20220602T084003_043481_053115_D6F0,1654159178000
S1A_IW_GRDH_1SDV_20220606T190755_20220606T190820_043546_053311_92F2,1654542475000
S1A_IW_GRDH_1SDV_20220611T191539_20220611T191604_043619_053532_5C2A,1654974939000
S1A_IW_GRDH_1SDV_20220614T083939_20220614T084004_043656_05364E_21A1,1655195979000
S1A_IW_GRDH_1SDV_20220618T190755_20220618T190820_043721_053845_F32A,1655579275000
S1A_IW_GRDH_1SDV_20220623T191540_20220623T191605_043794_053A70_81B4,1656011740000
S1A_IW_GRDH_1SDV_20220626T083940_20220626T084005_043831_053B92_2630,1656232780000
S1A_IW_GRDH_1SDV_20220630T190756_20220630T190821_043896_053D81_265B,1656616076000
S1A_IW_GRDH_1SDV_20220705T191540_20220705T191605_043969_053FA4_5CD8,1657048540000
S1A_IW_GRDH_1SDV_20220708T083940_20220708T084005_044006_0540C0_AD63,1657269580000
S1A_IW_GRDH_1SDV_20220712T190756_20220712T190821_044071_0542B8_76A3,1657652876000
S1A_IW_GRDH_1SDV_20220717T191541_20220717T191606_044144_0544E4_819C,1658085341000
S1A_IW_GRDH_1SDV_20220720T083941_20220720T084006_044181_054606_5349,1658306381000
S1A_IW_GRDH_1SDV_20220724T190757_20220724T190822_044246_0547ED_B5AE,1658689677000
S1A_IW_GRDH_1SDV_20220729T191542_20220729T191607_044319_054A0A_840D,1659122142000
S1A_IW_GRDH_1SDV_20220801T083942_20220801T084007_044356_054B2B_D1FD,1659343182000
S1A_IW_GRDH_1SDV_20220805T190758_20220805T190823_044421_054D0F_119A,1659726478000
S1A_IW_GRDH_1SDV_20220810T191543_20220810T191608_044494_054F48_4557,1660158943000
S1A_IW_GRDH_1SDV_20220813T083943_20220813T084008_044531_055086_8F0D,1660379983000
S1A_IW_GRDH_1SDV_20220817T190759_20220817T190824_044596_0552BE_5B1A,1660763279000
S1A_IW_GRDH_1SDV_20220822T191543_20220822T191608_044669_05552A_5B68,1661195743000
S1A_IW_GRDH_1SDV_20220825T083943_20220825T084008_044706_05566A_5FA6,1661416783000
S1A_IW_GRDH_1SDV_20220829T190759_20220829T190824_044771_0558A9_827C,1661800079000
S1A_IW_GRDH_1SDV_20220903T191544_20220903T191609_044844_055B13_B4B7,1662232544000
S1A_IW_GRDH_1SDV_20220906T083944_20220906T084009_044881_055C5C_AE88,1662453584000
S1A_IW_GRDH_1SDV_20220910T190800_20220910T190825_044946_055E80_B793,1662836880000
S1A_IW_GRDH_1SDV_20220915T191544_20220915T191609_045019_0560F2_9ACE,1663269344000
S1A_IW_GRDH_1SDV_20220918T083944_20220918T084009_045056_056239_BC8C,1663490384000
S1A_IW_GRDH_1SDV_20220922T190759_20220922T190824_045121_056467_7216,1663873679000
S1A_IW_GRDH_1SDV_20220927T191545_20220927T191610_045194_0566D7_AA41,1664306145000
S1A_IW_GRDH_1SDV_20220930T083944_20220930T084009_045231_056814_FA2E,1664527184000
S1A_IW_GRDH_1SDV_20221004T190800_20221004T190825_045296_056A50_5AFE,1664910480000
S1A_IW_GRDH_1SDV_20221009T191545_20221009T191610_045369_056CB2_0ED1,1665342945000
S1A_IW_GRDH_1SDV_20221012T083944_20221012T084009_045406_056DFC_5D39,1665563984000
S1A_IW_GRDH_1SDV_20221016T190800_20221016T190825_045471_05700C_8D23,1665947280000
S1A_IW_GRDH_1SDV_20221021T191545_20221021T191610_045544_0571DF_5136,1666379745000
S1A_IW_GRDH_1SDV_20221024T083944_20221024T084009_045581_057328_4A8C,1666600784000
S1A_IW_GRDH_1SDV_20221028T190800_20221028T190825_045646_057558_347F,1666984080000
S1A_IW_GRDH_1SDV_20221102T191544_20221102T191609_045719_0577C9_BA5F,1667416544000
S1A_IW_GRDH_1SDV_20221105T083944_20221105T084009_045756_05790F_695B,1667637584000
S1A_IW_GRDH_1SDV_20221109T190800_20221109T190825_045821_057B4A_7D17,1668020880000
S1A_IW_GRDH_1SDV_20221114T191544_20221114T191609_045894_057DB6_8EEE,1668453344000
S1A_IW_GRDH_1SDV_20221117T083944_20221117T084009_045931_057EF4_80AE,1668674384000
S1A_IW_GRDH_1SDV_20221121T190800_20221121T190825_045996_05812C_FE8C,1669057680000
S1A_IW_GRDH_1SDV_20221126T191544_20221126T191609_046069_05839D_83F2,1669490144000
S1A_IW_GRDH_1SDV_20221129T083943_20221129T084008_046106_0584E7_A8FA,1669711183000
S1A_IW_GRDH_1SDV_20221203T190759_20221203T190824_046171_058721_68EE,1670094479000
S1A_IW_GRDH_1SDV_20221208T191544_20221208T191609_046244_058998_E008,1670526944000
S1A_IW_GRDH_1SDV_20221211T083943_20221211T084008_046281_058AE0_D58C,1670747983000
S1A_IW_GRDH_1SDV_20221215T190759_20221215T190824_046346_058D13_5E4C,1671131279000
S1A_IW_GRDH_1SDV_20221220T191543_20221220T191608_046419_058F94_CC02,1671563743000
S1A_IW_GRDH_1SDV_20221223T083942_20221223T084007_046456_0590D9_0AE0,1671784782000
S1A_IW_GRDH_1SDV_20221227T190758_20221227T190823_046521_059310_4B2A,1672168078000
S1B_IW_GRDH_1SDV_20191127T083831_20191127T083900_019110_024116_93D1,1574843911000
S1B_IW_GRDH_1SDV_20210325T190648_20210325T190713_026175_031FB3_E1B7,1616699208000
