Time,Tran1,Tran2,Tran3,Tran4,Tran5,Tran6,Tran7,Tran8,Tran9,Tran10,Tran11,Tran12,Tran13,Tran14,Tran15,Tran16,Tran17,Tran18,Tran19,Tran20,Tran21,Tran22,Tran23,Tran24,Tran25,Tran26,Tran27,Tran28,Tran29,Tran30,Tran31
2017-01-16 23:43:52.141,226.05803355169388,224.79900812251475,220.1595348866416,217.30272775934264,,,,,,,,,219.39344450216225,222.9442945387618,,,,,206.80115767659584,,198.54231895406943,206.84509157784788,211.1426594191641,207.89533248239275,207.6619247111448,,,,,,
2017-02-01 23:43:45.242,228.5223687804624,223.13132033104037,217.6116088997972,216.5855290832636,216.6216211791282,212.9787633740989,212.92003414358604,217.72324399603303,221.32275880996667,218.73379115919772,222.48141247596448,221.4430095390975,223.92861905709808,222.16931136154847,224.0740979385624,222.26449840747347,216.8147064724878,211.952612954138,211.08931306713757,212.50494475612183,208.98745313908083,214.5074665009034,216.04329614042183,209.65391694663836,212.4122422938509,210.29927936285085,204.86464790652863,198.05139107648975,195.02835958644985,192.4486462818716,201.6836669048498
2017-02-17 23:43:38.650,,,,,,,,,226.7173382702496,223.9215998084588,226.43107683899476,223.08600811704085,227.50453029220563,223.283699338204,225.73315836416583,,,,,,,,,214.25116771608668,214.3809836957153,212.34564646548583,,,198.44408935463463,,204.10393749855265
2017-03-05 23:43:32.021,228.27783092168224,223.5521733263275,218.54116110103277,216.17891025801055,217.527902323403,214.3842632698216,214.32096160137988,218.06488198445624,221.59209130071747,219.239511391797,222.6946293747875,222.41704505533625,225.0551581577617,221.96384334917812,224.17377257539545,225.1923355745913,219.37240869908123,214.10340555095968,213.6222250455584,214.5651042456778,208.99925697960552,215.20246457642665,215.9948959270622,209.3928610878656,213.23412877706227,212.539410292687,205.82248194566728,199.0664516965108,194.90581394529292,192.65244262528503,202.64293597403616
2017-03-21 23:43:21.860,229.15643354311192,223.1505974755316,218.7021780670191,216.14624255915,216.35092955092915,212.9986225707864,212.93982873340696,216.38121312688577,220.01979807041997,218.27126845368028,220.83405500154905,222.94581819786737,225.09483912817217,221.89115013436492,223.7887297818075,225.0479196720514,220.95136098286,213.56480663261885,213.05902713961643,213.2245263659756,208.78334899716748,213.128383149159,216.36686390264907,207.6165259484828,212.69594250185528,211.8582150746788,205.0425657496454,198.88975507961663,194.3287073174648,192.36039482300131,202.32086368665105
2017-04-06 23:43:15.009,230.0661681194757,223.85206817889875,218.31858443467385,215.34022995968053,,,,,,,,,226.12444754783883,222.9398447217085,,,,,,,,,,208.2401712493277,,,,,194.7683687460736,196.01427296688928,203.4744307445008
2017-04-22 23:43:05.407,231.5559929364235,,,,,,,,,,,229.23910257860788,239.0346798531024,,,,,,,,,,,226.0936388685122,,,,,,,
2017-05-08 23:43:04.412,229.30682902392368,229.5098899283157,217.61828727977937,219.32915043298004,224.60142494691613,223.64817089872017,223.61026530982085,228.6586066845571,235.6467081163925,234.8420045639105,230.42675648516772,224.16635942316785,230.15669314150037,236.68398119639275,235.01248475255477,229.51593493662136,221.97119542704348,222.00608765629585,221.86112581671267,216.0471950775803,213.2898818862971,225.4458772054425,220.718488810443,224.00215842193205,231.53688775817835,222.31288387407636,209.3016505477042,204.5889531048593,210.1367615071369,204.20258291862268,211.29613881489811
2017-05-24 23:43:15.527,,227.50937208777495,,,,,,,,,231.78093893858815,224.25990726689253,233.7662487676301,239.48940591136457,236.5706222555158,232.2695113016285,,,,,,,,,,,205.0949940324047,204.4654598447652,211.7426191795449,,
2017-06-09 23:43:23.482,223.51577124917168,221.7410131380977,212.74959689998323,215.5788365553113,222.96464515548308,221.04217688315444,220.9572153790732,223.35147734119008,230.5081851641796,231.4510467035443,225.36845578796857,220.1424190981415,224.8974030564653,231.2580495471203,231.9451157240213,222.61196922259967,213.7091834207784,213.9281989360649,213.98732395879296,209.953720345367,210.62683850686776,216.01972333098348,216.6580354325885,217.5694505788508,226.28480686659464,214.3216455075388,205.85202122128985,200.3474523545549,205.2406171229185,200.2127665608788,207.8007198758084
2017-06-25 23:43:28.736,222.3756492882169,221.2654573060986,212.79327255827724,216.55870923826748,,,,,,230.03495148054856,224.5827027231748,218.816261353276,223.6474630499849,,,221.171949489102,209.7082703520731,208.4402284799733,208.6719429263548,206.0852347644227,207.85094742002155,213.4843499237768,214.86748281653192,212.30263967457452,,,204.57160332130763,198.1807506532451,203.15299453181743,199.8922283424833,
2017-07-11 23:43:31.504,227.6979623886904,226.21096546094304,215.57051000514485,219.50952041934244,226.48306354777924,227.0790170296936,227.0398633912209,228.68821268064767,234.12841228310543,234.0140932978195,228.52022437802088,221.61444725043984,226.6021027869915,234.4683070461616,231.6928308749118,221.96218168463255,213.38549900837324,212.9269619371807,213.64856293161455,208.903812127118,208.3537996108564,214.23530169888792,215.85744353787325,213.4573686534847,221.8847933210644,214.35553238897893,205.5580232050604,198.09932716387965,201.414569625485,199.6044465574793,209.4183092065828
2017-07-27 23:43:39.194,,,,,,,,,,236.23495140653995,234.6104878479372,227.5778719975976,230.8075240516198,231.8482777170261,230.58479017196635,228.9612499372311,221.2057098308782,225.2834138040727,224.66116692324687,217.0556063492472,213.465980894054,,,,,229.3995111291732,213.409958489975,200.30098676389167,196.3357991265579,,
2017-08-12 23:43:45.406,229.99185369144456,219.76354825724772,220.92013923436068,228.6270944010542,,,,,,,236.9959394653537,230.3572335565513,,,,,,,,,,,,229.0386898069642,233.7725395867024,,,,,,200.19221253519424
2017-08-28 23:43:49.096,230.6290830491521,222.5647605994795,225.149139626109,226.6259107172097,230.9028394997412,229.8844365994684,229.8332768504237,233.96223614031936,239.2704307936271,238.31345414269697,233.33096771460325,226.6902479288196,226.9189073427115,231.19211802296869,231.81067178063768,227.1335389796762,217.3244477965982,214.63954263344897,214.8443090878688,207.4214663727989,209.83368720250533,218.48767384256965,221.9464666185393,224.0034728193425,230.4987380604971,224.6174477232101,212.6917880818769,202.13808974999543,195.40571289401797,190.88634540123945,187.84446710695897
2017-09-13 23:43:49.486,,,,,229.25189998426805,227.0696927645693,226.94701718627775,,,,,,,227.9290501049364,,,,,,,,,,,,,,,,,
2017-09-29 23:43:56.836,231.03662027424184,227.40166258185675,225.6222484792359,226.03124482181687,231.12223501429264,230.8026809352752,230.907437994942,233.54621158630272,236.7660116941001,238.5985167943853,233.6502772792322,224.49440158951737,232.3720621714908,233.0590783995017,230.970277301225,224.7873566340253,214.80550926339805,206.2164342651232,206.6226898775724,191.83874017350087,197.1543007375745,202.0576617374959,208.3098943559227,203.75876964157567,200.18129389422396,199.0575260617924,193.0831600686948,185.5597282959838,183.1753925923541,177.09898139761077,182.79644617381132
2017-10-15 23:44:00.777,,,,,,,,231.10997542385496,234.4756086965554,240.0898971070026,236.11366215967087,230.72252000951977,,,,,,,,199.0492364993444,203.43622224848477,206.10185968082757,211.80951430391508,203.04211428576315,199.7805752037733,200.7321654943942,192.3043894057316,,,,189.97719889010563
2017-10-31 23:44:01.037,226.62347548661035,226.56840979780617,224.53743112318168,219.44281717153092,226.04563143099796,225.47852573109836,225.48595355818395,222.7884310951193,228.45380892446704,232.69654902153755,228.52852613621005,224.53212935939072,232.8972950206593,230.70593799773928,228.49185901053264,220.83805244460177,212.3692790441945,204.46642571795417,204.7532876798316,190.33291536129929,191.80372498332036,200.2216517080019,207.32634892062495,199.55982077775892,194.38854282183715,194.16533103635007,182.0876869158101,183.56752378682685,174.31150589498606,165.8558244344208,179.3143430004734
2017-11-16 23:43:57.434,232.10386571887165,227.99009835272744,228.21846770058056,222.9152441186966,228.32899334306583,226.57799591806543,226.54643987245015,226.03632140321724,233.68901756045665,238.1982746848487,229.51884192788648,224.94279931050363,234.0674142087943,232.0541675095984,232.00965077811665,224.28595744724197,213.78172903836816,207.8995966589343,208.30959974568705,191.90800747480068,192.42413764872325,201.3787615970568,204.74119082199817,197.21504234276784,194.599051832509,195.60412923607345,184.0962155787072,177.9350435014247,178.21656210958474,169.81821675591266,179.2176518416142
2017-12-02 23:43:51.980,226.2159325654616,218.0433987858508,213.4753474356687,217.8105805204858,217.34101384645936,222.48594118167276,222.61186049202516,222.7411241770992,227.6807628687573,225.39142116753317,218.39994531546412,213.08527528706907,213.4977167011152,215.45380310655815,210.1362576326625,208.07412238061477,,,,,,,,,,,,,,,
2017-12-18 23:43:54.678,224.4854412323628,216.1532213880812,213.4538880841912,,218.72493189643257,,,,,226.15300365895249,215.89361480785556,213.13610872564888,213.37378424300232,216.0382992615121,211.1053800674086,208.47994755727265,204.6382418185091,201.49787071380945,201.95521619070792,189.3070714100317,198.1568856097595,,,,,197.7178526742516,,,,178.24106174349882,180.1716206377834
2018-01-03 23:43:51.301,223.2609074194368,218.01677499544556,217.3111067511973,222.07779144346927,223.3934424455188,231.3676949790014,231.17772717342325,228.32785858894653,227.93634910470317,233.3651559155109,222.21930899273923,215.2071022762537,220.26823369709425,215.24754875215012,218.34577657937643,216.6135309719283,204.46770588169747,200.86296059905607,201.4669824956313,187.8776790851081,200.7578879010328,200.86215245932203,204.75096008567,202.7328535620849,197.9445125917389,195.90966766189356,192.0781171062711,181.4846920814573,181.31712397587427,179.2647026857025,184.8434006661952
2018-01-19 23:43:43.698,,,,,215.0975571036518,,,,,222.3783143428892,215.5815952493532,213.21984155844268,213.1786155866528,216.95769129819203,210.4769291489731,208.06110030589895,204.75519313280293,,,,,,,,,,,188.99492209798217,189.1156101040168,188.38485141664785,189.06975920201955
2018-02-04 23:43:34.752,228.1141991785517,,,,220.31636544018264,221.9877885814329,221.9087593803509,222.53370951622148,228.7402764404096,226.19328865077085,,,,,,,208.20836552137504,206.0898516067456,206.40361987584225,195.5971506189869,202.1487267292697,206.68401766911552,213.59718288044303,,207.4008582987328,206.25647407561152,,,,,198.6004795688071
2018-02-20 23:43:29.266,228.9132673895912,221.21945735105555,219.59478355816907,220.77038861374228,222.29907125146488,225.35984571769248,225.15605425253864,229.76892360014705,227.02057282308417,228.4541753449496,222.58927324245968,216.43303571209128,219.04033936533384,221.4846526073084,215.8450054223621,209.28813299616817,208.90371357600577,206.5225728541581,206.8680912109531,198.5334571490724,204.055719726644,208.23648402169573,211.89684088443056,208.6862907255264,206.24266789714147,203.53217980700575,201.34139045978085,198.88461544996383,199.5012948579753,200.13672994619972,207.3272774593384
2018-03-08 23:43:20.936,,,,,,,,,,230.49484890211792,223.404236845144,216.61792548766687,220.49863377850411,222.26800572412816,216.48326879781095,210.01294048965792,210.0187183814899,208.1969272870561,208.4995326484542,201.49978390690637,204.89142208709205,209.71775246387668,213.2177837399945,210.62915350734687,205.80027590788512,203.7058767430873,203.08760961964956,200.7455568978872,202.0766916095256,,
2018-03-24 23:43:13.284,,222.0575157971269,,,,,,,,,,,,,,,,,,214.576881087767,,221.85222296306105,217.56947454403655,,,,,,,,
2018-04-09 23:43:05.235,239.8787363972686,225.30985904404275,225.2588321825222,230.82903973417297,229.84548619751723,232.70441124308783,232.62876126124016,237.118600192516,243.65473692479716,244.2730693834573,243.3630456031964,242.22261634652943,241.69686095363252,241.1244928481797,238.574158264555,239.14443409193964,236.85687985855245,230.4686766218352,230.65048504735017,219.32819501003655,214.17957250814163,222.63476586007232,222.42547715932287,224.64989859353605,214.5758086661781,221.11857478884608,212.38996219415503,210.3135760270769,209.45967744564936,208.34702339654723,212.1971331267204
2018-04-25 23:42:55.959,243.8690584840144,227.6441801965617,229.08983389915008,233.82932874370792,231.81673812276935,236.0936331111438,235.9921891551042,,,,,,,,,,,,,,,228.19763640391943,226.4793788757543,229.6252329256841,216.382400479948,225.4828343260104,,,,,
2018-05-11 23:42:46.306,242.31625440750744,226.94189193000523,228.17729325680284,233.1932335915742,231.4791002180413,236.45847866316143,236.37970040126092,239.48656250233384,245.91881004993965,247.6599407619844,249.92841723037955,247.9822908881128,243.79732319480613,245.78998600434488,241.97672550545477,241.4878208178646,237.7075406159396,232.6344212316877,232.60791937211027,221.32958366631584,215.37664827750248,225.45319505784263,224.022480708282,228.1658867969697,217.9431618533333,225.32002782610675,215.7565193553398,214.20163305535817,210.92877766109945,210.91614104086656,214.07841014669947
2018-05-27 23:42:33.805,238.5015500621568,225.88193323891872,225.90419812605143,231.7903115219788,229.4493942273153,234.38486385002008,234.35681773606296,236.66740989680252,242.1330379347065,245.143857287658,245.35705109871236,243.40767632107963,241.7363495968461,239.80830031004484,238.71384864936957,238.62847428402893,234.33888309045275,227.02904949082588,227.6850299774057,217.2954076802189,212.6599053853858,217.6047910436968,220.61405998271607,222.56101635064155,214.02211636714304,218.479981433413,210.1215732846758,208.3141444644384,206.2115402003435,205.98451657365771,207.9899746506302
2018-06-12 23:42:35.106,242.80984104502335,229.2098315190792,228.86518702098508,234.4389133863045,231.90706503951915,238.3222443439632,238.46672589143105,239.61524694239137,245.7461232135546,248.70370617120565,250.7477963949037,248.49309124325796,243.095179199218,243.3115876397856,243.1923271208543,241.1226826214856,236.2016993426558,229.8036737159161,229.92912256775423,218.95372274485555,214.2448678623473,220.49895378747425,222.3478533045254,225.59558654493588,217.0766642614052,222.889804144721,213.5852535627044,211.22494751160383,208.17719454432472,208.74289237257008,210.28461076005232
2018-06-28 23:42:45.373,235.79569689063075,227.4029944062764,219.74902837300533,224.4667499546284,,,,,242.9079172559933,,,,,,,,,,,,,,217.63133154651933,214.7154396643548,213.0404481197773,208.373190582654,209.600999936351,,,,
2018-07-14 23:42:53.218,,,,,,,,,,,,,222.93501886661136,,,,,,,,182.50238355727424,194.41644368568697,201.3867047780964,,,,,,,,
2018-07-30 23:43:00.310,230.86397182299535,220.90518974608312,215.17839888764112,220.8556968592756,228.59544590786737,229.16321405489265,229.56145598890512,238.62343190753512,241.4614634805984,240.2465058985767,234.673857111108,236.4912538473672,237.6912017855549,231.5419782315143,231.9383345765866,226.00715479896704,223.82305931152663,217.6343075488369,217.79044119500128,200.26691709784728,202.24737064269172,206.0025726404025,215.5975916600036,210.8133824128525,213.3086771912786,211.20921548677717,202.58376195268733,196.34300508301797,187.8888754036117,193.74214842291215,194.4606219409468
2018-08-15 23:43:09.465,,,,230.67138050385384,,,,247.655219812474,245.9503782083125,246.33947220290133,239.25446418098184,,,,,,,,,,,,,,,,203.86073667921693,198.21462717876253,,,
2018-08-31 23:43:16.376,225.7368460183916,223.81255942000087,222.44424764661284,,,,,,,,,,,,,,,,,,,200.69952713123809,209.6145333852748,205.86897590863416,210.13293467688445,204.5344598575112,197.86556998386035,,,,
2018-09-16 23:43:20.915,,,225.38476359182863,227.54578482407925,,,,,,243.3533260817727,237.12249650853605,235.59220608295803,234.0942891003761,229.2610456682172,228.52572230898303,213.87505480260688,,,,,,,,,,,,,,188.3149240194199,197.81038376325037
2018-10-02 23:43:28.352,234.34205717255145,230.24470909224505,226.98981829463463,228.73159932108567,236.90356495016653,239.50368385536007,239.39436993603204,244.72703647269336,245.4428525497285,246.1909802259316,240.6449527570289,238.10535093088592,236.65983842318195,231.2446812511999,230.4694408711187,217.81486120934568,210.8718631378785,206.2865713105147,206.68966177402064,193.86050037102007,193.6889653556101,203.3083795679343,210.35574454767564,207.6596191964344,210.09446467680496,204.01267501553164,199.20862469507105,192.45889120566304,189.11790420143652,190.01785828335957,198.36132739038544
2018-10-18 23:43:34.812,236.46789462166944,232.5317592993262,227.53000177232596,228.59826367142736,,,,,245.9270787015892,,,,,,,,,,,,,,209.88354410949603,205.27577459339508,208.38932592616737,206.92766204156592,,,,,
2018-11-03 23:43:38.507,222.65624687418,226.82418858672077,225.3564092048213,223.7658402949283,230.97738507778664,236.42375736110597,236.3601706243482,239.4390294734141,240.97407952367405,239.8705524034599,232.6504377815665,225.65074141255667,225.82093639547597,222.3754139170222,223.11578835511187,205.9963077635384,202.1184302981356,196.70594308956345,195.8053669547937,183.0817086010028,178.0914458671978,188.049231362746,194.65473745575983,,,,,178.98868698725366,174.33559062456015,182.15436344291143,
2018-11-19 23:43:39.305,227.76598439277427,219.83764220891368,219.85981380672496,222.70336957862827,220.90072214571356,222.48063897585152,222.3552903778884,228.4211890258568,227.84921193149597,233.8698071018993,229.21674171211504,224.1703957935463,226.367531681324,222.6138120206137,214.5578426057915,209.1066069334219,207.37222775366016,204.9096927058821,204.6039245401232,191.9547849252064,195.46192660693475,200.3191844141456,194.66239051220447,197.5727201883874,195.0079323363266,190.17146359531864,174.35095417457904,171.72269363617767,195.0545639743466,195.460515273586,202.35648745308163
2018-12-05 23:43:37.158,227.4971414197395,220.1295302898943,219.2613971869256,221.85050510706915,219.9011135559032,221.11839699853076,220.99748010981523,,,,,,,,,,,,,,,,,,,,,,194.66908907880756,194.3902988920233,200.9091312402431
2018-12-21 23:43:35.776,229.7128941020144,222.31299940041808,220.4445511914167,222.46338810279556,220.70441021818615,222.21294976062995,222.08847202172888,228.18204152394088,229.51471265872263,233.8965266597504,230.5060428114916,225.1256062197666,225.86407874328967,223.68349379661728,216.07384223424327,209.6580434195133,208.57277156661823,205.3374234151785,205.5752503824864,192.3109282059372,194.20514627545185,199.99538748625275,195.1084205962442,196.02814845984716,194.09941052944208,191.46894667913003,175.3544292902127,176.52951879683735,195.89507593571224,196.099378179504,203.2661248157493
2019-01-22 23:43:31.316,,,,,,,,,,,,,,,,,,,,,,,,,,,176.5580060806156,178.3921604789189,195.92339064942485,195.80228458947005,204.1912944661269
2019-02-07 23:43:28.740,233.81596179175023,224.5513316739171,221.02030521410995,222.38646654022187,220.33645878211732,223.2514441269696,223.07298829899216,230.6327505863983,231.10403088481613,234.27258493244943,231.80535784631508,225.19418464922836,223.85866559834315,223.194905648096,217.25428414656292,210.88354046669892,209.30740344264407,205.68469090523095,205.90565492361844,193.9471061169376,194.0106708327703,199.04860372026528,196.13483229222103,197.2026084811459,198.1501442642392,195.36073701088188,181.91790363440376,185.48932924645032,198.8677383561952,198.62566065388893,207.917774332984
2019-02-23 23:43:25.642,,234.9358223163012,233.29007502487184,229.5690903614079,229.42995614587832,226.2004151936092,226.17008751124817,231.5873812486851,238.03755774412215,240.10500011334423,237.1899005723564,239.4577723913124,240.8651884994386,235.1980603920056,232.1448047701084,226.04711791558805,221.61053523850364,215.74705141396333,215.423629192436,213.75925277340536,212.62204509688303,216.1779721648203,221.7008666388891,223.26294804955168,220.00474804536145,215.08530087540456,209.6813464352392,204.80648575021985,210.45882299663225,211.7852479872417,212.68214517314308
2019-03-11 23:43:20.032,,,,,,,,,,,,,,,,,217.3419628647715,212.5436893517067,212.3171040496509,,,213.4765178110415,219.414179699041,,,,,,208.2482037461782,,208.7455792233671
2019-03-27 23:43:16.661,,240.12553748247572,238.28864545879472,235.8477621635295,,,,235.83270025924003,239.7097387971051,,,,,239.7511563462528,235.32591986155816,231.85646960635876,228.76853672010645,223.8269707711813,223.51676682570732,218.56755021691225,214.901158211234,225.8665684376108,227.84155462736405,,,,,,,216.5488514818045,215.12920845118697
2019-04-12 23:43:11.800,,,,,233.02075485486216,235.79230716518228,235.73077469170468,239.2286978420188,,,,,,247.69656466972347,238.88299725420492,236.0674975789404,233.8191810828788,230.98815614953088,230.615160056984,222.01568983241668,218.07392174800583,230.51070671269156,,,,,,216.39853559742448,,,
2019-04-28 23:43:07.632,243.6662147622813,241.0342865481025,239.6706695427408,233.08856931458348,230.5236301694383,231.54658023227424,231.49591612229125,234.997898691386,242.91188424924675,245.6442062973677,248.14497388790411,248.2643085969922,245.36614377458807,242.32712465338855,236.41722166880632,233.8546532580324,229.44686906497083,225.37296915676868,224.83306909436408,220.2925907020033,215.01024545683435,225.2649579873421,228.5794960745444,228.3333791308472,223.5175163697344,222.66297458286405,211.1737944677101,211.3265989251697,214.65707559992,217.45666671640504,214.67347285885091
2019-05-14 23:43:17.381,246.12790183304548,243.12066625618215,241.9266857539302,236.11012935875053,,,,238.0181080301636,243.00947931137236,,,,,241.78440002869505,,,,,,,214.12465895775145,,,,,221.60032312564883,,,,,
2019-05-30 23:43:26.318,225.93682650419828,224.22624335610564,,,,,,,,,238.24549279824905,,,234.50616665772813,,,228.59245083396584,227.86469300055484,228.4518399141678,,,,221.50257574405663,225.85863587536363,,,216.5965991636653,,,,
2019-06-15 23:43:32.994,229.18763730121236,222.19169982924308,219.3047390984551,224.56487507189823,226.64279456968237,224.859522999091,224.704642101343,237.5882288618732,246.20570788686905,241.7540888394704,234.10987160932456,233.35620069569825,235.49783774893413,232.2862534815748,232.0034620738466,227.73177871685576,222.07946747451112,222.52257984075504,222.40177850679905,216.56080598727704,211.7766628838132,220.5167740741343,219.212329230024,221.2061351952278,229.21687540650453,225.34684853688012,215.03832586198408,214.75617440855103,216.42208608444352,214.56967098802332,213.03978737812025
2019-07-01 23:43:37.595,234.1627596879057,225.9306476904112,223.6304205485471,229.60133200456352,232.760775921045,229.29474756584145,229.32576810042028,240.8765795309128,251.6276078164913,246.70012436607868,235.81244540076707,236.65409300862743,237.59169305392243,235.4446603643825,236.18473772449644,231.21916149697904,227.2956005145363,227.31917657455728,226.7772949852527,219.03979118468,215.06429142178672,224.38465723488537,220.444175282708,224.6832931717992,228.61977100904605,226.44900381195237,219.62518045620828,217.88912803915107,219.40409671429884,217.269222968232,215.4105082451516
2019-07-17 23:43:40.176,239.57574412005744,236.7131400545048,234.35509458343464,,,,,,,,,,,,,,223.32016597052203,,,,,,,,,,,208.0333871189653,208.3492852977066,204.1838581852205,
2019-08-02 23:43:47.089,,,,,,,,,,,,,,,,,,,,,,,,,,,,203.6318065396239,203.71502056318275,201.95834238030105,205.6205113505029
2019-08-18 23:43:52.330,,,,,,,,,,,239.6968827703972,,,,,,,,,,,,,,224.4052207281477,221.13007313350147,,,,203.92763846714308,210.0351948851621
2019-09-03 23:43:55.610,,,,,230.61182212884256,,,,,,,231.1488036979465,234.3042587023462,229.17863009319092,,,209.85092549205643,,,,,,208.10490622815195,212.7462507416518,215.021954802536,209.30132344034104,205.5309897755781,200.5381163531464,202.23632244811017,199.5145511858649,205.5338275667843
2019-09-19 23:44:01.368,233.7029866150488,231.3023039162316,227.5829457746344,229.67888038463667,229.23318358843088,234.3471159825007,235.09008875367965,246.95081234881536,246.7355069344432,242.22447283235223,240.6524687799013,229.30916907408687,232.26472522481367,228.36795402612248,226.2698342067686,218.03672990993223,209.85445773174908,204.3840064430102,204.0808910389485,192.54954132063975,196.3329635099369,202.26226384910368,206.37974716785996,209.70294665158085,214.29554955518705,209.18064664908064,204.2999009097863,199.5725785569068,201.78237400763408,199.2822322231137,204.4828487718962
2019-10-05 23:44:05.416,235.4731252891374,232.28789433239305,227.9983995163872,229.8263211870434,228.92788035400704,235.44707623663,235.8776078064945,246.96143709632824,247.03965701922868,243.4742218470405,240.9808671201265,228.28485894541672,232.0364261965925,227.89666302791167,226.9688906150756,218.7786256479285,210.11501634330816,205.88675379737836,206.04996140724367,192.66923621719576,195.28044609361157,203.00365015266772,206.14077825104837,208.1286143437627,213.84474971383472,209.0921351665177,204.3669288570175,200.61191061569195,202.08566962620043,200.26641013696468,204.666168856323
2019-10-21 23:44:06.966,,,,,,,,,246.94300198088104,244.5791106570293,241.70412331918035,227.77385781101944,233.4622044559037,227.8490816331733,,,,,,,,,,,,,,,,,
2019-11-06 23:44:05.755,,,,,,,,,245.1887639585952,244.98628693879732,242.8423034471157,,,,,,,,,,,,,,,,203.99683607127852,199.9842723149078,199.818982424686,200.98309829982867,204.80829256686533
2019-11-22 23:44:26.133,230.58085133812165,226.65274888566492,218.57408384841423,223.41636818344125,227.7292197006981,228.26230145819204,228.18955852929656,230.6996005594584,235.47453169702828,237.3498455615864,230.8894187333526,215.66751781782523,213.20260815540985,203.00618298181905,207.231062305272,206.5328463067694,205.08741672382604,203.7831411583549,204.28395281413916,189.8673801392544,182.9735706131489,194.01727263578465,201.80294211588125,196.5092733803403,200.81316286329096,201.08529701420343,190.0000335733872,185.8933100494358,189.85597080676277,189.0357520454828,190.44998322326865
2019-12-08 23:44:01.808,233.5233047329696,230.1801581338107,222.7249409247736,226.64916160876805,230.77019691645165,231.30965473734005,231.21817388396212,233.56297869797743,241.8204393818933,244.9357508270196,238.70640263998695,220.0192909251377,219.18717271982223,207.9220320762799,215.52310695594963,208.06454098153773,206.02183872444,205.3043023546533,205.75883330762184,191.91528244533023,185.74479970876544,197.29742805527965,207.30127719358435,198.96964258240064,200.84221325059627,201.7420706081573,199.35138930687012,195.8929066734565,193.55543649314947,192.06172549390288,192.99925742374728
2019-12-24 23:43:58.649,,,,,230.2015263664785,230.30108271884933,230.2574145533028,233.39358409949048,,,231.1733521422128,217.0065113699908,216.29337354505384,206.50362071923365,209.92491233992783,208.06493528690024,206.28155650338329,205.06611104832797,205.61620023333907,189.73005615328316,182.97876118418787,191.8742270817179,201.72625935809265,,,,,,,188.1688160947727,189.4439330255005
2020-01-09 23:43:54.781,,,,221.67451232436224,,,,,,,,211.0236280695171,194.95502401155923,216.06596675983863,220.3599727323385,212.26469368795728,,,,,193.65810157817455,198.0333159015836,195.6638278158493,199.29920972464447,197.77313733584265,,,197.35799091714432,193.7016078182124,194.56968965245505,196.88795623222276
2020-01-25 23:43:50.634,224.64824918788105,,,,,,,,,,,199.11310044429376,187.27131120241012,206.67771974833136,208.57121292670013,,,195.65353983893067,195.2063396977117,184.75690782006689,182.7850391187443,191.2527832187813,189.28220806607052,187.40838945297727,189.73330424837812,,,,,,
2020-02-10 23:43:45.957,,,,,,,,,,,,,,190.72065747702632,193.28003887622685,190.81900785368867,177.5755323588324,,,,168.18922434245792,177.4041992068486,,,,,,,,,
2020-02-26 23:43:41.891,234.23007893205096,230.76034815825813,231.6286366750996,229.11734709048775,226.63848233726037,230.42163357627797,230.36217294700472,238.60043976467847,244.6707405929324,243.48067500025024,235.10816234527863,230.11106364553348,233.54183530720013,233.4454244299439,230.11684564021488,227.093628206236,220.56891081303203,223.23277289066263,222.89914477045977,215.42936672811268,214.3638415272904,219.5283401554377,215.27716025695705,224.4991420921181,233.22014949621015,233.910520834276,218.9841225615537,215.6956573180263,213.54179612599725,209.85811297536935,216.4409750129621
2020-04-14 23:43:19.216,233.43748495876315,231.05979379178197,231.8558023402825,229.08725307408568,227.09876811154223,230.56370340500467,230.50642252601384,238.86549926654655,245.09782625753863,244.28330075322648,234.67442960669783,229.02308441166983,233.22351544225828,233.0191568759876,230.1688969624672,226.7184522571665,221.48387417253576,225.17454431418392,224.7462995638627,215.4963171202101,215.27067891295496,219.2172651389844,215.493737303881,223.54018865133264,232.73417612687973,233.35014784434324,218.63345657586063,215.5040923612989,214.13306837046443,209.78196200207825,216.30057405195623
2020-04-30 23:43:11.134,,,,,235.46901617399405,239.64645480730152,239.59079455355828,242.4491683934745,,238.5599372863925,,,,,,,,,,,213.7180453994926,221.15143890394012,222.02823735988267,228.4712506945178,230.850525805078,232.0803517715002,,,,,
2020-05-16 23:43:08.693,231.13182610242032,,,,,240.72523157583868,240.73687465575216,,,,,,,,,,,,,,,,220.77720604656008,229.800859090792,232.1655363054562,235.4691898823973,,,,,
2020-06-01 23:43:13.720,227.2070505222743,226.458403040128,232.9094099370257,230.15394317428763,232.1016284168772,233.1434629606038,233.0587160517703,235.15389586062764,241.40755333447103,237.71332637530344,234.4712396106828,226.6640242482416,224.52632464677575,229.9620154689246,230.00681962429493,223.9340553249618,222.53594122801064,226.9265687355077,226.4188215754375,216.97676418449703,213.37923446234,226.09518677333315,222.07815702724264,228.97757952897095,232.09129868478735,234.02175447056013,219.54172938896244,216.40788683357056,218.14029453464084,212.53014944285837,214.8411027390092
2020-06-17 23:43:23.507,229.47617804259303,224.82830683249776,225.33849068929888,225.99904225636644,226.14011144543943,222.60367660098603,222.53990144097656,228.7022592651582,235.47337459271407,233.66139637666816,229.3368212312438,220.4372260503216,217.9337519762866,225.0687475477092,224.99616817283243,219.8066632205959,218.5758877314012,222.68714467088864,222.70940148083625,215.51886531401607,212.65387490050887,220.59917880533524,220.47212582699385,224.24419425672457,229.8353535095058,235.13868387390824,,,,,212.75044390860245
2020-07-03 23:43:31.228,,,,,222.62041847295,215.9108149711697,215.87901297220336,218.26113075117323,228.74755043605663,,,,,,,,,,,210.51780785682388,210.3177738919477,217.2768857397079,216.42160515138116,216.95605531612048,,,,,,,
2020-07-19 23:43:36.987,,,,,,201.62211801793487,201.60033475670247,208.50648392512397,211.61731928575307,,,,,,,,,,,172.30120088529554,,,,,,,,,,,
2020-08-04 23:43:40.802,,,,,198.7661166932586,199.5809353340277,199.54016009891495,206.1656866856907,211.2965185003699,,,,,,,,179.43656992215648,179.88984067165893,179.66482677673935,174.16899520864922,180.81888916441244,204.38766222029147,208.91799820018755,203.7539613363898,210.22367237359293,,,,,,
2020-08-20 23:43:47.081,213.57872431910505,205.13142489373175,,,192.24826265514147,195.69702095550275,195.62612854983576,,,,,208.01967858921972,207.31509926604275,206.86481759813097,199.4190072460565,197.979134646008,184.2676088631723,186.57173523747804,187.1040377276718,181.51874287348147,180.6854062128686,,,,,,190.41478194066605,178.6226907214833,183.67394173326915,178.32546753674458,196.01924722737203
2020-09-05 23:43:54.609,,205.3103712554092,198.9847440894698,199.322251235618,,,,,,,,211.3308137264833,209.3540391685515,210.3698248825464,201.25244483433096,199.565709351414,,,,,,,,,,203.1560679433819,196.9841324815073,185.1753310968678,186.29043208047275,182.0071536828084,199.38341449080005
2020-09-21 23:43:59.947,212.33683075007932,205.42947936857692,196.6655296653892,,,197.0682928705968,197.09703174789237,200.2339358365258,207.19812711355695,,,,,,,,,,,,,,,,,,,178.61718212778945,182.47127397382863,179.1613281965435,196.90518600041847
2020-10-07 23:44:02.879,213.94242594482532,208.687117817286,199.2940998620866,198.55065607964397,197.3037209163369,199.82971897669472,199.78208551872063,201.0333627052392,209.4108751997137,210.32978763635504,208.7006570202138,210.41324709296865,208.9710740359315,208.56507825376409,200.12660790257655,198.4390067485508,186.78510384730788,186.28275987075892,187.1146454643435,181.0626036820455,180.8470146462068,197.11718288078072,196.2290500998356,197.04815857461503,202.36544964372405,203.0479545245028,193.2055232448141,183.65961641197745,184.57540418269332,180.6332315127013,197.3724463350431
2020-10-23 23:44:27.099,214.305506654726,210.29296897232464,201.27425778875488,202.02363789709932,199.28902321825092,200.912192610908,200.9284263339728,202.67937755315648,211.1882624376072,214.21996978327425,212.5767974324472,210.64425374160143,208.9375756228985,209.26910184511232,200.2233610845441,198.3491390602363,188.27830818970187,187.34824088848268,187.1063593771996,181.4511464641625,181.47974600784727,197.3542117601229,197.02798233525232,196.5287155380913,201.6350084467645,202.0191344174868,191.70454466231175,182.44576101403865,184.07514831482143,179.9642939475195,197.06926916684364
2020-11-08 23:44:00.380,212.11898384826745,210.7264410974402,208.5849657457184,206.0689305813888,202.1548616151836,210.3224102285744,210.10475214232235,209.27386112519457,215.32154989583248,228.36619104350805,223.6801153536171,216.50267247005627,212.0954198080377,216.70915099911625,207.123411979224,203.4042064799738,200.9901121141436,200.8648488695873,201.09075333163156,191.5561861598561,195.8812476524173,200.43779400557577,202.73332537423252,204.9430026684236,208.50313917771933,205.12971368760964,202.19197603456627,197.1218625468239,200.22255773495567,194.7757596779987,204.20618628968228
2020-11-24 23:44:03.101,214.44702771792305,,,207.22384095678683,,,,,,,,,212.39516705492977,218.38027357709493,207.8139535912794,204.48527199313176,201.97255870186748,203.91000727076133,203.62277302588015,194.6921497772248,,,,,,,,,,,
2020-12-10 23:44:04.328,215.12826501643207,208.6085021000994,207.4005911907053,204.6843245279972,200.21507648987847,211.80109193925836,211.6932658742728,209.6064362995189,214.180910263562,226.83445451425385,227.4864898411453,210.3456922032624,213.6114844156913,223.29760934128063,221.00755171318468,210.9008420437785,210.0968299285624,208.3829472734027,208.5420696842416,197.514410080808,199.56271735613396,200.98186042918292,203.7637257104642,212.6345826121781,211.33189362000115,208.88507712190432,202.94875111561493,198.65527635433568,198.359281154544,196.34943972849504,201.31530253549383
2020-12-26 23:44:01.618,,,,,,,,,,,,,,,,,,,,202.30779632145703,205.67012122780685,,,,,,205.43949812594207,202.54009527881223,204.71511540064404,197.028774116747,206.11183818259747
2021-01-11 23:43:55.296,207.02090453082985,205.58736925300408,204.79026695004387,205.08912348862933,205.13484855294016,206.3677909145634,206.3468385114604,210.92190991699195,213.21283554148823,209.85380058193212,207.08019498664493,211.82831201182375,206.7793386150356,216.48865434510296,209.2211283681694,205.68291338042195,203.47609946091717,201.9328406342908,202.1782579336254,194.3970018716301,202.84032805878863,202.82017358116371,209.15200195138328,202.6126547896755,202.301211598044,202.53102409779552,201.89285562797536,196.364661604287,195.0299438667297,201.53246306033105,202.24657636745465
2021-02-28 23:43:42.355,207.8671423209172,204.94941290380515,,,,206.5475176826437,206.59036852685767,211.4424517294678,212.96663098103025,209.9502358295081,205.0398163124653,,,,,,,,,,,202.30806969416503,208.88485292135925,202.02067307875464,,,,,,,211.2328786723862
2021-04-01 23:43:29.417,,,,,,208.9158169793583,209.0845500466665,216.29130553125265,,213.71654208995065,218.1097264378109,216.7850287979469,211.37394664734305,,,,,,,,,,,,,,202.44080548890824,203.4802669048441,,,
2021-04-17 23:43:23.303,219.97436274886516,216.8290662703105,209.05181546701837,211.59117094227813,213.81254277246316,212.11232154819544,212.0088073401332,219.8192622870417,219.44104043430443,222.57403824921303,213.733793581812,213.1762158580776,211.18565311372743,220.59060912020595,222.3833291363319,217.286751180998,212.03066368676147,211.48528336800376,211.06649102888596,210.0288011691526,203.6912478853544,205.8909954868604,212.92301999378617,206.4181697342818,213.2651935164859,208.83651136174603,204.54178027634248,198.26572722345549,199.6112097452421,202.87865495274195,206.3136607837336
2021-05-19 23:43:21.351,226.28328509607636,222.3831530817937,217.2977245841005,218.13302749440408,,,,,,230.95390575078204,220.9018426500484,217.68802481688036,217.10976557374948,225.3805137106544,227.98756252351248,225.78926812837756,219.0178080150273,,,,,,,,,,,,,208.13866447243345,
2021-06-04 23:43:29.560,,,,,,,,,,225.9274545403307,217.7295576714825,215.1158181160565,216.6673553704209,,,,,,,,,,214.3406109343721,,,,,,203.6028038576545,203.8382484185868,206.86581735585017
2021-06-20 23:43:34.938,228.3541804625016,223.9558191900512,218.22245709287392,218.28921673378653,216.5239309130428,214.45923515129545,214.2528598936424,226.86447545124065,227.64554041167145,229.68652714161183,221.97031571583628,218.39053068489147,221.5482271168152,228.209017473964,230.02152477048787,229.38207768381312,226.00970522822192,227.5969398196221,227.30533573637925,219.43204286627,209.897662283914,212.8965040078089,217.93686143579396,217.4028283865754,222.5834509299928,216.09670337122407,209.5496856646976,204.05356405098672,205.361563282601,208.7485982999466,210.25856281073467
2021-07-06 23:43:37.496,,,,,,214.15226205281903,214.12542256337417,227.51878544501008,228.5071571033869,230.28158595186784,222.6086033311749,217.8451448957348,222.4396509323564,228.36160949568804,229.5581306141041,229.5737672294133,227.91816946301623,228.51880831805465,228.99446332647585,218.8784928491711,208.70408757092576,215.26332497950085,219.62146296633796,218.62873152240576,224.7984486569236,,,,,,
2021-07-22 23:43:42.023,225.40612695742604,221.79672483121072,215.7049938120172,214.89484527376655,,,,,,,,211.406732015621,,220.6862010456589,221.91161328882365,212.8799988563128,,210.34391555838084,209.9238113195472,208.3481563161565,202.8242082768305,,,,,212.94934328522177,203.89420352845733,198.67541447330316,198.89364069774737,199.3320664450017,205.05295001470435
2021-08-07 23:43:49.493,225.7584202411689,220.911983850735,216.7197008187115,215.111794047206,209.831937312924,204.66071550171452,204.6468845134076,207.743882972809,214.84696255210363,212.7940973182389,205.46418891918935,208.4510027576477,208.8262614593902,218.88729081330555,218.299159346452,208.4761776293008,205.5982112905353,205.5952669443461,206.2763787386482,202.23426428783216,197.9343105158273,203.65583643811607,212.27639699332008,214.38802748406812,219.2460868418307,211.36331675545443,202.2844077634845,197.5844737829568,193.42008319753143,191.9362539303549,200.56367636041395
2021-09-08 23:43:59.083,213.17328714499976,208.5359922519462,205.4582919024368,203.0636673746942,210.6709768763188,202.1909285686077,202.1315874045221,204.35790834071776,209.40088667965384,210.22964674109213,202.3882715324456,213.65817154748632,209.6507332125838,217.28286196669245,207.23207370751408,206.3490277857658,204.6917820701944,203.65082704932945,203.2944992379392,196.6408796256238,193.73717488118064,199.8962374695664,212.67367122193968,209.8770947122357,214.3537497320596,210.79638255998591,207.7479363759535,199.14513290799584,193.0525943044948,193.50341671666988,193.7692236949532
2021-09-24 23:44:01.967,,,214.48254214138643,211.2898044559988,,,,,,,,214.48093994573952,211.61423786935984,218.50749035023944,216.8732059616769,214.2425046160023,210.37415778618785,208.4569413270685,208.5517083967695,207.95239709868736,203.1676061951437,208.01072736003124,211.93378842645217,211.9598108570453,216.4948795795705,,,192.1948871582177,,,
2021-10-10 23:44:31.657,220.44646127885468,215.79606030098557,214.7881301793576,211.68374733174505,219.2599565425044,212.0559030846873,212.00017614638605,217.9527064020212,219.5932194267079,220.4656911452595,214.37813785109407,216.99701195457925,215.67321629621387,220.35523152137372,219.21601817126543,215.0851042461947,212.77463666678344,212.06867157055348,211.70022523434645,210.3425891887719,203.4794722996577,208.204231225086,214.50312307840156,213.57671202147336,215.7755678148051,210.93776432880537,205.59226320430383,197.04583958167592,197.4682919737622,198.5184317111206,200.96888257531745
2021-10-26 23:44:09.178,,,,217.37922344260275,,,,225.57857628684548,224.48210996586877,,,,211.90701460955785,220.78173118687243,223.6710380887215,221.61431300496324,217.80835216629407,216.1399950683117,216.3329796868556,207.3304714138521,206.41519904172503,,,,214.9226510814144,208.016016206876,199.58227864281756,201.04401187898367,195.73768983822276,198.75419214418008,196.6426347739607
2021-11-11 23:44:05.525,231.15375930557573,221.94388501322865,213.32212681622747,207.464564357085,216.8836242719016,220.4022559742907,220.3544707018696,217.6103749614022,220.72908663801232,238.58816170835777,229.084734844142,220.18599933707145,210.45677981521533,218.03876352198236,220.03290568292093,220.8026239029881,215.0842127739577,210.67749759318127,210.81976745283416,200.635827199105,201.70875550160432,203.93563583734488,204.2192858007916,203.04097229322005,200.76014519854013,200.3548408120249,199.49555803372124,199.76489585232125,205.15477711263995,202.7318879554709,206.98224596208792
2021-11-27 23:44:28.644,229.0030946940161,220.85611490063243,214.15427080306927,206.46261677162357,216.91661647086133,220.7003154772597,220.6570755261804,217.08361569999448,219.6091384023119,239.50996607840008,229.2551834254055,220.48983789698536,210.54888544792848,218.59413842148507,220.842721927911,217.4877776956584,213.833719319375,211.2703037409595,211.61451178092307,199.5630400611308,203.45247068561787,203.66099973591795,205.8859490874438,205.1760228867656,200.47043082439785,201.68839634928776,203.27948452449365,202.34129260305983,207.7814251088487,204.61448261678268,209.54553347449053
2021-12-13 23:44:04.056,221.85236482082803,214.28615539958693,209.09987057320384,200.99613264147237,210.53328237888945,213.077576790514,212.9502641305397,209.32556177917127,212.3550286706163,228.32070426232548,223.79950979485596,217.77547843324464,208.74705896051967,214.2860135431237,215.18878826074885,213.2312725473467,208.9720772691805,205.92975734374352,206.1155885231217,195.58009815537665,200.46000370799769,200.9857704127172,197.32971352860008,198.429457020589,200.22355578752763,196.7753158606797,196.76091507656227,194.69751311830376,199.3060302431793,197.77922019002096,200.6389767190041
2021-12-21 23:44:00.346,226.06703599486437,220.139111126081,217.9422797212043,210.57477330561025,218.36688412495027,222.64628109400735,222.5918084649537,221.90093796888692,221.85350507565747,235.69765074023823,229.13992638677723,225.91817904447257,218.82588204441515,222.41904136422357,225.18389896322137,223.54833283919007,217.17205426458324,214.66576850996276,214.87741552889065,206.4544623574412,207.246426125043,207.4860170564947,207.4937940998677,206.6134529480385,202.43604486484088,203.09816356280788,201.39576630606,200.6157968949481,206.0494930455773,203.21064399837192,207.61812830984536
2021-12-29 23:43:58.315,230.96907745932015,,221.94842460762945,,,,,,234.0730439157313,,,,,,,,,220.0746848698064,218.32458971864875,214.3819028171293,211.41730369826263,212.50741767850357,,,,216.18940308827908,208.2227946923876,208.33826186975804,204.6724259965222,203.95861188342596,
2022-01-06 23:43:59.011,228.62831222261016,216.40773193566005,220.1978993925822,220.56669055385396,217.98560287353573,224.00935375381832,223.7826547946467,226.6760571840251,235.67560761178925,235.47928558701565,230.9907300947332,226.50558857128885,223.86550581867135,226.59843470032968,229.3276950253655,224.40385899448523,219.24904099573592,217.86896809393767,217.9345428235177,212.6897428243626,211.29131002245512,211.84700613149909,218.628761713638,219.24741225659403,210.19025856939436,214.46735745707628,207.51602345868548,206.4040456074103,203.7826330230312,203.66039834881136,209.6816970663145
2022-01-14 23:43:56.509,232.58849411147884,220.43324485701905,224.0259196410104,224.72561045597683,222.6025159562946,229.71690278814896,229.67513510404723,233.69305218358943,239.12534888119987,239.5974917923897,234.27112029101957,232.6270898943077,232.6012652598032,231.7219235556053,232.72512883788025,232.19666278145183,228.1924245211524,224.8503592633816,224.7945304032813,217.2729053066212,214.2302345175144,217.1362744099388,222.69211372292148,223.5897735696996,213.15029586186097,219.94908551625656,211.51093627648584,212.09155838042145,208.7554344125534,210.30166816076328,214.44306496645484
2022-01-22 23:43:59.298,233.3211348447576,219.28319230528143,224.00038380160348,224.70570430918733,222.615454822213,228.5800455871137,228.77046856915285,229.85252107118492,237.21868947100708,239.29563585162245,235.35265604719376,235.2890524298171,234.0808435414721,232.14355016559972,232.8456932928615,232.82962177895567,229.0757094385468,223.55287334380057,223.7021123944622,214.83437813088668,212.58652489755755,214.59932349090104,223.3431429663131,222.67141725435707,212.4071644103672,218.6646734590843,209.86648619888743,210.03512755709937,207.2205360224416,209.5704703546253,213.43767589798887
2022-01-30 23:43:51.447,211.64913099954327,205.75000840777545,197.03429259765323,208.62936962688784,200.26781289903093,198.4618633775073,198.393371464937,208.38195630566844,223.30458283860565,219.9750890550294,205.7517865784969,199.58119389826803,210.7502856779796,224.7557274759152,227.15331364976515,217.61419312464704,214.33791128042327,215.06138037444487,215.4439923131452,201.6128381847581,206.3904659378551,206.80173463485949,215.9317560104292,212.81336872817928,206.8422184013279,208.9491696748952,206.53844686861515,209.0756874151505,208.0136121087028,214.56503660998956,214.0326845441613
2022-02-07 23:44:22.220,216.8938168899972,210.3323569739492,203.57067439985556,211.22759287440857,203.38459992885387,200.20799293932103,200.1551027540674,209.1124520116619,228.1633923180328,226.0768130360329,214.53578244982293,205.77562322835607,212.55204321016976,226.89484444244124,229.4883137701976,222.28853022994824,220.49896449203,221.2714287262392,221.5978422722084,207.32162416771257,209.1286955723518,209.3613564031897,219.16356611402583,219.67897398921215,209.2991745282282,213.09899001036172,209.40521139842105,211.6647581946764,210.0637291250496,216.91746819973648,216.6207224481232
2022-02-15 23:43:47.205,,,,,201.3604492955581,199.1892251859325,199.1387482477537,207.20052462869853,222.4677825224924,221.91462105349416,213.5254110003208,,,,,,,,,,207.3523666608409,208.21909084542008,216.25330175771276,218.7828909922032,208.07659292642083,,,,,,
2022-03-03 23:43:43.831,218.0663577729228,210.97662765852408,204.25421727367893,209.35848963687425,203.471642149167,201.0779830424908,201.05796998658377,209.9698863650008,226.13038477255415,224.85723355084053,214.8043005817647,206.24607615565307,213.0110444651141,225.38471753216567,224.83275337512043,216.81994460665737,217.2352595015441,216.53625370199143,216.66869363172583,207.3820776084984,206.58975266364405,209.2620572761119,215.79309255833203,220.01994881187247,210.44820545652613,212.6943173922384,207.3817285869048,208.04239106455825,209.1551450206436,214.1912731076212,213.17958473650677
2022-03-11 23:43:44.891,220.77356116604068,213.7599845109372,,211.14568122647472,,,,211.73045291783745,228.24756678807944,229.27764242027288,218.91223373705623,209.17875011591175,214.1495371900186,226.00732288150027,,,219.3084935327012,218.0791431105424,218.3024335636621,209.59476100264783,207.11469320931093,209.86427812371105,215.8348725816723,221.20349195775955,211.67148687769767,215.70760936895385,,,208.4201647304875,212.01694269788095,
2022-03-19 23:43:35.928,,,197.3008439737759,,202.7640667197577,198.7196187418005,198.6575107996741,,,,,,,,,210.63117338131875,,,,,,200.93980471156067,210.29836188109127,205.20150915437924,207.27573171558504,,,,,,
2022-03-27 23:43:39.611,212.46981355231077,211.73706698136905,213.13736415344232,206.4038438686487,211.81854564951925,208.0581509647044,208.01542970038372,,,,,,,,,,,,,216.31924250047564,210.61249912949205,209.66379678451744,220.62210231595336,215.96803679336483,213.65408738695555,210.6418121672795,207.4057722474869,207.80282580035012,209.14836255957468,210.72005156063955,213.0797545033305
2022-04-04 23:43:28.814,,,204.02004255084972,199.75980201791583,,,,,206.53488179805905,204.483796751389,,,,,,217.91604127347333,217.77098407557,218.62764112787977,218.69300947694745,205.9414321553096,203.5884915035116,204.92690007270787,213.24736488495665,,,,,,,,
2022-04-12 23:43:35.474,199.16631817794337,199.16028160826272,181.64826974234103,189.4308577641169,193.11697812999012,192.4186764807208,192.3771910366052,198.80408391249333,201.2646600307814,200.1913775313194,195.876604180137,191.6661395972958,206.9515848575755,194.4253172563053,193.6993163629612,203.4626830027394,205.31215005262607,204.43724837652172,204.2281164311895,197.5918756539477,183.39939330236663,192.6703013505576,204.35115545551187,195.9584830177888,196.03332843572088,199.8897281290262,196.8124365044536,,,,
2022-04-20 23:43:32.261,,,,,,,,,217.6905147913781,,,,212.05788423385104,225.52196682955,222.34359450362336,,,,,,215.39323463945416,219.12886552984992,219.7702363929319,219.65531875157325,220.63664969941576,,,,210.51460129710657,206.83216009255253,
2022-04-28 23:43:28.129,,,,,,,,,,,,,,,,213.0849680749901,214.2446301615413,,,,,,219.64106065875416,220.53355744146185,214.2294151496565,,209.2180525270364,204.3891230741728,210.4833697760888,206.00354463954693,213.6458247182907
2022-05-06 23:43:34.804,,,,,201.4324363229108,205.20089198938547,205.19486643171416,206.20772609545585,222.47686497297332,215.87459603820645,213.317032332994,218.51781701356788,213.02370863556604,,,,220.5780897993636,235.20231333616056,235.24772531257685,229.4564407073736,,226.59780152565563,222.27802454620792,225.4749337318118,225.43170435737505,218.19229939826,,,,,
2022-05-14 23:43:18.850,210.7610776136481,208.3079786459321,206.3273672705978,200.66276769160515,203.72695477298956,208.5034766481028,208.3878917858661,211.3225898076901,219.4021693445214,216.6970638728512,212.72913535025396,215.38876508888865,213.56983645541337,223.0127863018418,221.61464083832067,214.94942903096097,215.34094880142771,219.3243171160753,218.24100211511887,216.21692674117384,211.8823757216402,217.47167681961213,220.45644510494455,219.17142988149917,226.8183137181024,220.57082951749516,212.14040999127175,204.16059051053736,209.86375394088745,203.95102864078805,215.36734681779893
2022-05-22 23:43:39.660,223.31264604776072,212.9994554447103,213.2600368896667,206.5674284011529,208.8457583999685,211.3879579149134,211.30755842910543,221.83364894274663,230.24333548606631,228.9778262170146,224.21515005823312,220.9148254812164,223.71743368135404,229.1425859798536,228.20790008791005,222.10355862937587,220.24612613861584,225.4774529183194,225.15838179526108,219.04422986435853,214.4505530046376,225.68516230150823,227.32112582899023,226.1325083894166,229.72666646727825,229.3261111721764,218.6848891263635,205.3716466974953,210.99542498687148,204.8120346232073,212.91532742708785
2022-05-30 23:43:14.610,223.4861403808873,212.23675957157127,212.7097069074265,,,,,,,,,,,,231.4774182532641,231.9109351446561,228.4808453042861,,,,,,,,,,,,,,214.11863366975416
2022-06-07 23:43:48.676,222.81515465248503,218.36993737641671,223.43642040541084,,,,,231.54780006782948,232.82201325567328,227.94115493203503,224.65365187798156,219.5099419672364,,,,,,,,,211.16284317978617,,232.9516559769356,228.03852132917604,223.74861270946377,222.58910859933624,215.4135195773333,213.43884618794203,207.98795497752445,207.2663857852881,215.4502878109637
2022-06-15 23:43:21.074,211.9836251170917,209.55305384042543,,,,,,,,,,,212.170557932606,222.68761396388223,226.3772598264429,,,,,,,,,,,212.91591131851132,199.67896778961372,201.39120240272587,202.9424816732896,202.34305328132405,208.53685083423096
2022-06-23 23:43:56.888,,,,,,,,217.5591707435233,222.0999463634339,207.8799640317176,197.6685862126373,217.8842462462109,208.55814912587095,221.40906065802915,224.8131184607526,205.3397452276837,198.96899082688472,200.0873629089254,200.01004701313025,187.43592046763607,190.02129797305844,201.80731666234897,215.1827560277337,212.6559675625093,211.98660279665285,204.08547748423945,201.18605971757225,,,,
2022-07-09 23:43:57.398,,,,,,,,,,,,,,217.68823513224604,216.93470375895708,195.37742517201656,192.7604382611576,194.25397510253543,194.1120370759506,169.52571798971982,,,,,,,,,343.19782977057577,241.73483151917165,
2022-07-17 23:43:34.483,213.8151552385333,212.87748697756209,208.74829464229757,206.08274923444657,,,,,,,,209.24615480552785,209.72638776205412,218.24703759231664,,,,,,,,,,,,,202.1661819508329,196.7050661509061,196.6485060472971,192.3011597301595,195.64368437486976
2022-07-25 23:44:04.776,231.7390900219818,227.25804736872288,223.9205895942022,224.4929948239549,223.8059969422413,222.76401619954265,222.70421225953467,221.26411569642624,230.5440540276865,234.9571099246973,230.62493835310568,224.70999680447443,227.98260996513977,227.17891427271147,232.72598100243917,234.9418391010484,227.1033005827324,226.82205551055756,226.28853888009652,217.39373827104595,213.16987109562103,214.4070269015997,220.38408246412803,215.4557123569146,214.87973520052628,209.6604496205697,210.60523885694877,203.7077019865729,206.0558885717692,201.55365859264435,203.18912688607787
2022-08-02 23:43:48.430,229.3890810576372,226.3562988258605,222.42132546031107,224.0052865707415,224.67249252668032,225.78326642693483,225.7496191525208,222.72298784345384,235.6394442029418,238.52014349932227,229.7090719211864,223.7085757288175,231.02236986891108,228.57170349583092,232.68011329952824,231.782677853418,222.99518152330276,218.26015554042505,218.167336828501,218.51993374553936,214.50180441487709,214.30604396423064,222.0736773632491,224.04097367371764,212.1124737453344,209.4633523612403,211.2144412570778,203.8506884949456,208.6971653567781,205.3805223882041,210.496983470044
2022-08-10 23:44:37.306,203.9333104213525,205.5520852864327,190.0767497306704,191.0978078851824,195.8048183648727,192.17782229687575,192.1514290312333,196.277862020282,200.79483717068484,202.50898813420216,191.7154488887887,189.5862974969246,195.42582569003267,200.69236887798263,201.89683784984248,201.63302472622053,189.9395657821601,188.16580416323475,188.3173939809324,180.5762328088542,176.072956388137,189.25037449078656,195.02405369992837,198.25290857907,202.22720571123136,199.32600053057095,192.2135233784908,192.03819429947632,191.1937396660121,183.57185477535012,184.0415024784168
2022-08-18 23:43:56.138,212.53996217757708,211.991546030338,205.64472613681775,201.7473881902634,210.0893756799307,206.7513635922336,206.69044335433543,207.80029846190476,212.07552220744077,215.81990273699807,210.37810398706188,209.6866031853972,207.25627592118255,213.6942338404017,213.00029569802356,208.1908974554888,204.06998513410105,201.83998570876463,201.7865013711477,191.9116828356403,194.49327281969207,200.56187244329692,206.60836286046768,202.2461470749185,206.36808300685232,203.0957167958913,200.467378345352,196.03360073346352,191.10926123680252,191.7714658995733,192.9970887670915
2022-08-26 23:44:15.400,220.59997348301047,213.92124149417089,213.1870980387557,213.6208532638732,205.94094559147413,206.2710392348561,206.3769615730964,208.1187340130086,215.29240947419947,222.2793278144472,216.8801777903465,217.94947913356677,211.4203541310192,220.41633821993724,222.01253214217127,213.6237473884201,210.8635041513104,210.56258626487107,210.7169720650084,203.6612404136271,205.74124132969683,204.19538815518888,209.81283684436195,203.8193509406717,203.3683464621455,202.15916082509003,197.4586211307588,188.6981772306478,188.0409098282973,189.91196970892696,195.3139495216429
2022-09-03 23:43:57.123,220.53950290322504,213.37876541191275,,,,,,,,,,,,220.38998659108364,221.92351034301623,212.9460978696648,,,,,,,208.35245839791483,203.00366621888415,201.78088500026988,202.65550021518104,,,,,
2022-09-11 23:44:19.944,216.89706638788408,211.356448659952,210.5912077990529,,,,,,,,,,,,,,,209.15014478856557,208.49025040598804,198.84031257832515,201.34216396065327,202.2419162730303,202.7790031121857,200.1731835440807,,,,,,,
2022-09-19 23:44:02.856,229.69864785424815,,,,,,,,,,,,,,,,,,,,,,,,,,203.98818752548672,197.31590824209272,195.15907391830075,197.93545580293687,197.38659540535787
2022-09-27 23:44:21.973,,,,,,,,,,226.55161551171693,214.81597468985345,214.2260145207667,212.45947848470072,219.7738912094478,219.57070133954687,210.1688901504044,209.5041317062792,206.4136039401718,206.7269444865016,196.18560358182515,198.1778061132439,197.23205702164037,196.97919688657143,197.86529717737488,200.7923904823961,197.6238505087215,186.79425335476637,177.98153373394413,174.32393100014733,,
2022-10-13 23:44:12.706,208.8288436993689,206.7244957139164,202.3943780010744,204.30452572137284,201.45115458546496,199.34197912755823,199.31186327977508,205.17955576392853,209.303569656036,203.93201779186955,204.6095129991584,214.37954308696712,,216.50576625839275,204.68640219952815,203.78923376634907,,,,,,,,,,,,176.6017180577482,183.4050435235976,191.24217523851476,192.39550395792332
2022-10-21 23:44:10.625,215.00608745766468,211.04287506764177,207.4917509651676,207.91145338925688,204.9694029321292,204.46627875919077,204.66397070292692,210.84356979549557,215.31158392364677,211.5123269425401,211.2788939648858,218.36312190003235,219.26924955285256,219.77537501633904,210.6745424744847,206.5184150749804,204.4359344338393,199.8049434039661,200.1131808447628,185.8205730059531,183.8157499518905,198.9061746388744,195.55873931744037,194.71876023809384,196.93398665978168,188.66522838683693,188.0679072445023,183.67459200446297,188.08134987919212,196.14568228610412,196.43217213866689
2022-10-29 23:44:21.650,,,,,209.3709232975688,207.13590108801716,207.27758771209292,214.3401818435165,217.79709710133312,215.19358156441984,217.18200264791267,218.96818816920717,223.96344572726036,222.2667623188516,216.76110560331452,209.96819943785468,205.7056660629248,202.4759736034933,202.54767172626376,190.16796201019903,188.140686371228,,,,,,,,192.35093878413065,199.1094963722671,200.8627790193748
2022-11-06 23:44:09.207,,,,,,,,,,222.5103948553812,223.04488752804207,222.704252915709,227.4131045888805,224.05016460747692,221.46677825342172,211.27642947021056,207.874989621823,203.2854970072252,203.41183363682552,191.15874911919465,,202.386800424454,205.0752177980421,,,,,,,,
2022-11-14 23:44:16.217,218.42784202113185,212.14538571093607,213.51500841956135,215.7571393337866,215.6907253806295,211.52162607804004,211.4676372746594,221.68145194126788,,,225.97582930129352,224.04089625826904,229.14449896583665,223.52830480756828,221.4469399466481,209.8671255086057,206.32705708130948,,,,,,,,,,,,,,
2022-11-22 23:44:10.818,211.89772327690164,,,209.04387605581877,,,,,,,,,,,,,,,,,,,206.2454945929725,200.39909960999387,198.7711398872019,,,,,,
2022-11-30 23:44:40.952,218.82328398064317,211.6152016562774,211.59393241605875,211.46452538690284,206.26034271274835,205.54698807764316,205.298191714974,211.7837834242172,224.9511537652137,225.41765351092823,222.17805775723912,218.796141821809,225.16875798083532,226.70860069253703,225.51299100871825,212.94708840457588,208.7545042188003,206.22418447205197,206.4801571400812,198.87429164163575,201.62401291736967,208.1048697001562,211.51315127409475,206.528030232122,201.39991848147207,203.9229940135688,201.95304392257745,193.42381251286295,195.2182313998422,198.76352499871464,201.9582012308038
2022-12-08 23:44:10.051,209.0949024165348,210.9530543282555,212.83653002888585,211.91701494653037,206.08858710501997,200.76961025005969,200.6820627042372,205.0838599506404,211.00152202419432,211.05151348360928,202.34241550564704,211.4348299747399,213.78677217394136,218.79880785615825,214.48842229446257,204.70601707525373,200.7241351365659,199.76940288403608,200.03574175988672,186.4206756541308,183.67274085550423,193.50745998377104,188.9761339845166,192.773933826443,193.78828099330457,186.1215658739805,177.75032238192588,171.8045880629133,178.01078246099777,179.10221046430556,173.40936611877106
2022-12-16 23:44:10.901,,,,,,,,,,216.4863227425027,210.0040886564994,217.96537866808703,218.2910734757188,222.4406090957474,221.72206105462777,211.52342752070484,205.1680951427276,204.70478908931145,204.3857844555293,195.6547781130065,193.33240330821823,199.144793135293,194.5392574877177,197.39316704806,198.8484263464508,192.1855125839828,186.2613419727374,184.5812777679673,183.58542892799605,190.25827998457947,187.0082702491337
2022-12-24 23:44:07.204,,,,,,207.2652130951249,207.5458418624384,,,,,,221.9393825001581,223.4923812898725,222.38643966339612,211.93668520371892,205.3121192384149,205.21991669272083,205.84431916323464,196.86296789004808,193.7199728695427,199.95636955885007,,,198.55431376962744,190.51186923749012,185.90486241151396,186.35938485259115,185.8533785452484,190.57959926121907,187.647762378536
