SAR_id,Time,Orbits
S1A_IW_GRDH_1SDV_20170101T055300_20170101T055325_014634_017CB9_D09C,1483249980000,37
S1A_IW_GRDH_1SDV_20170106T060058_20170106T060123_014707_017EF2_9E38,1483682458000,110
S1A_IW_GRDH_1SDV_20170107T174635_20170107T174700_014729_017F92_C4D7,1483811195000,132
S1A_IW_GRDH_1SDV_20170113T055300_20170113T055325_014809_018206_50C7,1484286780000,37
S1A_IW_GRDH_1SDV_20170118T060057_20170118T060122_014882_01845F_85B1,1484719257000,110
S1A_IW_GRDH_1SDV_20170119T174634_20170119T174659_014904_018511_4066,1484847994550,132
S1A_IW_GRDH_1SDV_20170125T055259_20170125T055324_014984_018777_CF64,1485323579990,37
S1A_IW_GRDH_1SDV_20170130T060057_20170130T060122_015057_0189B7_151F,1485756057580,110
S1A_IW_GRDH_1SDV_20170131T174634_20170131T174659_015079_018A57_AC8A,1485884794400,132
S1A_IW_GRDH_1SDV_20170206T055259_20170206T055324_015159_018CD3_8414,1486360379000,37
S1A_IW_GRDH_1SDV_20170211T060057_20170211T060122_015232_018F2B_9F58,1486792857350,110
S1A_IW_GRDH_1SDV_20170212T174634_20170212T174659_015254_018FD7_3F24,1486921594170,132
S1A_IW_GRDH_1SDV_20170218T055259_20170218T055324_015334_01924E_E391,1487397179460,37
S1A_IW_GRDH_1SDV_20170223T060057_20170223T060122_015407_019494_5C8F,1487829657000,110
S1A_IW_GRDH_1SDV_20170224T174634_20170224T174659_015429_019534_A491,1487958394080,132
S1A_IW_GRDH_1SDV_20170302T055259_20170302T055324_015509_01979D_094E,1488433979240,37
S1A_IW_GRDH_1SDV_20170307T060057_20170307T060122_015582_0199DD_857A,1488866457000,110
S1A_IW_GRDH_1SDV_20170308T174634_20170308T174659_015604_019A84_613F,1488995194060,132
S1A_IW_GRDH_1SDV_20170314T055259_20170314T055324_015684_019CEF_8F98,1489470779000,37
S1A_IW_GRDH_1SDV_20170319T060057_20170319T060122_015757_019F12_8BD1,1489903257000,110
S1A_IW_GRDH_1SDV_20170320T174634_20170320T174659_015779_019FB9_B0C6,1490031994330,132
S1A_IW_GRDH_1SDV_20170326T055259_20170326T055324_015859_01A21E_1AC9,1490507579830,37
S1A_IW_GRDH_1SDV_20170331T060057_20170331T060122_015932_01A445_FEC7,1490940057000,110
S1A_IW_GRDH_1SDV_20170401T174634_20170401T174659_015954_01A4E9_FC8D,1491068794000,132
S1A_IW_GRDH_1SDV_20170407T055300_20170407T055325_016034_01A754_B027,1491544380300,37
S1A_IW_GRDH_1SDV_20170412T060058_20170412T060123_016107_01A991_4E94,1491976858210,110
S1A_IW_GRDH_1SDV_20170413T174635_20170413T174700_016129_01AA39_8BDB,1492105595200,132
S1A_IW_GRDH_1SDV_20170419T055300_20170419T055325_016209_01ACB6_20A9,1492581180000,37
S1A_IW_GRDH_1SDV_20170424T060058_20170424T060123_016282_01AEF0_25A6,1493013658000,110
S1A_IW_GRDH_1SDV_20170425T174635_20170425T174700_016304_01AF98_7958,1493142395000,132
S1A_IW_GRDH_1SDV_20170501T055301_20170501T055326_016384_01B203_13D6,1493617981000,37
S1A_IW_GRDH_1SDV_20170506T060059_20170506T060124_016457_01B435_5AAD,1494050459000,110
S1A_IW_GRDH_1SDV_20170507T174636_20170507T174701_016479_01B4E3_D8B2,1494179196000,132
S1A_IW_GRDH_1SDV_20170513T055302_20170513T055327_016559_01B74F_B655,1494654782000,37
S1A_IW_GRDH_1SDV_20170518T060100_20170518T060125_016632_01B98C_11C2,1495087260000,110
S1A_IW_GRDH_1SDV_20170519T174637_20170519T174702_016654_01BA3E_73FE,1495215997080,132
S1A_IW_GRDH_1SDV_20170525T055254_20170525T055319_016734_01BCB0_B17D,1495691574000,37
S1A_IW_GRDH_1SDV_20170530T060103_20170530T060128_016807_01BEF0_35ED,1496124063000,110
S1A_IW_GRDH_1SDV_20170531T174629_20170531T174654_016829_01BFA7_C7EA,1496252789000,132
S1A_IW_GRDH_1SDV_20170606T055255_20170606T055320_016909_01C228_FA5D,1496728375000,37
S1A_IW_GRDH_1SDV_20170611T060104_20170611T060129_016982_01C45E_09E6,1497160864000,110
S1A_IW_GRDH_1SDV_20170612T174630_20170612T174655_017004_01C512_42C1,1497289590000,132
S1A_IW_GRDH_1SDV_20170618T055255_20170618T055320_017084_01C78A_7169,1497765175000,37
S1A_IW_GRDH_1SDV_20170623T060104_20170623T060129_017157_01C9B6_E433,1498197664000,110
S1A_IW_GRDH_1SDV_20170624T174630_20170624T174655_017179_01CA69_DE92,1498326390000,132
S1A_IW_GRDH_1SDV_20170630T055256_20170630T055321_017259_01CCCF_AEB8,1498801976000,37
S1A_IW_GRDH_1SDV_20170705T060105_20170705T060130_017332_01CF02_9942,1499234465000,110
S1A_IW_GRDH_1SDV_20170706T174631_20170706T174656_017354_01CFAC_C3F0,1499363191000,132
S1A_IW_GRDH_1SDV_20170712T055257_20170712T055322_017434_01D21F_410A,1499838777000,37
S1A_IW_GRDH_1SDV_20170717T060106_20170717T060131_017507_01D452_864E,1500271266000,110
S1A_IW_GRDH_1SDV_20170718T174632_20170718T174657_017529_01D506_959A,1500399992000,132
S1A_IW_GRDH_1SDV_20170724T055257_20170724T055322_017609_01D76D_3A02,1500875577000,37
S1A_IW_GRDH_1SDV_20170729T060107_20170729T060132_017682_01D9AD_0A1C,1501308067000,110
S1A_IW_GRDH_1SDV_20170730T174633_20170730T174658_017704_01DA5F_FDD0,1501436793000,132
S1A_IW_GRDH_1SDV_20170805T055258_20170805T055323_017784_01DCC8_8356,1501912378000,37
S1A_IW_GRDH_1SDV_20170810T060107_20170810T060132_017857_01DF03_942F,1502344867000,110
S1A_IW_GRDH_1SDV_20170811T174633_20170811T174658_017879_01DFB3_F3FA,1502473593000,132
S1A_IW_GRDH_1SDV_20170817T055259_20170817T055324_017959_01E213_58AB,1502949179000,37
S1A_IW_GRDH_1SDV_20170822T060108_20170822T060133_018032_01E452_7951,1503381668000,110
S1A_IW_GRDH_1SDV_20170823T174634_20170823T174659_018054_01E503_1236,1503510394000,132
S1A_IW_GRDH_1SDV_20170829T055259_20170829T055324_018134_01E763_1FEB,1503985979000,37
S1A_IW_GRDH_1SDV_20170903T060108_20170903T060133_018207_01E997_5D3E,1504418468000,110
S1A_IW_GRDH_1SDV_20170904T174634_20170904T174659_018229_01EA4D_1A7A,1504547194000,132
S1A_IW_GRDH_1SDV_20170910T055300_20170910T055325_018309_01ECC6_E677,1505022780000,37
S1A_IW_GRDH_1SDV_20170915T060109_20170915T060134_018382_01EF0B_69AB,1505455269000,110
S1A_IW_GRDH_1SDV_20170916T174635_20170916T174700_018404_01EFC1_3931,1505583995000,132
S1A_IW_GRDH_1SDV_20170922T055300_20170922T055325_018484_01F225_329C,1506059580000,37
S1A_IW_GRDH_1SDV_20170927T060109_20170927T060134_018557_01F468_DE62,1506492069000,110
S1A_IW_GRDH_1SDV_20170928T174635_20170928T174700_018579_01F517_2FFC,1506620795000,132
S1A_IW_GRDH_1SDV_20171004T055300_20171004T055325_018659_01F77E_9A1F,1507096380000,37
S1A_IW_GRDH_1SDV_20171009T060109_20171009T060134_018732_01F9B6_42B7,1507528869000,110
S1A_IW_GRDH_1SDV_20171010T174635_20171010T174700_018754_01FA6C_2E28,1507657595000,132
S1A_IW_GRDH_1SDV_20171016T055301_20171016T055326_018834_01FCD6_7641,1508133181000,37
S1A_IW_GRDH_1SDV_20171021T060109_20171021T060134_018907_01FF1B_F229,1508565669000,110
S1A_IW_GRDH_1SDV_20171022T174635_20171022T174700_018929_01FFCF_585E,1508694395000,132
S1A_IW_GRDH_1SDV_20171028T055301_20171028T055326_019009_020227_9CF5,1509169981000,37
S1A_IW_GRDH_1SDV_20171102T060109_20171102T060134_019082_02046C_EBEF,1509602469000,110
S1A_IW_GRDH_1SDV_20171103T174635_20171103T174700_019104_020521_8C4D,1509731195000,132
S1A_IW_GRDH_1SDV_20171109T055300_20171109T055325_019184_02078C_5886,1510206780000,37
S1A_IW_GRDH_1SDV_20171114T060109_20171114T060134_019257_0209DD_968A,1510639269000,110
S1A_IW_GRDH_1SDV_20171115T174635_20171115T174700_019279_020A97_3DEE,1510767995000,132
S1A_IW_GRDH_1SDV_20171121T055300_20171121T055325_019359_020D10_71E5,1511243580000,37
S1A_IW_GRDH_1SDV_20171126T060109_20171126T060134_019432_020F68_EDD4,1511676069000,110
S1A_IW_GRDH_1SDV_20171127T174635_20171127T174700_019454_021019_A0C6,1511804795000,132
S1A_IW_GRDH_1SDV_20171203T055300_20171203T055325_019534_021287_9D45,1512280380000,37
S1A_IW_GRDH_1SDV_20171208T060108_20171208T060133_019607_0214DA_D7DF,1512712868000,110
S1A_IW_GRDH_1SDV_20171209T174634_20171209T174659_019629_021592_A100,1512841594000,132
S1A_IW_GRDH_1SDV_20171215T055259_20171215T055324_019709_0217FC_DF8A,1513317179000,37
S1A_IW_GRDH_1SDV_20171220T060108_20171220T060133_019782_021A4E_E9A9,1513749668000,110
S1A_IW_GRDH_1SDV_20171221T174633_20171221T174658_019804_021AFB_8CCD,1513878393000,132
S1A_IW_GRDH_1SDV_20171227T055259_20171227T055324_019884_021D69_4D04,1514353979000,37
S1A_IW_GRDH_1SDV_20180101T060107_20180101T060132_019957_021FBF_046F,1514786467000,110
S1A_IW_GRDH_1SDV_20180102T174633_20180102T174658_019979_02207C_5BE8,1514915193000,132
S1A_IW_GRDH_1SDV_20180108T055258_20180108T055323_020059_0222E8_A9B9,1515390778000,37
S1A_IW_GRDH_1SDV_20180113T060107_20180113T060132_020132_022547_E1C9,1515823267000,110
S1A_IW_GRDH_1SDV_20180114T174633_20180114T174658_020154_022602_A14F,1515951993000,132
S1A_IW_GRDH_1SDV_20180120T055258_20180120T055323_020234_022876_539B,1516427578000,37
S1A_IW_GRDH_1SDV_20180125T060107_20180125T060132_020307_022AD6_142D,1516860067000,110
S1A_IW_GRDH_1SDV_20180126T174632_20180126T174657_020329_022B8C_ACF5,1516988792000,132
S1A_IW_GRDH_1SDV_20180201T055257_20180201T055322_020409_022E06_248D,1517464377000,37
S1A_IW_GRDH_1SDV_20180206T060106_20180206T060131_020482_02306A_81A5,1517896866000,110
S1A_IW_GRDH_1SDV_20180207T174632_20180207T174657_020504_023125_8A5C,1518025592000,132
S1A_IW_GRDH_1SDV_20180213T055257_20180213T055322_020584_0233A6_4811,1518501177000,37
S1A_IW_GRDH_1SDV_20180218T060106_20180218T060131_020657_023600_3381,1518933666000,110
S1A_IW_GRDH_1SDV_20180219T174632_20180219T174657_020679_0236B9_DB18,1519062392000,132
S1A_IW_GRDH_1SDV_20180225T055257_20180225T055322_020759_02393B_33DD,1519537977000,37
S1A_IW_GRDH_1SDV_20180302T060106_20180302T060131_020832_023B8F_B536,1519970466000,110
S1A_IW_GRDH_1SDV_20180303T174632_20180303T174657_020854_023C45_731B,1520099192000,132
S1A_IW_GRDH_1SDV_20180309T055257_20180309T055322_020934_023EC1_0A3D,1520574777000,37
S1A_IW_GRDH_1SDV_20180314T060106_20180314T060131_021007_02411B_DACF,1521007266000,110
S1A_IW_GRDH_1SDV_20180315T174632_20180315T174657_021029_0241D1_A77C,1521135992000,132
S1A_IW_GRDH_1SDV_20180321T055257_20180321T055322_021109_02444F_9C23,1521611577000,37
S1A_IW_GRDH_1SDV_20180326T060106_20180326T060131_021182_0246AA_BA09,1522044066000,110
S1A_IW_GRDH_1SDV_20180327T174632_20180327T174657_021204_024761_7CE6,1522172792000,132
S1A_IW_GRDH_1SDV_20180402T055258_20180402T055323_021284_0249D6_E592,1522648378000,37
S1A_IW_GRDH_1SDV_20180407T060107_20180407T060132_021357_024C25_114F,1523080867000,110
S1A_IW_GRDH_1SDV_20180408T174633_20180408T174658_021379_024CDA_9645,1523209593000,132
S1A_IW_GRDH_1SDV_20180414T055258_20180414T055323_021459_024F4B_81E5,1523685178000,37
S1A_IW_GRDH_1SDV_20180419T060107_20180419T060132_021532_02519D_258D,1524117667000,110
S1A_IW_GRDH_1SDV_20180426T055259_20180426T055324_021634_0254BD_1942,1524721979000,37
S1A_IW_GRDH_1SDV_20180501T060108_20180501T060133_021707_02571D_3348,1525154468000,110
S1A_IW_GRDH_1SDV_20180508T055259_20180508T055324_021809_025A4C_8B6E,1525758779000,37
S1A_IW_GRDH_1SDV_20180513T060108_20180513T060133_021882_025CB7_E0EC,1526191268000,110
S1A_IW_GRDH_1SDV_20180520T055300_20180520T055325_021984_025FE0_110F,1526795580000,37
S1A_IW_GRDH_1SDV_20180525T060109_20180525T060134_022057_026242_309A,1527228069000,110
S1A_IW_GRDH_1SDV_20180601T055301_20180601T055326_022159_02657B_66C1,1527832381000,37
S1A_IW_GRDH_1SDV_20180606T060110_20180606T060135_022232_0267C2_B84E,1528264870000,110
S1A_IW_GRDH_1SDV_20180613T055301_20180613T055326_022334_026AEA_0FE0,1528869181000,37
S1A_IW_GRDH_1SDV_20180618T060111_20180618T060136_022407_026D28_CCEC,1529301671000,110
S1A_IW_GRDH_1SDV_20180625T055302_20180625T055327_022509_02701B_A9B3,1529905982000,37
S1A_IW_GRDH_1SDV_20180630T060111_20180630T060136_022582_027240_9F22,1530338471000,110
S1A_IW_GRDH_1SDV_20180707T055303_20180707T055328_022684_027535_4A7C,1530942783000,37
S1A_IW_GRDH_1SDV_20180712T060112_20180712T060137_022757_027772_4261,1531375272000,110
S1A_IW_GRDH_1SDV_20180719T055304_20180719T055329_022859_027A90_7B3F,1531979584000,37
S1A_IW_GRDH_1SDV_20180724T060113_20180724T060138_022932_027CF4_5FF1,1532412073000,110
S1A_IW_GRDH_1SDV_20180731T055304_20180731T055329_023034_028019_1EEA,1533016384000,37
S1A_IW_GRDH_1SDV_20180805T060113_20180805T060138_023107_028269_4F78,1533448873000,110
S1A_IW_GRDH_1SDV_20180812T055305_20180812T055330_023209_0285A9_660F,1534053185000,37
S1A_IW_GRDH_1SDV_20180817T060114_20180817T060139_023282_028814_2104,1534485674000,110
S1A_IW_GRDH_1SDV_20180824T055306_20180824T055331_023384_028B4C_85F5,1535089986000,37
S1A_IW_GRDH_1SDV_20180905T055306_20180905T055331_023559_0290E2_B666,1536126786000,37
S1A_IW_GRDH_1SDV_20180910T060115_20180910T060140_023632_02933F_5198,1536559275000,110
S1A_IW_GRDH_1SDV_20180917T055307_20180917T055332_023734_02967C_C604,1537163587000,37
S1A_IW_GRDH_1SDV_20180922T060116_20180922T060141_023807_0298EE_F07D,1537596076000,110
S1A_IW_GRDH_1SDV_20180929T055307_20180929T055332_023909_029C2A_843D,1538200387000,37
S1A_IW_GRDH_1SDV_20181004T060116_20181004T060141_023982_029EA5_B777,1538632876000,110
S1A_IW_GRDH_1SDV_20181011T055307_20181011T055332_024084_02A1E7_715E,1539237187000,37
S1A_IW_GRDH_1SDV_20181016T060116_20181016T060141_024157_02A459_E2E9,1539669676000,110
S1A_IW_GRDH_1SDV_20181023T055307_20181023T055332_024259_02A79A_04A2,1540273987000,37
S1A_IW_GRDH_1SDV_20181028T060116_20181028T060141_024332_02A9FB_DA73,1540706476000,110
S1A_IW_GRDH_1SDV_20181029T174650_20181029T174715_024354_02AAB5_3CCB,1540835210000,132
S1A_IW_GRDH_1SDV_20181104T055307_20181104T055332_024434_02AD7C_1339,1541310787000,37
S1A_IW_GRDH_1SDV_20181109T060116_20181109T060141_024507_02B025_E3AC,1541743276000,110
S1A_IW_GRDH_1SDV_20181116T055307_20181116T055332_024609_02B3E4_9C71,1542347587000,37
S1A_IW_GRDH_1SDV_20181121T060116_20181121T060140_024682_02B695_F3CE,1542780076000,110
S1A_IW_GRDH_1SDV_20181128T055306_20181128T055331_024784_02BA56_DEC5,1543384386000,37
S1A_IW_GRDH_1SDV_20181203T060115_20181203T060140_024857_02BCB8_B834,1543816875000,110
S1A_IW_GRDH_1SDV_20181215T060114_20181215T060139_025032_02C2D7_97F8,1544853674000,110
S1A_IW_GRDH_1SDV_20181222T055306_20181222T055331_025134_02C685_1305,1545457986000,37
S1A_IW_GRDH_1SDV_20181227T060114_20181227T060139_025207_02C92E_6BEE,1545890474000,110
S1A_IW_GRDH_1SDV_20190103T055305_20190103T055330_025309_02CCD2_7264,1546494785000,37
S1A_IW_GRDH_1SDV_20190108T060114_20190108T060139_025382_02CF82_89F9,1546927274000,110
S1A_IW_GRDH_1SDV_20190115T055305_20190115T055330_025484_02D324_69BF,1547531585000,37
S1A_IW_GRDH_1SDV_20190120T060113_20190120T060138_025557_02D5D8_A5AE,1547964073000,110
S1A_IW_GRDH_1SDV_20190127T055304_20190127T055329_025659_02D98E_F6C7,1548568384000,37
S1A_IW_GRDH_1SDV_20190208T055304_20190208T055329_025834_02DFD3_5D8E,1549605184000,37
S1A_IW_GRDH_1SDV_20190213T060113_20190213T060138_025907_02E269_0007,1550037673000,110
S1A_IW_GRDH_1SDV_20190220T055304_20190220T055329_026009_02E60E_6A66,1550641984000,37
S1A_IW_GRDH_1SDV_20190225T060113_20190225T060138_026082_02E8B2_FFA0,1551074473000,110
S1A_IW_GRDH_1SDV_20190304T055304_20190304T055329_026184_02EC55_389C,1551678784000,37
S1A_IW_GRDH_1SDV_20190309T060113_20190309T060138_026257_02EF01_DCC9,1552111273000,110
S1A_IW_GRDH_1SDV_20190316T055304_20190316T055329_026359_02F2C2_59F2,1552715584000,37
S1A_IW_GRDH_1SDV_20190321T060113_20190321T060138_026432_02F570_8822,1553148073000,110
S1A_IW_GRDH_1SDV_20190328T055304_20190328T055329_026534_02F92B_4475,1553752384000,37
S1A_IW_GRDH_1SDV_20190402T060113_20190402T060138_026607_02FBE8_9BC1,1554184873000,110
S1A_IW_GRDH_1SDV_20190409T055304_20190409T055329_026709_02FF9F_8A76,1554789184000,37
S1A_IW_GRDH_1SDV_20190414T060113_20190414T060138_026782_03024F_E79C,1555221673000,110
S1A_IW_GRDH_1SDV_20190421T055305_20190421T055330_026884_0305EB_111A,1555825985000,37
S1A_IW_GRDH_1SDV_20190426T060114_20190426T060139_026957_0308A0_969E,1556258474000,110
S1A_IW_GRDH_1SDV_20190503T055305_20190503T055330_027059_030C51_BD71,1556862785000,37
S1A_IW_GRDH_1SDV_20190508T060114_20190508T060139_027132_030EE6_EFB3,1557295274000,110
S1A_IW_GRDH_1SDV_20190515T055306_20190515T055331_027234_03120F_5A70,1557899586000,37
S1A_IW_GRDH_1SDV_20190520T060115_20190520T060140_027307_03145E_A1C3,1558332075000,110
S1A_IW_GRDH_1SDV_20190527T055306_20190527T055331_027409_031782_9240,1558936386000,37
S1A_IW_GRDH_1SDV_20190601T060115_20190601T060140_027482_0319D1_5A1B,1559368875000,110
S1A_IW_GRDH_1SDV_20190608T055307_20190608T055332_027584_031CE3_EF6F,1559973187000,37
S1A_IW_GRDH_1SDV_20190613T060116_20190613T060141_027657_031F23_41DA,1560405676000,110
S1A_IW_GRDH_1SDV_20190620T055308_20190620T055333_027759_03221D_8360,1561009988000,37
S1A_IW_GRDH_1SDV_20190625T060117_20190625T060142_027832_03245A_9DA2,1561442477000,110
S1A_IW_GRDH_1SDV_20190702T055309_20190702T055334_027934_032762_F89A,1562046789000,37
S1A_IW_GRDH_1SDV_20190707T060118_20190707T060143_028007_0329AB_8BF2,1562479278000,110
S1A_IW_GRDH_1SDV_20190714T055309_20190714T055334_028109_032CAE_6E17,1563083589000,37
S1A_IW_GRDH_1SDV_20190719T060118_20190719T060143_028182_032EF1_369B,1563516078000,110
S1A_IW_GRDH_1SDV_20190726T055310_20190726T055335_028284_0331FC_8721,1564120390000,37
S1A_IW_GRDH_1SDV_20190731T060119_20190731T060144_028357_03344B_F595,1564552879000,110
S1A_IW_GRDH_1SDV_20190807T055311_20190807T055336_028459_033753_1D6F,1565157191000,37
S1A_IW_GRDH_1SDV_20190812T060120_20190812T060145_028532_0339E1_3F8B,1565589680000,110
S1A_IW_GRDH_1SDV_20190819T055312_20190819T055337_028634_033D5F_F841,1566193992000,37
S1A_IW_GRDH_1SDV_20190824T060121_20190824T060146_028707_033FEC_D926,1566626481000,110
S1A_IW_GRDH_1SDV_20190831T055312_20190831T055337_028809_03437F_4981,1567230792000,37
S1A_IW_GRDH_1SDV_20190905T060121_20190905T060146_028882_034607_83BD,1567663281000,110
S1A_IW_GRDH_1SDV_20190912T055313_20190912T055338_028984_034991_DBE3,1568267593000,37
S1A_IW_GRDH_1SDV_20190917T060122_20190917T060147_029057_034C21_1956,1568700082000,110
S1A_IW_GRDH_1SDV_20190924T055313_20190924T055338_029159_034F8A_0907,1569304393000,37
S1A_IW_GRDH_1SDV_20190929T060122_20190929T060147_029232_03521C_BC97,1569736882000,110
S1A_IW_GRDH_1SDV_20191006T055313_20191006T055338_029334_035595_6BCF,1570341193000,37
S1A_IW_GRDH_1SDV_20191011T060122_20191011T060147_029407_03581E_B971,1570773682000,110
S1A_IW_GRDH_1SDV_20191018T055313_20191018T055338_029509_035B9A_7B2E,1571377993000,37
S1A_IW_GRDH_1SDV_20191023T060122_20191023T060147_029582_035E22_0A1A,1571810482000,110
S1A_IW_GRDH_1SDV_20191030T055313_20191030T055338_029684_0361B3_0B66,1572414793000,37
S1A_IW_GRDH_1SDV_20191104T060122_20191104T060147_029757_036440_CB8E,1572847282000,110
S1A_IW_GRDH_1SDV_20191111T055313_20191111T055338_029859_0367D4_5CFB,1573451593000,37
S1A_IW_GRDH_1SDV_20191116T060122_20191116T060147_029932_036A64_4855,1573884082000,110
S1A_IW_GRDH_1SDV_20191123T055313_20191123T055338_030034_036DDF_3334,1574488393000,37
S1A_IW_GRDH_1SDV_20191128T060122_20191128T060147_030107_037076_7E20,1574920882000,110
S1A_IW_GRDH_1SDV_20191205T055313_20191205T055338_030209_0373ED_F790,1575525193000,37
S1A_IW_GRDH_1SDV_20191210T060121_20191210T060146_030282_03767B_022B,1575957681000,110
S1A_IW_GRDH_1SDV_20191217T055312_20191217T055337_030384_0379FC_CB91,1576561992000,37
S1A_IW_GRDH_1SDV_20191222T060121_20191222T060146_030457_037C89_C5F5,1576994481000,110
S1A_IW_GRDH_1SDV_20191223T174654_20191223T174719_030479_037D53_ACC8,1577123214000,132
S1A_IW_GRDH_1SDV_20191229T055312_20191229T055337_030559_038001_2F76,1577598792000,37
S1A_IW_GRDH_1SDV_20200103T060120_20200103T060145_030632_03828E_3540,1578031280000,110
S1A_IW_GRDH_1SDV_20200104T174654_20200104T174719_030654_03835D_5491,1578160014000,132
S1A_IW_GRDH_1SDV_20200110T055311_20200110T055336_030734_03860E_A051,1578635591000,37
S1A_IW_GRDH_1SDV_20200115T060120_20200115T060145_030807_0388AB_96B0,1579068080000,110
S1A_IW_GRDH_1SDV_20200116T174653_20200116T174718_030829_03897B_EE5D,1579196813000,132
S1A_IW_GRDH_1SDV_20200122T055311_20200122T055336_030909_038C36_A733,1579672391000,37
S1A_IW_GRDH_1SDV_20200127T060119_20200127T060144_030982_038ED5_2E79,1580104879000,110
S1A_IW_GRDH_1SDV_20200128T174653_20200128T174718_031004_038FA5_1378,1580233613000,132
S1A_IW_GRDH_1SDV_20200203T055310_20200203T055335_031084_039254_3A22,1580709190000,37
S1A_IW_GRDH_1SDV_20200208T060119_20200208T060144_031157_0394F3_FEC4,1581141679000,110
S1A_IW_GRDH_1SDV_20200209T174653_20200209T174718_031179_0395BD_5E2B,1581270413000,132
S1A_IW_GRDH_1SDV_20200215T055310_20200215T055335_031259_039864_2B27,1581745990000,37
S1A_IW_GRDH_1SDV_20200220T060119_20200220T060144_031332_039AFB_E18F,1582178479000,110
S1A_IW_GRDH_1SDV_20200221T174652_20200221T174717_031354_039BC2_8368,1582307212000,132
S1A_IW_GRDH_1SDV_20200227T055310_20200227T055335_031434_039E69_ED33,1582782790000,37
S1A_IW_GRDH_1SDV_20200303T060119_20200303T060144_031507_03A103_ED34,1583215279000,110
S1A_IW_GRDH_1SDV_20200304T174652_20200304T174717_031529_03A1D2_27F4,1583344012000,132
S1A_IW_GRDH_1SDV_20200310T055310_20200310T055335_031609_03A47D_8362,1583819590000,37
S1A_IW_GRDH_1SDV_20200315T060119_20200315T060144_031682_03A713_F52A,1584252079000,110
S1A_IW_GRDH_1SDV_20200316T174653_20200316T174718_031704_03A7E0_6AD8,1584380813000,132
S1A_IW_GRDH_1SDV_20200322T055310_20200322T055335_031784_03AAA2_4D8A,1584856390000,37
S1A_IW_GRDH_1SDV_20200327T060119_20200327T060144_031857_03AD3C_DFB0,1585288879000,110
S1A_IW_GRDH_1SDV_20200328T174653_20200328T174718_031879_03AE07_179D,1585417613000,132
S1A_IW_GRDH_1SDV_20200403T055311_20200403T055336_031959_03B0CA_A419,1585893191000,37
S1A_IW_GRDH_1SDV_20200408T060119_20200408T060144_032032_03B36A_57E3,1586325679000,110
S1A_IW_GRDH_1SDV_20200409T174653_20200409T174718_032054_03B438_5F45,1586454413000,132
S1A_IW_GRDH_1SDV_20200415T055311_20200415T055336_032134_03B6F4_14E6,1586929991000,37
S1A_IW_GRDH_1SDV_20200420T060120_20200420T060145_032207_03B994_5310,1587362480000,110
S1A_IW_GRDH_1SDV_20200421T174653_20200421T174718_032229_03BA5D_F553,1587491213000,132
S1A_IW_GRDH_1SDV_20200427T055311_20200427T055336_032309_03BD1A_14DD,1587966791000,37
S1A_IW_GRDH_1SDV_20200502T060120_20200502T060145_032382_03BFB9_ECC2,1588399280000,110
S1A_IW_GRDH_1SDV_20200503T174654_20200503T174719_032404_03C086_2EE4,1588528014000,132
S1A_IW_GRDH_1SDV_20200509T055312_20200509T055337_032484_03C30B_E5DB,1589003592000,37
S1A_IW_GRDH_1SDV_20200514T060121_20200514T060146_032557_03C550_3191,1589436081000,110
S1A_IW_GRDH_1SDV_20200515T174655_20200515T174720_032579_03C600_5182,1589564815000,132
S1A_IW_GRDH_1SDV_20200521T055313_20200521T055338_032659_03C855_8942,1590040393000,37
S1A_IW_GRDH_1SDV_20200526T060122_20200526T060147_032732_03CA9F_A518,1590472882000,110
S1A_IW_GRDH_1SDV_20200527T174656_20200527T174721_032754_03CB4D_E297,1590601616000,132
S1A_IW_GRDH_1SDV_20200602T055313_20200602T055338_032834_03CD99_FF0B,1591077193000,37
S1A_IW_GRDH_1SDV_20200607T060122_20200607T060147_032907_03CFCE_8A84,1591509682000,110
S1A_IW_GRDH_1SDV_20200608T174656_20200608T174721_032929_03D074_3567,1591638416000,132
S1A_IW_GRDH_1SDV_20200614T055314_20200614T055339_033009_03D2CB_0E67,1592113994000,37
S1A_IW_GRDH_1SDV_20200619T060123_20200619T060148_033082_03D516_09AC,1592546483000,110
S1A_IW_GRDH_1SDV_20200620T174657_20200620T174722_033104_03D5C2_E456,1592675217000,132
S1A_IW_GRDH_1SDV_20200626T055315_20200626T055340_033184_03D81D_AD3E,1593150795000,37
S1A_IW_GRDH_1SDV_20200701T060124_20200701T060149_033257_03DA65_5FD2,1593583284000,110
S1A_IW_GRDH_1SDV_20200702T174657_20200702T174722_033279_03DB0F_4E33,1593712017000,132
S1A_IW_GRDH_1SDV_20200708T055315_20200708T055340_033359_03DD6F_69EC,1594187595000,37
S1A_IW_GRDH_1SDV_20200713T060125_20200713T060150_033432_03DFB8_A23F,1594620085000,110
S1A_IW_GRDH_1SDV_20200714T174658_20200714T174723_033454_03E066_61DA,1594748818000,132
S1A_IW_GRDH_1SDV_20200720T055316_20200720T055341_033534_03E2C6_F21C,1595224396000,37
S1A_IW_GRDH_1SDV_20200725T060125_20200725T060150_033607_03E517_39DD,1595656885000,110
S1A_IW_GRDH_1SDV_20200726T174659_20200726T174724_033629_03E5C4_3F13,1595785619000,132
S1A_IW_GRDH_1SDV_20200801T055317_20200801T055342_033709_03E829_B228,1596261197000,37
S1A_IW_GRDH_1SDV_20200806T060126_20200806T060151_033782_03EA7D_3AAF,1596693686000,110
S1A_IW_GRDH_1SDV_20200807T174700_20200807T174725_033804_03EB4A_475A,1596822420000,132
S1A_IW_GRDH_1SDV_20200813T055318_20200813T055343_033884_03EDFF_B356,1597297998000,37
S1A_IW_GRDH_1SDV_20200818T060127_20200818T060152_033957_03F0A3_CC03,1597730487000,110
S1A_IW_GRDH_1SDV_20200819T174700_20200819T174725_033979_03F170_04DB,1597859220000,132
S1A_IW_GRDH_1SDV_20200825T055318_20200825T055343_034059_03F437_38E0,1598334798000,37
S1A_IW_GRDH_1SDV_20200830T060127_20200830T060152_034132_03F6CF_EE18,1598767287000,110
S1A_IW_GRDH_1SDV_20200831T174701_20200831T174726_034154_03F79A_BFDA,1598896021000,132
S1A_IW_GRDH_1SDV_20200906T055319_20200906T055344_034234_03FA57_4C9C,1599371599000,37
S1A_IW_GRDH_1SDV_20200911T060128_20200911T060153_034307_03FCED_87D2,1599804088000,110
S1A_IW_GRDH_1SDV_20200912T174702_20200912T174727_034329_03FDBC_E13D,1599932822000,132
S1A_IW_GRDH_1SDV_20200918T055319_20200918T055344_034409_04007D_30CB,1600408399000,37
S1A_IW_GRDH_1SDV_20200923T060128_20200923T060153_034482_040323_0DC8,1600840888000,110
S1A_IW_GRDH_1SDV_20200924T174702_20200924T174727_034504_0403E6_4406,1600969622000,132
S1A_IW_GRDH_1SDV_20200930T055320_20200930T055345_034584_0406B4_7959,1601445200000,37
S1A_IW_GRDH_1SDV_20201005T060129_20201005T060154_034657_040947_0322,1601877689000,110
S1A_IW_GRDH_1SDV_20201006T174702_20201006T174727_034679_040A12_2BEB,1602006422000,132
S1A_IW_GRDH_1SDV_20201012T055320_20201012T055345_034759_040CCC_3665,1602482000000,37
S1A_IW_GRDH_1SDV_20201017T060129_20201017T060154_034832_040F6A_1485,1602914489000,110
S1A_IW_GRDH_1SDV_20201018T174702_20201018T174727_034854_041037_05A7,1603043222000,132
S1A_IW_GRDH_1SDV_20201024T055320_20201024T055345_034934_0412E3_F2DF,1603518800000,37
S1A_IW_GRDH_1SDV_20201029T060129_20201029T060154_035007_041562_514E,1603951289000,110
S1A_IW_GRDH_1SDV_20201030T174702_20201030T174727_035029_041621_FDD2,1604080022000,132
S1A_IW_GRDH_1SDV_20201105T055320_20201105T055345_035109_0418DF_CEC4,1604555600000,37
S1A_IW_GRDH_1SDV_20201110T060128_20201110T060153_035182_041B7B_0504,1604988088000,110
S1A_IW_GRDH_1SDV_20201111T174702_20201111T174727_035204_041C44_D250,1605116822000,132
S1A_IW_GRDH_1SDV_20201117T055320_20201117T055345_035284_041F05_C5E2,1605592400000,37
S1A_IW_GRDH_1SDV_20201122T060128_20201122T060153_035357_042185_4105,1606024888000,110
S1A_IW_GRDH_1SDV_20201123T174702_20201123T174727_035379_04224E_AFB3,1606153622000,132
S1A_IW_GRDH_1SDV_20201129T055319_20201129T055344_035459_04250C_0488,1606629199000,37
S1A_IW_GRDH_1SDV_20201204T060128_20201204T060153_035532_042784_101B,1607061688000,110
S1A_IW_GRDH_1SDV_20201211T055319_20201211T055344_035634_042B0D_4D13,1607665999000,37
S1A_IW_GRDH_1SDV_20201216T060127_20201216T060152_035707_042DA1_5F1D,1608098487000,110
S1A_IW_GRDH_1SDV_20201217T174701_20201217T174726_035729_042E5E_CA7E,1608227221000,132
S1A_IW_GRDH_1SDV_20201223T055318_20201223T055343_035809_043117_341D,1608702798000,37
S1A_IW_GRDH_1SDV_20201228T060127_20201228T060152_035882_0433B6_DFB8,1609135287000,110
S1A_IW_GRDH_1SDV_20201229T174700_20201229T174725_035904_04347F_C37E,1609264020000,132
S1A_IW_GRDH_1SDV_20210104T055318_20210104T055343_035984_04372C_0E16,1609739598000,37
S1A_IW_GRDH_1SDV_20210109T060126_20210109T060151_036057_0439C9_FB50,1610172086000,110
S1A_IW_GRDH_1SDV_20210110T174700_20210110T174725_036079_043A97_0097,1610300820000,132
S1A_IW_GRDH_1SDV_20210116T055317_20210116T055342_036159_043D51_CF0A,1610776397000,37
S1A_IW_GRDH_1SDV_20210121T060125_20210121T060150_036232_043FE4_04CF,1611208885000,110
S1A_IW_GRDH_1SDV_20210122T174659_20210122T174724_036254_0440B3_AE80,1611337619000,132
S1A_IW_GRDH_1SDV_20210128T055317_20210128T055342_036334_044369_E4CE,1611813197000,37
S1A_IW_GRDH_1SDV_20210202T060125_20210202T060150_036407_0445F3_1A2A,1612245685000,110
S1A_IW_GRDH_1SDV_20210203T174659_20210203T174724_036429_0446C1_5961,1612374419000,132
S1A_IW_GRDH_1SDV_20210209T055316_20210209T055341_036509_044978_435C,1612849996000,37
S1A_IW_GRDH_1SDV_20210214T060125_20210214T060150_036582_044C13_54E3,1613282485000,110
S1A_IW_GRDH_1SDV_20210215T174658_20210215T174723_036604_044CDF_C9CC,1613411218000,132
S1A_IW_GRDH_1SDV_20210221T055316_20210221T055341_036684_044F98_1102,1613886796000,37
S1A_IW_GRDH_1SDV_20210226T060125_20210226T060150_036757_045227_BE24,1614319285000,110
S1A_IW_GRDH_1SDV_20210227T174658_20210227T174723_036779_0452ED_3951,1614448018000,132
S1A_IW_GRDH_1SDV_20210305T055316_20210305T055341_036859_0455A3_5982,1614923596000,37
S1A_IW_GRDH_1SDV_20210310T060125_20210310T060150_036932_045843_B1CB,1615356085000,110
S1A_IW_GRDH_1SDV_20210311T174658_20210311T174723_036954_045906_D653,1615484818000,132
S1A_IW_GRDH_1SDV_20210317T055316_20210317T055341_037034_045BC7_558B,1615960396000,37
S1A_IW_GRDH_1SDV_20210322T060125_20210322T060150_037107_045E55_7ABE,1616392885000,110
S1A_IW_GRDH_1SDV_20210323T174659_20210323T174724_037129_045F1C_AEA5,1616521619000,132
S1A_IW_GRDH_1SDV_20210329T055316_20210329T055341_037209_0461CF_484B,1616997196000,37
S1A_IW_GRDH_1SDV_20210403T060125_20210403T060150_037282_04645B_BE8A,1617429685000,110
S1A_IW_GRDH_1SDV_20210404T174659_20210404T174724_037304_046525_59AC,1617558419000,132
S1A_IW_GRDH_1SDV_20210410T055317_20210410T055342_037384_0467D7_FE4D,1618033997000,37
S1A_IW_GRDH_1SDV_20210415T060126_20210415T060151_037457_046A6A_91E5,1618466486000,110
S1A_IW_GRDH_1SDV_20210416T174659_20210416T174724_037479_046B32_37C5,1618595219000,132
S1A_IW_GRDH_1SDV_20210422T055317_20210422T055342_037559_046DEA_8D9B,1619070797000,37
S1A_IW_GRDH_1SDV_20210427T060126_20210427T060151_037632_047081_120A,1619503286000,110
S1A_IW_GRDH_1SDV_20210428T174700_20210428T174725_037654_047144_011D,1619632020000,132
S1A_IW_GRDH_1SDV_20210504T055318_20210504T055343_037734_047404_62F6,1620107598000,37
S1A_IW_GRDH_1SDV_20210509T060127_20210509T060152_037807_047656_F427,1620540087000,110
S1A_IW_GRDH_1SDV_20210510T174700_20210510T174725_037829_047700_88EC,1620668820000,132
S1A_IW_GRDH_1SDV_20210516T055318_20210516T055343_037909_047956_914E,1621144398000,37
S1A_IW_GRDH_1SDV_20210521T060127_20210521T060152_037982_047B9C_25DC,1621576887000,110
S1A_IW_GRDH_1SDV_20210522T174701_20210522T174726_038004_047C46_D62E,1621705621000,132
S1A_IW_GRDH_1SDV_20210528T055319_20210528T055344_038084_047EA0_413E,1622181199000,37
S1A_IW_GRDH_1SDV_20210602T060128_20210602T060153_038157_0480DD_03F0,1622613688000,110
S1A_IW_GRDH_1SDV_20210603T174702_20210603T174727_038179_048182_676A,1622742422000,132
S1A_IW_GRDH_1SDV_20210609T055320_20210609T055345_038259_0483CC_3E06,1623218000000,37
S1A_IW_GRDH_1SDV_20210614T060129_20210614T060154_038332_048611_6F5C,1623650489000,110
S1A_IW_GRDH_1SDV_20210615T174703_20210615T174728_038354_0486B8_810F,1623779223000,132
S1A_IW_GRDH_1SDV_20210621T055320_20210621T055345_038434_048908_2012,1624254800000,37
S1A_IW_GRDH_1SDV_20210626T060129_20210626T060154_038507_048B4C_ED29,1624687289000,110
S1A_IW_GRDH_1SDV_20210627T174703_20210627T174728_038529_048BF5_1E7A,1624816023000,132
S1A_IW_GRDH_1SDV_20210703T055321_20210703T055346_038609_048E45_BB50,1625291601000,37
S1A_IW_GRDH_1SDV_20210708T060130_20210708T060155_038682_04908E_E701,1625724090000,110
S1A_IW_GRDH_1SDV_20210709T174704_20210709T174729_038704_049136_5552,1625852824000,132
S1A_IW_GRDH_1SDV_20210715T055322_20210715T055347_038784_049389_943F,1626328402000,37
S1A_IW_GRDH_1SDV_20210720T060131_20210720T060156_038857_0495CC_F3DD,1626760891000,110
S1A_IW_GRDH_1SDV_20210721T174705_20210721T174730_038879_049676_09C9,1626889625000,132
S1A_IW_GRDH_1SDV_20210727T055322_20210727T055347_038959_0498CB_FEF0,1627365202000,37
S1A_IW_GRDH_1SDV_20210801T060132_20210801T060157_039032_049AFF_6734,1627797692000,110
S1A_IW_GRDH_1SDV_20210802T174705_20210802T174730_039054_049BA6_02B0,1627926425000,132
S1A_IW_GRDH_1SDV_20210808T055323_20210808T055348_039134_049E4B_6CA8,1628402003000,37
S1A_IW_GRDH_1SDV_20210813T060132_20210813T060157_039207_04A0DA_929D,1628834492000,110
S1A_IW_GRDH_1SDV_20210814T174706_20210814T174731_039229_04A1A2_F9AE,1628963226000,132
S1A_IW_GRDH_1SDV_20210820T055324_20210820T055349_039309_04A459_8A72,1629438804000,37
S1A_IW_GRDH_1SDV_20210825T060133_20210825T060158_039382_04A6D7_99A1,1629871293000,110
S1A_IW_GRDH_1SDV_20210826T174707_20210826T174732_039404_04A79A_9BAC,1630000027000,132
S1A_IW_GRDH_1SDV_20210901T055324_20210901T055349_039484_04AA55_CF07,1630475604000,37
S1A_IW_GRDH_1SDV_20210906T060133_20210906T060158_039557_04ACE9_637F,1630908093000,110
S1A_IW_GRDH_1SDV_20210907T174707_20210907T174732_039579_04ADB0_6C61,1631036827000,132
S1A_IW_GRDH_1SDV_20210913T055325_20210913T055350_039659_04B066_5706,1631512405000,37
S1A_IW_GRDH_1SDV_20210918T060134_20210918T060159_039732_04B2D6_CDB9,1631944894000,110
S1A_IW_GRDH_1SDV_20210919T174708_20210919T174733_039754_04B39C_146B,1632073628000,132
S1A_IW_GRDH_1SDV_20210925T055325_20210925T055350_039834_04B64D_E041,1632549205000,37
S1A_IW_GRDH_1SDV_20210930T060134_20210930T060159_039907_04B8DA_B853,1632981694000,110
S1A_IW_GRDH_1SDV_20211001T174708_20211001T174733_039929_04B9A1_02CE,1633110428000,132
S1A_IW_GRDH_1SDV_20211007T055326_20211007T055351_040009_04BC5A_FD98,1633586006000,37
S1A_IW_GRDH_1SDV_20211012T060134_20211012T060159_040082_04BEED_FB13,1634018494000,110
S1A_IW_GRDH_1SDV_20211013T174708_20211013T174733_040104_04BFB6_12A1,1634147228000,132
S1A_IW_GRDH_1SDV_20211019T055326_20211019T055351_040184_04C279_29A5,1634622806000,37
S1A_IW_GRDH_1SDV_20211024T060134_20211024T060159_040257_04C509_7A60,1635055294000,110
S1A_IW_GRDH_1SDV_20211025T174708_20211025T174733_040279_04C5CB_0167,1635184028000,132
S1A_IW_GRDH_1SDV_20211031T055326_20211031T055351_040359_04C88A_C6CF,1635659606000,37
S1A_IW_GRDH_1SDV_20211105T060134_20211105T060159_040432_04CB21_D3FE,1636092094000,110
S1A_IW_GRDH_1SDV_20211106T174708_20211106T174733_040454_04CBE8_38CB,1636220828000,132
S1A_IW_GRDH_1SDV_20211112T055325_20211112T055350_040534_04CEA0_8677,1636696405000,37
S1A_IW_GRDH_1SDV_20211117T060134_20211117T060159_040607_04D12A_232F,1637128894000,110
S1A_IW_GRDH_1SDV_20211118T174708_20211118T174733_040629_04D1EC_1D18,1637257628000,132
S1A_IW_GRDH_1SDV_20211124T055325_20211124T055350_040709_04D4AF_8784,1637733205000,37
S1A_IW_GRDH_1SDV_20211129T060134_20211129T060159_040782_04D73C_317C,1638165694000,110
S1A_IW_GRDH_1SDV_20211130T174707_20211130T174732_040804_04D805_3FCB,1638294427000,132
S1A_IW_GRDH_1SDV_20211206T055324_20211206T055349_040884_04DAC3_7EB5,1638770004000,37
S1A_IW_GRDH_1SDV_20211211T060133_20211211T060158_040957_04DD4C_C553,1639202493000,110
S1A_IW_GRDH_1SDV_20211212T174707_20211212T174732_040979_04DE15_FD94,1639331227000,132
S1A_IW_GRDH_1SDV_20211218T055324_20211218T055349_041059_04E0B5_4D70,1639806804000,37
S1A_IW_GRDH_1SDV_20211223T060132_20211223T060157_041132_04E31B_E00D,1640239292000,110
S1A_IW_GRDH_1SDV_20211224T174706_20211224T174731_041154_04E3D7_F8C8,1640368026000,132
S1A_IW_GRDH_1SDV_20211230T055323_20211230T055348_041234_04E67C_2985,1640843603000,37
S1A_IW_GRDH_1SDV_20220104T060132_20220104T060157_041307_04E90C_9BFE,1641276092000,110
S1A_IW_GRDH_1SDV_20220105T174705_20220105T174730_041329_04E9D0_7E16,1641404825000,132
S1A_IW_GRDH_1SDV_20220111T055323_20220111T055348_041409_04EC72_2BAD,1641880403000,37
S1A_IW_GRDH_1SDV_20220116T060131_20220116T060156_041482_04EEC3_D4CB,1642312891000,110
S1A_IW_GRDH_1SDV_20220117T174705_20220117T174730_041504_04EF85_60C9,1642441625000,132
S1A_IW_GRDH_1SDV_20220123T055322_20220123T055347_041584_04F239_3C13,1642917202000,37
S1A_IW_GRDH_1SDV_20220128T060131_20220128T060156_041657_04F4B1_B28C,1643349691000,110
S1A_IW_GRDH_1SDV_20220129T174704_20220129T174729_041679_04F573_C9FB,1643478424000,132
S1A_IW_GRDH_1SDV_20220204T055322_20220204T055347_041759_04F828_A7BE,1643954002000,37
S1A_IW_GRDH_1SDV_20220209T060131_20220209T060156_041832_04FAD0_065A,1644386491000,110
S1A_IW_GRDH_1SDV_20220210T174704_20220210T174729_041854_04FB8F_D7BE,1644515224000,132
S1A_IW_GRDH_1SDV_20220216T055322_20220216T055347_041934_04FE52_FEBE,1644990802000,37
S1A_IW_GRDH_1SDV_20220221T060130_20220221T060155_042007_0500E3_5DA2,1645423290000,110
S1A_IW_GRDH_1SDV_20220222T174704_20220222T174729_042029_0501A7_CFCE,1645552024000,132
S1A_IW_GRDH_1SDV_20220228T055321_20220228T055346_042109_050450_2434,1646027601000,37
S1A_IW_GRDH_1SDV_20220305T060130_20220305T060155_042182_0506D2_87CD,1646460090000,110
S1A_IW_GRDH_1SDV_20220306T174704_20220306T174729_042204_050795_C70A,1646588824000,132
S1A_IW_GRDH_1SDV_20220312T055322_20220312T055347_042284_050A41_33A1,1647064402000,37
S1A_IW_GRDH_1SDV_20220317T060130_20220317T060155_042357_050CC0_E85C,1647496890000,110
S1A_IW_GRDH_1SDV_20220318T174704_20220318T174729_042379_050D84_18E0,1647625624000,132
S1A_IW_GRDH_1SDV_20220324T055322_20220324T055347_042459_051033_6D45,1648101202000,37
S1A_IW_GRDH_1SDV_20220329T060131_20220329T060156_042532_0512B2_18F6,1648533691000,110
S1A_IW_GRDH_1SDV_20220330T174704_20220330T174729_042554_05137B_9A6B,1648662424000,132
S1A_IW_GRDH_1SDV_20220405T055322_20220405T055347_042634_051622_0FEF,1649138002000,37
S1A_IW_GRDH_1SDV_20220410T060131_20220410T060156_042707_05189B_4931,1649570491000,110
S1A_IW_GRDH_1SDV_20220411T174704_20220411T174729_042729_05195C_1266,1649699224000,132
S1A_IW_GRDH_1SDV_20220417T055322_20220417T055347_042809_051C02_67FB,1650174802000,37
S1A_IW_GRDH_1SDV_20220422T060132_20220422T060157_042882_051E71_2F2A,1650607292000,110
S1A_IW_GRDH_1SDV_20220423T174705_20220423T174730_042904_051F2A_CA2B,1650736025000,132
S1A_IW_GRDH_1SDV_20220429T055323_20220429T055348_042984_0521BD_3005,1651211603000,37
S1A_IW_GRDH_1SDV_20220504T060132_20220504T060157_043057_05243A_B1C2,1651644092000,110
S1A_IW_GRDH_1SDV_20220505T174705_20220505T174730_043079_0524F1_A406,1651772825000,132
S1A_IW_GRDH_1SDV_20220511T055324_20220511T055349_043159_052789_C32F,1652248404000,37
S1A_IW_GRDH_1SDV_20220516T060133_20220516T060158_043232_0529BF_02D7,1652680893000,110
S1A_IW_GRDH_1SDV_20220517T174706_20220517T174731_043254_052A68_47B5,1652809626000,132
S1A_IW_GRDH_1SDV_20220523T055324_20220523T055349_043334_052CBF_CD3B,1653285204000,37
S1A_IW_GRDH_1SDV_20220528T060134_20220528T060159_043407_052EEE_6710,1653717694000,110
S1A_IW_GRDH_1SDV_20220529T174707_20220529T174732_043429_052F95_BD91,1653846427000,132
S1A_IW_GRDH_1SDV_20220604T055326_20220604T055351_043509_0531E5_7DE7,1654322006000,37
S1A_IW_GRDH_1SDV_20220609T060135_20220609T060200_043582_05341A_1A08,1654754495000,110
S1A_IW_GRDH_1SDV_20220610T174708_20220610T174733_043604_0534C1_ADA2,1654883228000,132
S1A_IW_GRDH_1SDV_20220616T055326_20220616T055351_043684_05371A_955C,1655358806000,37
S1A_IW_GRDH_1SDV_20220621T060135_20220621T060200_043757_053958_98ED,1655791295000,110
S1A_IW_GRDH_1SDV_20220622T174709_20220622T174734_043779_053A03_508B,1655920029000,132
S1A_IW_GRDH_1SDV_20220628T055327_20220628T055352_043859_053C5F_A4EE,1656395607000,37
S1A_IW_GRDH_1SDV_20220703T060136_20220703T060201_043932_053E8B_3F07,1656828096000,110
S1A_IW_GRDH_1SDV_20220704T174710_20220704T174735_043954_053F33_4E69,1656956830000,132
S1A_IW_GRDH_1SDV_20220715T060137_20220715T060202_044107_0543C6_B45C,1657864897000,110
S1A_IW_GRDH_1SDV_20220716T174710_20220716T174735_044129_05446F_A4FE,1657993630000,132
S1A_IW_GRDH_1SDV_20220722T055328_20220722T055353_044209_0546C9_FF85,1658469208000,37
S1A_IW_GRDH_1SDV_20220727T060137_20220727T060202_044282_0548FD_2CD7,1658901697000,110
S1A_IW_GRDH_1SDV_20220728T174711_20220728T174736_044304_05499D_44C6,1659030431000,132
S1A_IW_GRDH_1SDV_20220803T055329_20220803T055354_044384_054BF3_A502,1659506009000,37
S1A_IW_GRDH_1SDV_20220808T060138_20220808T060203_044457_054E18_B16D,1659938498000,110
S1A_IW_GRDH_1SDV_20220809T174712_20220809T174737_044479_054ECC_1034,1660067232000,132
S1A_IW_GRDH_1SDV_20220815T055330_20220815T055355_044559_05516B_FCF7,1660542810000,37
S1A_IW_GRDH_1SDV_20220820T060139_20220820T060204_044632_0553ED_FC6A,1660975299000,110
S1A_IW_GRDH_1SDV_20220821T174713_20220821T174738_044654_0554B0_CBE7,1661104033000,132
S1A_IW_GRDH_1SDV_20220827T055330_20220827T055355_044734_055755_43A4,1661579610000,37
S1A_IW_GRDH_1SDV_20220901T060140_20220901T060205_044807_0559D4_1E6E,1662012100000,110
S1A_IW_GRDH_1SDV_20220908T055331_20220908T055356_044909_055D33_CD48,1662616411000,37
S1A_IW_GRDH_1SDV_20220913T060140_20220913T060205_044982_055FB3_657A,1663048900000,110
S1A_IW_GRDH_1SDV_20220914T174714_20220914T174739_045004_056078_9A48,1663177634000,132
S1A_IW_GRDH_1SDV_20220920T055331_20220920T055356_045084_056320_7EED,1663653211000,37
S1A_IW_GRDH_1SDV_20220925T060140_20220925T060205_045157_05659C_B15D,1664085700000,110
S1A_IW_GRDH_1SDV_20220926T174714_20220926T174739_045179_05665E_FC31,1664214434000,132
S1A_IW_GRDH_1SDV_20221002T055332_20221002T055357_045259_0568FD_2E30,1664690012000,37
S1A_IW_GRDH_1SDV_20221007T060140_20221007T060205_045332_056B75_9031,1665122500000,110
S1A_IW_GRDH_1SDV_20221008T174714_20221008T174739_045354_056C38_3801,1665251234000,132
S1A_IW_GRDH_1SDV_20221014T055332_20221014T055357_045434_056EDB_40C0,1665726812000,37
S1A_IW_GRDH_1SDV_20221019T060140_20221019T060205_045507_0570EC_C687,1666159300000,110
S1A_IW_GRDH_1SDV_20221020T174714_20221020T174739_045529_05716D_1BAC,1666288034000,132
S1A_IW_GRDH_1SDV_20221026T055332_20221026T055357_045609_05740C_50D0,1666763612000,37
S1A_IW_GRDH_1SDV_20221031T060140_20221031T060205_045682_057692_31FE,1667196100000,110
S1A_IW_GRDH_1SDV_20221101T174714_20221101T174739_045704_05774F_3915,1667324834000,132
S1A_IW_GRDH_1SDV_20221107T055331_20221107T055356_045784_0579F9_3587,1667800411000,37
S1A_IW_GRDH_1SDV_20221112T060140_20221112T060205_045857_057C78_2C24,1668232900000,110
S1A_IW_GRDH_1SDV_20221113T174713_20221113T174738_045879_057D3B_0D38,1668361633000,132
S1A_IW_GRDH_1SDV_20221119T055331_20221119T055356_045959_057FDC_FBAC,1668837211000,37
S1A_IW_GRDH_1SDV_20221124T060140_20221124T060205_046032_05825E_FB87,1669269700000,110
S1A_IW_GRDH_1SDV_20221125T174714_20221125T174739_046054_058322_367D,1669398434000,132
S1A_IW_GRDH_1SDV_20221201T055330_20221201T055355_046134_0585CE_6AF8,1669874010000,37
S1A_IW_GRDH_1SDV_20221206T060139_20221206T060204_046207_058859_4872,1670306499000,110
S1A_IW_GRDH_1SDV_20221207T174713_20221207T174738_046229_05891E_136E,1670435233000,132
S1A_IW_GRDH_1SDV_20221213T055330_20221213T055355_046309_058BCE_2167,1670910810000,37
S1A_IW_GRDH_1SDV_20221218T060139_20221218T060204_046382_058E57_5646,1671343299000,110
S1A_IW_GRDH_1SDV_20221219T174712_20221219T174737_046404_058F1B_54F5,1671472032000,132
S1A_IW_GRDH_1SDV_20221225T055329_20221225T055354_046484_0591C3_D152,1671947609000,37
S1A_IW_GRDH_1SDV_20221230T060138_20221230T060203_046557_05943C_683A,1672380098000,110
S1A_IW_GRDH_1SDV_20221231T174712_20221231T174737_046579_059500_5AF5,1672508832000,132
S1B_IW_GRDH_1SDV_20170101T174555_20170101T174620_003658_00645D_CFC7,1483292755000,132
S1B_IW_GRDH_1SDV_20170107T055221_20170107T055246_003738_0066BF_AEC0,1483768341000,37
S1B_IW_GRDH_1SDV_20170112T060013_20170112T060038_003811_0068D2_C702,1484200813000,110
S1B_IW_GRDH_1SDV_20170113T174555_20170113T174620_003833_006979_3562,1484329555000,132
S1B_IW_GRDH_1SDV_20170119T055220_20170119T055245_003913_006BD9_B721,1484805140760,37
S1B_IW_GRDH_1SDV_20170124T060012_20170124T060037_003986_006E0F_7772,1485237612970,110
S1B_IW_GRDH_1SDV_20170125T174554_20170125T174619_004008_006EB7_83DF,1485366354990,132
S1B_IW_GRDH_1SDV_20170131T055220_20170131T055245_004088_007111_ED1C,1485841940000,37
S1B_IW_GRDH_1SDV_20170205T060012_20170205T060037_004161_007332_3414,1486274412000,110
S1B_IW_GRDH_1SDV_20170206T174554_20170206T174619_004183_0073E2_96B8,1486403154700,132
S1B_IW_GRDH_1SDV_20170212T055220_20170212T055245_004263_00764A_E9BA,1486878740000,37
S1B_IW_GRDH_1SDV_20170217T060012_20170217T060037_004336_00787E_9639,1487311212000,110
S1B_IW_GRDH_1SDV_20170218T174554_20170218T174619_004358_007929_F5C5,1487439954610,132
S1B_IW_GRDH_1SDV_20170224T055220_20170224T055245_004438_007B8A_2E3E,1487915540000,37
S1B_IW_GRDH_1SDV_20170301T060012_20170301T060037_004511_007DA6_7850,1488348012000,110
S1B_IW_GRDH_1SDV_20170302T174554_20170302T174619_004533_007E47_3FE8,1488476754000,132
S1B_IW_GRDH_1SDV_20170308T055220_20170308T055245_004613_0080A8_219B,1488952340230,37
S1B_IW_GRDH_1SDV_20170313T060012_20170313T060037_004686_0082D0_1CBF,1489384812000,110
S1B_IW_GRDH_1SDV_20170314T174554_20170314T174619_004708_008375_A0DA,1489513554000,132
S1B_IW_GRDH_1SDV_20170320T055220_20170320T055245_004788_0085CF_4204,1489989140500,37
S1B_IW_GRDH_1SDV_20170325T060012_20170325T060037_004861_0087DA_0F71,1490421612000,110
S1B_IW_GRDH_1SDV_20170326T174554_20170326T174619_004883_008874_AFB9,1490550354000,132
S1B_IW_GRDH_1SDV_20170401T055220_20170401T055245_004963_008AD8_1515,1491025940000,37
S1B_IW_GRDH_1SDV_20170406T060013_20170406T060038_005036_008CEB_CBF0,1491458413000,110
S1B_IW_GRDH_1SDV_20170407T174555_20170407T174620_005058_008D82_CC69,1491587155400,132
S1B_IW_GRDH_1SDV_20170413T055221_20170413T055246_005138_008FDA_41FF,1492062741220,37
S1B_IW_GRDH_1SDV_20170418T060013_20170418T060038_005211_0091ED_A6E8,1492495213830,110
S1B_IW_GRDH_1SDV_20170419T174556_20170419T174621_005233_00928B_1CFF,1492623956000,132
S1B_IW_GRDH_1SDV_20170425T055221_20170425T055246_005313_0094F4_1E8E,1493099541850,37
S1B_IW_GRDH_1SDV_20170430T060014_20170430T060039_005386_009709_8431,1493532014340,110
S1B_IW_GRDH_1SDV_20170501T174556_20170501T174621_005408_0097A2_9DEB,1493660756000,132
S1B_IW_GRDH_1SDV_20170507T055222_20170507T055247_005488_0099E0_9B0F,1494136342000,37
S1B_IW_GRDH_1SDV_20170512T060014_20170512T060039_005561_009BD7_14ED,1494568814000,110
S1B_IW_GRDH_1SDV_20170513T174557_20170513T174622_005583_009C6A_26EB,1494697557110,132
S1B_IW_GRDH_1SDV_20170519T055223_20170519T055248_005663_009EB2_EB59,1495173143160,37
S1B_IW_GRDH_1SDV_20170524T060015_20170524T060040_005736_00A0C7_DF39,1495605615000,110
S1B_IW_GRDH_1SDV_20170525T174557_20170525T174622_005758_00A167_CA64,1495734357000,132
S1B_IW_GRDH_1SDV_20170531T055204_20170531T055229_005838_00A3BF_821F,1496209924000,37
S1B_IW_GRDH_1SDV_20170605T060032_20170605T060057_005911_00A5DF_6A5B,1496642432000,110
S1B_IW_GRDH_1SDV_20170606T174547_20170606T174612_005933_00A67E_F49B,1496771147000,132
S1B_IW_GRDH_1SDV_20170612T055205_20170612T055230_006013_00A8DA_579E,1497246725000,37
S1B_IW_GRDH_1SDV_20170617T060033_20170617T060058_006086_00AB07_1E1E,1497679233000,110
S1B_IW_GRDH_1SDV_20170618T174548_20170618T174613_006108_00ABA2_13D1,1497807948000,132
S1B_IW_GRDH_1SDV_20170624T055205_20170624T055230_006188_00ADF2_F561,1498283525000,37
S1B_IW_GRDH_1SDV_20170629T060034_20170629T060059_006261_00B018_1CFB,1498716034000,110
S1B_IW_GRDH_1SDV_20170630T174549_20170630T174614_006283_00B0B1_6A4A,1498844749000,132
S1B_IW_GRDH_1SDV_20170706T055206_20170706T055231_006363_00B2E4_5A53,1499320326000,37
S1B_IW_GRDH_1SDV_20170711T060034_20170711T060059_006436_00B50A_DFEA,1499752834000,110
S1B_IW_GRDH_1SDV_20170712T174549_20170712T174614_006458_00B5A4_5E62,1499881549000,132
S1B_IW_GRDH_1SDV_20170718T055207_20170718T055232_006538_00B7EF_14E1,1500357127000,37
S1B_IW_GRDH_1SDV_20170723T060035_20170723T060100_006611_00BA09_9C0F,1500789635000,110
S1B_IW_GRDH_1SDV_20170724T174550_20170724T174615_006633_00BAA1_44C6,1500918350000,132
S1B_IW_GRDH_1SDV_20170730T055207_20170730T055232_006713_00BCEB_F5C0,1501393927000,37
S1B_IW_GRDH_1SDV_20170804T060036_20170804T060101_006786_00BF0E_9270,1501826436000,110
S1B_IW_GRDH_1SDV_20170805T174551_20170805T174616_006808_00BFA5_A3B3,1501955151000,132
S1B_IW_GRDH_1SDV_20170811T055208_20170811T055233_006888_00C200_F8B6,1502430728000,37
S1B_IW_GRDH_1SDV_20170816T060036_20170816T060101_006961_00C42A_5D2E,1502863236000,110
S1B_IW_GRDH_1SDV_20170817T174551_20170817T174616_006983_00C4C3_6DB1,1502991951000,132
S1B_IW_GRDH_1SDV_20170823T055209_20170823T055234_007063_00C712_F86B,1503467529000,37
S1B_IW_GRDH_1SDV_20170828T060037_20170828T060102_007136_00C93C_5BB5,1503900037000,110
S1B_IW_GRDH_1SDV_20170829T174552_20170829T174617_007158_00C9D2_C887,1504028752000,132
S1B_IW_GRDH_1SDV_20170904T055209_20170904T055234_007238_00CC26_C90A,1504504329000,37
S1B_IW_GRDH_1SDV_20170909T060037_20170909T060102_007311_00CE55_BFDD,1504936837000,110
S1B_IW_GRDH_1SDV_20170910T174552_20170910T174617_007333_00CEF2_74AF,1505065552000,132
S1B_IW_GRDH_1SDV_20170916T055210_20170916T055235_007413_00D150_D55F,1505541130000,37
S1B_IW_GRDH_1SDV_20170921T060038_20170921T060103_007486_00D372_0328,1505973638000,110
S1B_IW_GRDH_1SDV_20170922T174553_20170922T174618_007508_00D411_EC49,1506102353000,132
S1B_IW_GRDH_1SDV_20170928T055210_20170928T055235_007588_00D654_D533,1506577930000,37
S1B_IW_GRDH_1SDV_20171003T060038_20171003T060103_007661_00D877_CE85,1507010438000,110
S1B_IW_GRDH_1SDV_20171004T174553_20171004T174618_007683_00D90E_39FD,1507139153000,132
S1B_IW_GRDH_1SDV_20171010T055210_20171010T055235_007763_00DB57_C01C,1507614730000,37
S1B_IW_GRDH_1SDV_20171015T060038_20171015T060103_007836_00DD64_BC65,1508047238000,110
S1B_IW_GRDH_1SDV_20171016T174553_20171016T174618_007858_00DDFB_C2B0,1508175953000,132
S1B_IW_GRDH_1SDV_20171022T055210_20171022T055235_007938_00E055_9AB2,1508651530000,37
S1B_IW_GRDH_1SDV_20171027T060038_20171027T060103_008011_00E277_D707,1509084038000,110
S1B_IW_GRDH_1SDV_20171028T174553_20171028T174618_008033_00E30D_A741,1509212753000,132
S1B_IW_GRDH_1SDV_20171103T055210_20171103T055235_008113_00E557_B9EA,1509688330000,37
S1B_IW_GRDH_1SDV_20171108T060038_20171108T060103_008186_00E77F_CDC9,1510120838000,110
S1B_IW_GRDH_1SDV_20171109T174553_20171109T174618_008208_00E820_D2D5,1510249553000,132
S1B_IW_GRDH_1SDV_20171115T055210_20171115T055235_008288_00EA96_A221,1510725130000,37
S1B_IW_GRDH_1SDV_20171120T060038_20171120T060103_008361_00ECD3_68CC,1511157638000,110
S1B_IW_GRDH_1SDV_20171121T174553_20171121T174618_008383_00ED76_DA1A,1511286353000,132
S1B_IW_GRDH_1SDV_20171127T055210_20171127T055235_008463_00EFF1_E0D0,1511761930000,37
S1B_IW_GRDH_1SDV_20171202T060038_20171202T060103_008536_00F24D_A635,1512194438000,110
S1B_IW_GRDH_1SDV_20171203T174552_20171203T174617_008558_00F2F8_570D,1512323152000,132
S1B_IW_GRDH_1SDV_20171209T055209_20171209T055234_008638_00F57D_8EDB,1512798729000,37
S1B_IW_GRDH_1SDV_20171214T060037_20171214T060102_008711_00F7DA_4790,1513231237000,110
S1B_IW_GRDH_1SDV_20171215T174552_20171215T174617_008733_00F885_0F20,1513359952000,132
S1B_IW_GRDH_1SDV_20171221T055209_20171221T055234_008813_00FB10_DAA6,1513835529000,37
S1B_IW_GRDH_1SDV_20171226T060037_20171226T060102_008886_00FD74_4774,1514268037000,110
S1B_IW_GRDH_1SDV_20171227T174552_20171227T174617_008908_00FE21_5AC0,1514396752000,132
S1B_IW_GRDH_1SDV_20180102T055208_20180102T055233_008988_0100B9_230D,1514872328000,37
S1B_IW_GRDH_1SDV_20180107T060036_20180107T060101_009061_010325_745B,1515304836000,110
S1B_IW_GRDH_1SDV_20180108T174551_20180108T174616_009083_0103D3_C4BB,1515433551000,132
S1B_IW_GRDH_1SDV_20180114T055208_20180114T055233_009163_01066E_0AC4,1515909128000,37
S1B_IW_GRDH_1SDV_20180119T060036_20180119T060101_009236_0108D5_BF9C,1516341636000,110
S1B_IW_GRDH_1SDV_20180120T174551_20180120T174616_009258_01098B_4B75,1516470351000,132
S1B_IW_GRDH_1SDV_20180126T055207_20180126T055232_009338_010C25_B049,1516945927000,37
S1B_IW_GRDH_1SDV_20180131T060035_20180131T060100_009411_010E90_3192,1517378435000,110
S1B_IW_GRDH_1SDV_20180201T174550_20180201T174615_009433_010F44_77CF,1517507150000,132
S1B_IW_GRDH_1SDV_20180207T055207_20180207T055232_009513_0111E6_FA4D,1517982727000,37
S1B_IW_GRDH_1SDV_20180212T060035_20180212T060100_009586_01145A_99CB,1518415235000,110
S1B_IW_GRDH_1SDV_20180213T174550_20180213T174615_009608_011510_454E,1518543950000,132
S1B_IW_GRDH_1SDV_20180219T055207_20180219T055232_009688_0117A0_AABA,1519019527000,37
S1B_IW_GRDH_1SDV_20180224T060035_20180224T060100_009761_011A1C_4F53,1519452035000,110
S1B_IW_GRDH_1SDV_20180225T174550_20180225T174615_009783_011AD0_027B,1519580750000,132
S1B_IW_GRDH_1SDV_20180303T055207_20180303T055232_009863_011D75_0465,1520056327000,37
S1B_IW_GRDH_1SDV_20180308T060035_20180308T060100_009936_011FF9_BE37,1520488835000,110
S1B_IW_GRDH_1SDV_20180309T174550_20180309T174615_009958_0120AF_F84E,1520617550000,132
S1B_IW_GRDH_1SDV_20180315T055207_20180315T055232_010038_012340_C4F1,1521093127000,37
S1B_IW_GRDH_1SDV_20180320T060035_20180320T060100_010111_0125AE_3255,1521525635000,110
S1B_IW_GRDH_1SDV_20180321T174550_20180321T174615_010133_012662_4363,1521654350000,132
S1B_IW_GRDH_1SDV_20180327T055207_20180327T055232_010213_0128EF_A48F,1522129927000,37
S1B_IW_GRDH_1SDV_20180401T060036_20180401T060101_010286_012B58_471C,1522562436000,110
S1B_IW_GRDH_1SDV_20180402T174551_20180402T174616_010308_012C0D_B3EF,1522691151000,132
S1B_IW_GRDH_1SDV_20180408T055208_20180408T055233_010388_012EA5_D449,1523166728000,37
S1B_IW_GRDH_1SDV_20180413T060036_20180413T060101_010461_013107_D630,1523599236000,110
S1B_IW_GRDH_1SDV_20180414T174551_20180414T174616_010483_0131B1_EEFA,1523727951000,132
S1B_IW_GRDH_1SDV_20180420T055208_20180420T055233_010563_013434_4E80,1524203528000,37
S1B_IW_GRDH_1SDV_20180425T060036_20180425T060101_010636_013695_F092,1524636036000,110
S1B_IW_GRDH_1SDV_20180426T174551_20180426T174616_010658_013743_0A77,1524764751000,132
S1B_IW_GRDH_1SDV_20180502T055209_20180502T055234_010738_0139D7_95E9,1525240329000,37
S1B_IW_GRDH_1SDV_20180507T060037_20180507T060102_010811_013C3E_CF9D,1525672837000,110
S1B_IW_GRDH_1SDV_20180508T174552_20180508T174617_010833_013CEF_A05D,1525801552000,132
S1B_IW_GRDH_1SDV_20180514T055209_20180514T055234_010913_013F81_24F8,1526277129000,37
S1B_IW_GRDH_1SDV_20180519T060038_20180519T060103_010986_0141E3_3D93,1526709638000,110
S1B_IW_GRDH_1SDV_20180520T174553_20180520T174618_011008_014296_E950,1526838353000,132
S1B_IW_GRDH_1SDV_20180526T055210_20180526T055235_011088_014535_F785,1527313930000,37
S1B_IW_GRDH_1SDV_20180531T060038_20180531T060103_011161_014798_5E47,1527746438000,110
S1B_IW_GRDH_1SDV_20180601T174553_20180601T174618_011183_014840_19C3,1527875153000,132
S1B_IW_GRDH_1SDV_20180607T055211_20180607T055236_011263_014AC1_FC74,1528350731000,37
S1B_IW_GRDH_1SDV_20180612T060039_20180612T060104_011336_014D0D_4332,1528783239000,110
S1B_IW_GRDH_1SDV_20180613T174554_20180613T174619_011358_014DB0_5980,1528911954000,132
S1B_IW_GRDH_1SDV_20180619T055211_20180619T055236_011438_01502A_ABDA,1529387531000,37
S1B_IW_GRDH_1SDV_20180624T060040_20180624T060105_011511_015277_564B,1529820040000,110
S1B_IW_GRDH_1SDV_20180625T174555_20180625T174620_011533_015321_6491,1529948755000,132
S1B_IW_GRDH_1SDV_20180701T055212_20180701T055237_011613_01559A_414E,1530424332000,37
S1B_IW_GRDH_1SDV_20180706T060041_20180706T060106_011686_0157EE_35FB,1530856841000,110
S1B_IW_GRDH_1SDV_20180713T055213_20180713T055238_011788_015B03_86F3,1531461133000,37
S1B_IW_GRDH_1SDV_20180718T060041_20180718T060106_011861_015D4F_ABD0,1531893641000,110
S1B_IW_GRDH_1SDV_20180719T174557_20180719T174622_011883_015DF3_FB5A,1532022357000,132
S1B_IW_GRDH_1SDV_20180725T055214_20180725T055239_011963_016054_09DA,1532497934000,37
S1B_IW_GRDH_1SDV_20180725T055215_20180725T055240_011963_016054_9BDB,1532497935000,37
S1B_IW_GRDH_1SDV_20180730T060042_20180730T060107_012036_016295_47DE,1532930442000,110
S1B_IW_GRDH_1SDV_20180731T174557_20180731T174622_012058_01633C_A4B2,1533059157000,132
S1B_IW_GRDH_1SDV_20180811T060043_20180811T060108_012211_0167F9_1A2A,1533967243000,110
S1B_IW_GRDH_1SDV_20180812T174558_20180812T174623_012233_01689E_0E6E,1534095958000,132
S1B_IW_GRDH_1SDV_20180818T055215_20180818T055240_012313_016B12_98E3,1534571535000,37
S1B_IW_GRDH_1SDV_20180823T060044_20180823T060109_012386_016D5F_9352,1535004044000,110
S1B_IW_GRDH_1SDV_20180824T174558_20180824T174623_012408_016E08_8EE5,1535132758000,132
S1B_IW_GRDH_1SDV_20180830T055215_20180830T055240_012488_01707F_C776,1535608335000,37
S1B_IW_GRDH_1SDV_20180904T060044_20180904T060109_012561_0172CF_7247,1536040844000,110
S1B_IW_GRDH_1SDV_20180905T174559_20180905T174624_012583_017374_8502,1536169559000,132
S1B_IW_GRDH_1SDV_20180911T055216_20180911T055241_012663_0175E1_24EE,1536645136000,37
S1B_IW_GRDH_1SDV_20180916T060044_20180916T060109_012736_017828_933B,1537077644000,110
S1B_IW_GRDH_1SDV_20180917T174559_20180917T174624_012758_0178D0_B66A,1537206359000,132
S1B_IW_GRDH_1SDV_20180923T055216_20180923T055241_012838_017B41_446E,1537681936000,37
S1B_IW_GRDH_1SDV_20180928T060045_20180928T060110_012911_017D8A_CB61,1538114445000,110
S1B_IW_GRDH_1SDV_20180929T174600_20180929T174625_012933_017E2D_B556,1538243160000,132
S1B_IW_GRDH_1SDV_20181005T055217_20181005T055242_013013_018096_0BB2,1538718737000,37
S1B_IW_GRDH_1SDV_20181010T060045_20181010T060110_013086_0182DE_C9F5,1539151245000,110
S1B_IW_GRDH_1SDV_20181011T174600_20181011T174625_013108_01837C_4140,1539279960000,132
S1B_IW_GRDH_1SDV_20181017T055217_20181017T055242_013188_0185F2_DE56,1539755537000,37
S1B_IW_GRDH_1SDV_20181022T060045_20181022T060110_013261_018845_C5F7,1540188045000,110
S1B_IW_GRDH_1SDV_20181023T174600_20181023T174625_013283_0188E8_D39E,1540316760000,132
S1B_IW_GRDH_1SDV_20181029T055217_20181029T055242_013363_018B66_0A65,1540792337000,37
S1B_IW_GRDH_1SDV_20181103T060045_20181103T060110_013436_018DC8_4198,1541224845000,110
S1B_IW_GRDH_1SDV_20181104T174600_20181104T174625_013458_018E69_0B12,1541353560000,132
S1B_IW_GRDH_1SDV_20181110T055217_20181110T055242_013538_0190DE_8639,1541829137000,37
S1B_IW_GRDH_1SDV_20181115T060045_20181115T060110_013611_019338_B603,1542261645000,110
S1B_IW_GRDH_1SDV_20181116T174600_20181116T174625_013633_0193DE_4341,1542390360000,132
S1B_IW_GRDH_1SDV_20181122T055216_20181122T055241_013713_019665_E73B,1542865936000,37
S1B_IW_GRDH_1SDV_20181127T060044_20181127T060109_013786_0198CD_6086,1543298444000,110
S1B_IW_GRDH_1SDV_20181128T174555_20181128T174620_013808_019978_6FE6,1543427155000,132
S1B_IW_GRDH_1SDV_20181204T055216_20181204T055241_013888_019C0B_D6F0,1543902736000,37
S1B_IW_GRDH_1SDV_20181209T060044_20181209T060109_013961_019E7D_4D1D,1544335244000,110
S1B_IW_GRDH_1SDV_20181216T055216_20181216T055241_014063_01A1C1_AB40,1544939536000,37
S1B_IW_GRDH_1SDV_20181221T060044_20181221T060109_014136_01A43A_0BE7,1545372044000,110
S1B_IW_GRDH_1SDV_20181228T055215_20181228T055240_014238_01A78D_D8A2,1545976335000,37
S1B_IW_GRDH_1SDV_20190102T060043_20190102T060108_014311_01AA09_0112,1546408843000,110
S1B_IW_GRDH_1SDV_20190109T055215_20190109T055240_014413_01AD42_8E5E,1547013135000,37
S1B_IW_GRDH_1SDV_20190114T060043_20190114T060108_014486_01AFA9_FEF1,1547445643000,110
S1B_IW_GRDH_1SDV_20190121T055214_20190121T055239_014588_01B2DB_BF9D,1548049934000,37
S1B_IW_GRDH_1SDV_20190126T060042_20190126T060107_014661_01B544_06D9,1548482442000,110
S1B_IW_GRDH_1SDV_20190127T174557_20190127T174622_014683_01B5F0_2B78,1548611157000,132
S1B_IW_GRDH_1SDV_20190202T055214_20190202T055239_014763_01B885_5266,1549086734000,37
S1B_IW_GRDH_1SDV_20190208T174557_20190208T174622_014858_01BBAD_2531,1549647957000,132
S1B_IW_GRDH_1SDV_20190214T055214_20190214T055239_014938_01BE3E_886C,1550123534000,37
S1B_IW_GRDH_1SDV_20190219T060042_20190219T060107_015011_01C0C5_27F0,1550556042000,110
S1B_IW_GRDH_1SDV_20190226T055214_20190226T055239_015113_01C401_8373,1551160334000,37
S1B_IW_GRDH_1SDV_20190303T060042_20190303T060107_015186_01C67C_665E,1551592842000,110
S1B_IW_GRDH_1SDV_20190304T174557_20190304T174622_015208_01C731_4ECA,1551721557000,132
S1B_IW_GRDH_1SDV_20190310T055214_20190310T055239_015288_01C9C5_0042,1552197134000,37
S1B_IW_GRDH_1SDV_20190315T060042_20190315T060107_015361_01CC2F_D1D5,1552629642000,110
S1B_IW_GRDH_1SDV_20190316T174557_20190316T174622_015383_01CCDC_1E6F,1552758357000,132
S1B_IW_GRDH_1SDV_20190322T055214_20190322T055239_015463_01CF67_E87E,1553233934000,37
S1B_IW_GRDH_1SDV_20190327T060042_20190327T060107_015536_01D1F3_1AEE,1553666442000,110
S1B_IW_GRDH_1SDV_20190403T055214_20190403T055239_015638_01D532_B7F5,1554270734000,37
S1B_IW_GRDH_1SDV_20190408T060042_20190408T060107_015711_01D7B3_51E7,1554703242000,110
S1B_IW_GRDH_1SDV_20190409T174557_20190409T174622_015733_01D862_3200,1554831957000,132
S1B_IW_GRDH_1SDV_20190415T055214_20190415T055239_015813_01DB04_F76A,1555307534000,37
S1B_IW_GRDH_1SDV_20190420T060043_20190420T060108_015886_01DD7D_945D,1555740043000,110
S1B_IW_GRDH_1SDV_20190421T174558_20190421T174623_015908_01DE2B_59CC,1555868758000,132
S1B_IW_GRDH_1SDV_20190427T055215_20190427T055240_015988_01E0CE_093F,1556344335000,37
S1B_IW_GRDH_1SDV_20190502T060043_20190502T060108_016061_01E355_BDB7,1556776843000,110
S1B_IW_GRDH_1SDV_20190503T174558_20190503T174623_016083_01E406_C1D7,1556905558000,132
S1B_IW_GRDH_1SDV_20190509T055215_20190509T055240_016163_01E697_D6B7,1557381135000,37
S1B_IW_GRDH_1SDV_20190514T060044_20190514T060109_016236_01E8EA_DD81,1557813644000,110
S1B_IW_GRDH_1SDV_20190515T174559_20190515T174624_016258_01E990_90FB,1557942359000,132
S1B_IW_GRDH_1SDV_20190521T055216_20190521T055241_016338_01EBFC_C26B,1558417936000,37
S1B_IW_GRDH_1SDV_20190526T060045_20190526T060110_016411_01EE50_3B53,1558850445000,110
S1B_IW_GRDH_1SDV_20190602T055217_20190602T055242_016513_01F151_66E8,1559454737000,37
S1B_IW_GRDH_1SDV_20190608T174600_20190608T174625_016608_01F423_F52D,1560015960000,132
S1B_IW_GRDH_1SDV_20190614T055217_20190614T055242_016688_01F67F_754A,1560491537000,37
S1B_IW_GRDH_1SDV_20190619T060046_20190619T060111_016761_01F8C3_6271,1560924046000,110
S1B_IW_GRDH_1SDV_20190620T174601_20190620T174626_016783_01F95A_A922,1561052761000,132
S1B_IW_GRDH_1SDV_20190626T055218_20190626T055243_016863_01FBAC_309C,1561528338000,37
S1B_IW_GRDH_1SDV_20190701T060047_20190701T060112_016936_01FDEC_8809,1561960847000,110
S1B_IW_GRDH_1SDV_20190702T174602_20190702T174627_016958_01FE85_7164,1562089562000,132
S1B_IW_GRDH_1SDV_20190708T055219_20190708T055244_017038_0200DC_D8AF,1562565139000,37
S1B_IW_GRDH_1SDV_20190713T060047_20190713T060112_017111_020314_2D7F,1562997647000,110
S1B_IW_GRDH_1SDV_20190714T174602_20190714T174627_017133_0203AE_A375,1563126362000,132
S1B_IW_GRDH_1SDV_20190720T055219_20190720T055244_017213_0205F4_74B4,1563601939000,37
S1B_IW_GRDH_1SDV_20190725T060048_20190725T060113_017286_020828_73BF,1564034448000,110
S1B_IW_GRDH_1SDV_20190801T055220_20190801T055245_017388_020B23_C106,1564638740000,37
S1B_IW_GRDH_1SDV_20190806T060049_20190806T060114_017461_020D6F_F865,1565071249000,110
S1B_IW_GRDH_1SDV_20190807T174604_20190807T174629_017483_020E0C_2CB2,1565199964000,132
S1B_IW_GRDH_1SDV_20190813T055221_20190813T055246_017563_021087_EB43,1565675541000,37
S1B_IW_GRDH_1SDV_20190818T060050_20190818T060115_017636_0212DC_1C61,1566108050000,110
S1B_IW_GRDH_1SDV_20190819T174604_20190819T174629_017658_021382_FDCB,1566236764000,132
S1B_IW_GRDH_1SDV_20190825T055222_20190825T055247_017738_021600_280B,1566712342000,37
S1B_IW_GRDH_1SDV_20190830T060050_20190830T060115_017811_021851_469B,1567144850000,110
S1B_IW_GRDH_1SDV_20190831T174605_20190831T174630_017833_0218F5_80AB,1567273565000,132
S1B_IW_GRDH_1SDV_20190906T055222_20190906T055247_017913_021B67_DC00,1567749142000,37
S1B_IW_GRDH_1SDV_20190911T060051_20190911T060116_017986_021DC9_8641,1568181651000,110
S1B_IW_GRDH_1SDV_20190912T174606_20190912T174631_018008_021E6B_3012,1568310366000,132
S1B_IW_GRDH_1SDV_20190918T055223_20190918T055248_018088_0220E1_C02B,1568785943000,37
S1B_IW_GRDH_1SDV_20190923T060051_20190923T060116_018161_022331_FE17,1569218451000,110
S1B_IW_GRDH_1SDV_20190930T055223_20190930T055248_018263_022645_2633,1569822743000,37
S1B_IW_GRDH_1SDV_20191005T060051_20191005T060116_018336_0228AD_F6DB,1570255251000,110
S1B_IW_GRDH_1SDV_20191006T174606_20191006T174631_018358_022954_39A8,1570383966000,132
S1B_IW_GRDH_1SDV_20191012T055223_20191012T055248_018438_022BC2_C018,1570859543000,37
S1B_IW_GRDH_1SDV_20191017T060052_20191017T060117_018511_022E12_A5D4,1571292052000,110
S1B_IW_GRDH_1SDV_20191018T174606_20191018T174631_018533_022EB4_01FD,1571420766000,132
S1B_IW_GRDH_1SDV_20191024T055223_20191024T055248_018613_023115_D404,1571896343000,37
S1B_IW_GRDH_1SDV_20191029T060051_20191029T060116_018686_02337F_9F93,1572328851000,110
S1B_IW_GRDH_1SDV_20191030T174606_20191030T174631_018708_02342A_7D65,1572457566000,132
S1B_IW_GRDH_1SDV_20191105T055223_20191105T055248_018788_0236A5_6B90,1572933143000,37
S1B_IW_GRDH_1SDV_20191110T060051_20191110T060116_018861_023927_F2EB,1573365651000,110
S1B_IW_GRDH_1SDV_20191111T174606_20191111T174631_018883_0239D1_7EFE,1573494366000,132
S1B_IW_GRDH_1SDV_20191117T055223_20191117T055248_018963_023C5E_0ABA,1573969943000,37
S1B_IW_GRDH_1SDV_20191122T060051_20191122T060116_019036_023ECB_60BC,1574402451000,110
S1B_IW_GRDH_1SDV_20191123T174606_20191123T174631_019058_023F74_8FFE,1574531166000,132
S1B_IW_GRDH_1SDV_20191129T055223_20191129T055248_019138_0241EF_5F02,1575006743000,37
S1B_IW_GRDH_1SDV_20191204T060051_20191204T060116_019211_02445A_F0EE,1575439251000,110
S1B_IW_GRDH_1SDV_20191205T174605_20191205T174630_019233_0244FC_64C2,1575567965000,132
S1B_IW_GRDH_1SDV_20191211T055222_20191211T055247_019313_024782_F77C,1576043542000,37
S1B_IW_GRDH_1SDV_20191216T060050_20191216T060115_019386_0249E7_5DD8,1576476050000,110
S1B_IW_GRDH_1SDV_20191217T174605_20191217T174630_019408_024A92_5312,1576604765000,132
S1B_IW_GRDH_1SDV_20191223T055222_20191223T055247_019488_024D0D_7E68,1577080342000,37
S1B_IW_GRDH_1SDV_20191228T060050_20191228T060115_019561_024F78_354E,1577512850000,110
S1B_IW_GRDH_1SDV_20191229T174605_20191229T174630_019583_025024_1E53,1577641565000,132
S1B_IW_GRDH_1SDV_20200104T055221_20200104T055246_019663_02529E_1DBA,1578117141000,37
S1B_IW_GRDH_1SDV_20200109T060049_20200109T060114_019736_025508_1798,1578549649000,110
S1B_IW_GRDH_1SDV_20200110T174604_20200110T174629_019758_0255B5_554B,1578678364000,132
S1B_IW_GRDH_1SDV_20200116T055221_20200116T055246_019838_02582D_AAA4,1579153941000,37
S1B_IW_GRDH_1SDV_20200121T060049_20200121T060114_019911_025A9D_ACFA,1579586449000,110
S1B_IW_GRDH_1SDV_20200122T174604_20200122T174629_019933_025B4B_FC7B,1579715164000,132
S1B_IW_GRDH_1SDV_20200128T055220_20200128T055245_020013_025DCE_1592,1580190740000,37
S1B_IW_GRDH_1SDV_20200202T060048_20200202T060113_020086_026044_F037,1580623248000,110
S1B_IW_GRDH_1SDV_20200203T174603_20200203T174628_020108_0260F3_A18B,1580751963000,132
S1B_IW_GRDH_1SDV_20200209T055220_20200209T055245_020188_02637F_EBA5,1581227540000,37
S1B_IW_GRDH_1SDV_20200214T060048_20200214T060113_020261_0265E7_3B64,1581660048000,110
S1B_IW_GRDH_1SDV_20200215T174603_20200215T174628_020283_026695_FB2F,1581788763000,132
S1B_IW_GRDH_1SDV_20200221T055220_20200221T055245_020363_026919_5544,1582264340000,37
S1B_IW_GRDH_1SDV_20200226T060048_20200226T060113_020436_026B88_4683,1582696848000,110
S1B_IW_GRDH_1SDV_20200227T174603_20200227T174628_020458_026C33_DD04,1582825563000,132
S1B_IW_GRDH_1SDV_20200304T055220_20200304T055245_020538_026EB1_7B1B,1583301140000,37
S1B_IW_GRDH_1SDV_20200309T060048_20200309T060113_020611_02711C_0388,1583733648000,110
S1B_IW_GRDH_1SDV_20200310T174603_20200310T174628_020633_0271C5_60BD,1583862363000,132
S1B_IW_GRDH_1SDV_20200316T055220_20200316T055245_020713_027441_9455,1584337940000,37
S1B_IW_GRDH_1SDV_20200321T060048_20200321T060113_020786_0276A6_C632,1584770448000,110
S1B_IW_GRDH_1SDV_20200322T174603_20200322T174628_020808_027751_BD9D,1584899163000,132
S1B_IW_GRDH_1SDV_20200328T055220_20200328T055245_020888_0279C5_1F6A,1585374740000,37
S1B_IW_GRDH_1SDV_20200402T060048_20200402T060113_020961_027C2C_6861,1585807248000,110
S1B_IW_GRDH_1SDV_20200403T174603_20200403T174628_020983_027CD5_B9B2,1585935963000,132
S1B_IW_GRDH_1SDV_20200409T055220_20200409T055245_021063_027F50_2DB9,1586411540000,37
S1B_IW_GRDH_1SDV_20200414T060049_20200414T060114_021136_0281B6_8CEE,1586844049000,110
S1B_IW_GRDH_1SDV_20200415T174604_20200415T174629_021158_028260_346A,1586972764000,132
S1B_IW_GRDH_1SDV_20200421T055221_20200421T055246_021238_0284D5_C066,1587448341000,37
S1B_IW_GRDH_1SDV_20200426T060049_20200426T060114_021311_02873C_4DBE,1587880849000,110
S1B_IW_GRDH_1SDV_20200427T174604_20200427T174629_021333_0287E5_6667,1588009564000,132
S1B_IW_GRDH_1SDV_20200503T055221_20200503T055246_021413_028A65_2B5B,1588485141000,37
S1B_IW_GRDH_1SDV_20200508T060050_20200508T060115_021486_028CBC_8F69,1588917650000,110
S1B_IW_GRDH_1SDV_20200509T174605_20200509T174630_021508_028D60_F2FE,1589046365000,132
S1B_IW_GRDH_1SDV_20200515T055222_20200515T055247_021588_028FB9_0AB5,1589521942000,37
S1B_IW_GRDH_1SDV_20200520T060050_20200520T060115_021661_0291EF_40E3,1589954450000,110
S1B_IW_GRDH_1SDV_20200521T174605_20200521T174630_021683_02928E_7434,1590083165000,132
S1B_IW_GRDH_1SDV_20200527T055223_20200527T055248_021763_0294E5_3DC8,1590558743000,37
S1B_IW_GRDH_1SDV_20200601T060051_20200601T060116_021836_029727_501A,1590991251000,110
S1B_IW_GRDH_1SDV_20200602T174606_20200602T174631_021858_0297C8_4F78,1591119966000,132
S1B_IW_GRDH_1SDV_20200608T055224_20200608T055249_021938_029A23_1813,1591595544000,37
S1B_IW_GRDH_1SDV_20200613T060052_20200613T060117_022011_029C64_4FA2,1592028052000,110
S1B_IW_GRDH_1SDV_20200614T174607_20200614T174632_022033_029D06_BEFE,1592156767000,132
S1B_IW_GRDH_1SDV_20200620T055224_20200620T055249_022113_029F73_FD82,1592632344000,37
S1B_IW_GRDH_1SDV_20200625T060053_20200625T060118_022186_02A1B9_425F,1593064853000,110
S1B_IW_GRDH_1SDV_20200626T174608_20200626T174633_022208_02A25B_CD0B,1593193568000,132
S1B_IW_GRDH_1SDV_20200702T055225_20200702T055250_022288_02A4D0_9870,1593669145000,37
S1B_IW_GRDH_1SDV_20200707T060053_20200707T060118_022361_02A70F_403C,1594101653000,110
S1B_IW_GRDH_1SDV_20200708T174608_20200708T174633_022383_02A7B1_3CEA,1594230368000,132
S1B_IW_GRDH_1SDV_20200714T055226_20200714T055251_022463_02AA1E_9AFE,1594705946000,37
S1B_IW_GRDH_1SDV_20200719T060054_20200719T060119_022536_02AC5E_1ECC,1595138454000,110
S1B_IW_GRDH_1SDV_20200720T174609_20200720T174634_022558_02AD04_6D7A,1595267169000,132
S1B_IW_GRDH_1SDV_20200726T055226_20200726T055251_022638_02AF72_27F6,1595742746000,37
S1B_IW_GRDH_1SDV_20200731T060055_20200731T060120_022711_02B1B2_06DF,1596175255000,110
S1B_IW_GRDH_1SDV_20200801T174610_20200801T174635_022733_02B24E_C29B,1596303970000,132
S1B_IW_GRDH_1SDV_20200807T055227_20200807T055252_022813_02B4C5_9327,1596779547000,37
S1B_IW_GRDH_1SDV_20200812T060056_20200812T060121_022886_02B715_1A40,1597212056000,110
S1B_IW_GRDH_1SDV_20200813T174611_20200813T174636_022908_02B7B1_8609,1597340771000,132
S1B_IW_GRDH_1SDV_20200819T055228_20200819T055253_022988_02BA34_0988,1597816348000,37
S1B_IW_GRDH_1SDV_20200824T060056_20200824T060121_023061_02BC99_E592,1598248856000,110
S1B_IW_GRDH_1SDV_20200825T174611_20200825T174636_023083_02BD3A_42A0,1598377571000,132
S1B_IW_GRDH_1SDV_20200831T055228_20200831T055253_023163_02BFB2_84A0,1598853148000,37
S1B_IW_GRDH_1SDV_20200905T060057_20200905T060122_023236_02C208_3423,1599285657000,110
S1B_IW_GRDH_1SDV_20200906T174612_20200906T174637_023258_02C2A8_4C76,1599414372000,132
S1B_IW_GRDH_1SDV_20200912T055229_20200912T055254_023338_02C52B_AC6F,1599889949000,37
S1B_IW_GRDH_1SDV_20200917T060057_20200917T060122_023411_02C78F_165A,1600322457000,110
S1B_IW_GRDH_1SDV_20200918T174612_20200918T174637_023433_02C82F_6882,1600451172000,132
S1B_IW_GRDH_1SDV_20200924T055229_20200924T055254_023513_02CAA5_5A6D,1600926749000,37
S1B_IW_GRDH_1SDV_20200929T060058_20200929T060123_023586_02CD07_00A8,1601359258000,110
S1B_IW_GRDH_1SDV_20200930T174612_20200930T174637_023608_02CDA8_B2E7,1601487972000,132
S1B_IW_GRDH_1SDV_20201006T055229_20201006T055254_023688_02D029_77AF,1601963549000,37
S1B_IW_GRDH_1SDV_20201011T060058_20201011T060123_023761_02D276_1936,1602396058000,110
S1B_IW_GRDH_1SDV_20201012T174613_20201012T174638_023783_02D313_13A4,1602524773000,132
S1B_IW_GRDH_1SDV_20201018T055229_20201018T055254_023863_02D58D_38D4,1603000349000,37
S1B_IW_GRDH_1SDV_20201023T060058_20201023T060123_023936_02D7EE_808B,1603432858000,110
S1B_IW_GRDH_1SDV_20201024T174612_20201024T174637_023958_02D890_98B8,1603561572000,132
S1B_IW_GRDH_1SDV_20201030T055230_20201030T055255_024038_02DB0C_2D4F,1604037150000,37
S1B_IW_GRDH_1SDV_20201104T060058_20201104T060123_024111_02DD56_3926,1604469658000,110
S1B_IW_GRDH_1SDV_20201105T174613_20201105T174638_024133_02DDF7_6A99,1604598373000,132
S1B_IW_GRDH_1SDV_20201111T055229_20201111T055254_024213_02E073_EC2A,1605073949000,37
S1B_IW_GRDH_1SDV_20201116T060058_20201116T060123_024286_02E2DD_3397,1605506458000,110
S1B_IW_GRDH_1SDV_20201117T174612_20201117T174637_024308_02E37E_6008,1605635172000,132
S1B_IW_GRDH_1SDV_20201123T055229_20201123T055254_024388_02E602_DAD6,1606110749000,37
S1B_IW_GRDH_1SDV_20201128T060057_20201128T060122_024461_02E85E_1884,1606543257000,110
S1B_IW_GRDH_1SDV_20201129T174612_20201129T174637_024483_02E903_EC01,1606671972000,132
S1B_IW_GRDH_1SDV_20201205T055229_20201205T055254_024563_02EB8B_8929,1607147549000,37
S1B_IW_GRDH_1SDV_20201210T060057_20201210T060122_024636_02EE01_7A39,1607580057000,110
S1B_IW_GRDH_1SDV_20201211T174611_20201211T174636_024658_02EEAA_08FE,1607708771000,132
S1B_IW_GRDH_1SDV_20201217T055228_20201217T055253_024738_02F138_2517,1608184348000,37
S1B_IW_GRDH_1SDV_20201222T060056_20201222T060121_024811_02F3AC_AF46,1608616856000,110
S1B_IW_GRDH_1SDV_20201223T174611_20201223T174636_024833_02F458_F1C8,1608745571000,132
S1B_IW_GRDH_1SDV_20201229T055228_20201229T055253_024913_02F6E8_0A15,1609221148000,37
S1B_IW_GRDH_1SDV_20210103T060056_20210103T060121_024986_02F94A_9FD3,1609653656000,110
S1B_IW_GRDH_1SDV_20210104T174610_20210104T174635_025008_02F9F4_4242,1609782370000,132
S1B_IW_GRDH_1SDV_20210110T055227_20210110T055252_025088_02FC7E_2C75,1610257947000,37
S1B_IW_GRDH_1SDV_20210115T060055_20210115T060120_025161_02FEEB_6F3E,1610690455000,110
S1B_IW_GRDH_1SDV_20210116T174610_20210116T174635_025183_02FF94_7B48,1610819170000,132
S1B_IW_GRDH_1SDV_20210122T055226_20210122T055251_025263_030217_C4A9,1611294746000,37
S1B_IW_GRDH_1SDV_20210127T060055_20210127T060120_025336_03047E_22AD,1611727255000,110
S1B_IW_GRDH_1SDV_20210128T174609_20210128T174634_025358_030524_3037,1611855969000,132
S1B_IW_GRDH_1SDV_20210203T055226_20210203T055251_025438_0307B2_B27A,1612331546000,37
S1B_IW_GRDH_1SDV_20210208T060054_20210208T060119_025511_030A28_2BB4,1612764054000,110
S1B_IW_GRDH_1SDV_20210209T174609_20210209T174634_025533_030AD6_D63D,1612892769000,132
S1B_IW_GRDH_1SDV_20210215T055226_20210215T055251_025613_030D69_7D92,1613368346000,37
S1B_IW_GRDH_1SDV_20210220T060054_20210220T060119_025686_030FDC_1741,1613800854000,110
S1B_IW_GRDH_1SDV_20210221T174609_20210221T174634_025708_03108A_D8BD,1613929569000,132
S1B_IW_GRDH_1SDV_20210227T055226_20210227T055251_025788_03131E_2209,1614405146000,37
S1B_IW_GRDH_1SDV_20210304T060054_20210304T060119_025861_031595_FA07,1614837654000,110
S1B_IW_GRDH_1SDV_20210305T174609_20210305T174634_025883_031642_2A18,1614966369000,132
S1B_IW_GRDH_1SDV_20210311T055226_20210311T055251_025963_0318D0_D665,1615441946000,37
S1B_IW_GRDH_1SDV_20210316T060054_20210316T060119_026036_031B44_CC54,1615874454000,110
S1B_IW_GRDH_1SDV_20210317T174609_20210317T174634_026058_031BED_7016,1616003169000,132
S1B_IW_GRDH_1SDV_20210323T055226_20210323T055251_026138_031E72_C665,1616478746000,37
S1B_IW_GRDH_1SDV_20210328T060054_20210328T060119_026211_0320D4_63CA,1616911254000,110
S1B_IW_GRDH_1SDV_20210329T174609_20210329T174634_026233_032178_1A2B,1617039969000,132
S1B_IW_GRDH_1SDV_20210404T055226_20210404T055251_026313_0323FD_57A3,1617515546000,37
S1B_IW_GRDH_1SDV_20210409T060055_20210409T060120_026386_03265C_5645,1617948055000,110
S1B_IW_GRDH_1SDV_20210410T174609_20210410T174634_026408_032703_0F04,1618076769000,132
S1B_IW_GRDH_1SDV_20210416T055226_20210416T055251_026488_03298E_7488,1618552346000,37
S1B_IW_GRDH_1SDV_20210421T060055_20210421T060120_026561_032C01_60DF,1618984855000,110
S1B_IW_GRDH_1SDV_20210422T174610_20210422T174635_026583_032CA4_C228,1619113570000,132
S1B_IW_GRDH_1SDV_20210428T055227_20210428T055252_026663_032F2D_8FF4,1619589147000,37
S1B_IW_GRDH_1SDV_20210503T060055_20210503T060120_026736_033196_F8F2,1620021655000,110
S1B_IW_GRDH_1SDV_20210504T174610_20210504T174635_026758_03323D_9C7A,1620150370000,132
S1B_IW_GRDH_1SDV_20210510T055228_20210510T055253_026838_0334C2_9916,1620625948000,37
S1B_IW_GRDH_1SDV_20210515T060056_20210515T060121_026911_033710_8C86,1621058456000,110
S1B_IW_GRDH_1SDV_20210516T174611_20210516T174636_026933_0337B8_0ABF,1621187171000,132
S1B_IW_GRDH_1SDV_20210522T055228_20210522T055253_027013_033A2D_A56B,1621662748000,37
S1B_IW_GRDH_1SDV_20210527T060057_20210527T060122_027086_033C5F_06F4,1622095257000,110
S1B_IW_GRDH_1SDV_20210528T174612_20210528T174637_027108_033CFB_425A,1622223972000,132
S1B_IW_GRDH_1SDV_20210608T060058_20210608T060123_027261_03419B_BB52,1623132058000,110
S1B_IW_GRDH_1SDV_20210609T174613_20210609T174638_027283_03423A_5370,1623260773000,132
S1B_IW_GRDH_1SDV_20210615T055230_20210615T055255_027363_0344A0_C7A8,1623736350000,37
S1B_IW_GRDH_1SDV_20210620T060058_20210620T060123_027436_0346D5_7F3F,1624168858000,110
S1B_IW_GRDH_1SDV_20210621T174613_20210621T174638_027458_03476E_5DF7,1624297573000,132
S1B_IW_GRDH_1SDV_20210627T055230_20210627T055255_027538_03498A_6E0E,1624773150000,37
S1B_IW_GRDH_1SDV_20210702T060059_20210702T060124_027611_034BAC_0F29,1625205659000,110
S1B_IW_GRDH_1SDV_20210709T055231_20210709T055256_027713_034EA7_082D,1625809951000,37
S1B_IW_GRDH_1SDV_20210714T060100_20210714T060125_027786_0350E0_75C9,1626242460000,110
S1B_IW_GRDH_1SDV_20210715T174615_20210715T174640_027808_03517A_59DC,1626371175000,132
S1B_IW_GRDH_1SDV_20210721T055232_20210721T055257_027888_0353E2_9B6E,1626846752000,37
S1B_IW_GRDH_1SDV_20210726T060100_20210726T060125_027961_03560D_8790,1627279260000,110
S1B_IW_GRDH_1SDV_20210727T174615_20210727T174640_027983_0356A8_D495,1627407975000,132
S1B_IW_GRDH_1SDV_20210802T055233_20210802T055258_028063_0358FF_B2E4,1627883553000,37
S1B_IW_GRDH_1SDV_20210807T060101_20210807T060126_028136_035B4B_455D,1628316061000,110
S1B_IW_GRDH_1SDV_20210808T174616_20210808T174641_028158_035BF1_AB73,1628444776000,132
S1B_IW_GRDH_1SDV_20210814T055233_20210814T055258_028238_035E66_713A,1628920353000,37
S1B_IW_GRDH_1SDV_20210819T060102_20210819T060127_028311_0360C5_38E3,1629352862000,110
S1B_IW_GRDH_1SDV_20210820T174617_20210820T174642_028333_036169_7BF8,1629481577000,132
S1B_IW_GRDH_1SDV_20210826T055234_20210826T055259_028413_0363D8_F83D,1629957154000,37
S1B_IW_GRDH_1SDV_20210831T060102_20210831T060127_028486_03663C_CA29,1630389662000,110
S1B_IW_GRDH_1SDV_20210901T174617_20210901T174642_028508_0366DD_0049,1630518377000,132
S1B_IW_GRDH_1SDV_20210907T055234_20210907T055259_028588_03695A_063B,1630993954000,37
S1B_IW_GRDH_1SDV_20210912T060103_20210912T060128_028661_036BAC_B39D,1631426463000,110
S1B_IW_GRDH_1SDV_20210913T174618_20210913T174643_028683_036C4B_1196,1631555178000,132
S1B_IW_GRDH_1SDV_20210919T055235_20210919T055300_028763_036EB9_DDF2,1632030755000,37
S1B_IW_GRDH_1SDV_20210924T060103_20210924T060128_028836_037101_6043,1632463263000,110
S1B_IW_GRDH_1SDV_20210925T174618_20210925T174643_028858_0371A0_E078,1632591978000,132
S1B_IW_GRDH_1SDV_20211001T055235_20211001T055300_028938_0373F3_D38C,1633067555000,37
S1B_IW_GRDH_1SDV_20211006T060103_20211006T060128_029011_037643_31B5,1633500063000,110
S1B_IW_GRDH_1SDV_20211007T174618_20211007T174643_029033_0376DF_B9B6,1633628778000,132
S1B_IW_GRDH_1SDV_20211013T055235_20211013T055300_029113_037955_C1F9,1634104355000,37
S1B_IW_GRDH_1SDV_20211018T060104_20211018T060129_029186_037BAD_9ED6,1634536864000,110
S1B_IW_GRDH_1SDV_20211019T174619_20211019T174644_029208_037C54_533E,1634665579000,132
S1B_IW_GRDH_1SDV_20211025T055235_20211025T055300_029288_037EC2_E32D,1635141155000,37
S1B_IW_GRDH_1SDV_20211030T060104_20211030T060129_029361_03810E_A178,1635573664000,110
S1B_IW_GRDH_1SDV_20211031T174618_20211031T174643_029383_0381AF_7327,1635702378000,132
S1B_IW_GRDH_1SDV_20211106T055235_20211106T055300_029463_038418_C2D4,1636177955000,37
S1B_IW_GRDH_1SDV_20211111T060103_20211111T060128_029536_03866C_7C15,1636610463000,110
S1B_IW_GRDH_1SDV_20211112T174618_20211112T174643_029558_03870A_0C70,1636739178000,132
S1B_IW_GRDH_1SDV_20211118T055235_20211118T055300_029638_03897A_1FC8,1637214755000,37
S1B_IW_GRDH_1SDV_20211123T060103_20211123T060128_029711_038BDC_D45A,1637647263000,110
S1B_IW_GRDH_1SDV_20211124T174618_20211124T174643_029733_038C7E_A84E,1637775978000,132
S1B_IW_GRDH_1SDV_20211130T055234_20211130T055259_029813_038EFF_0641,1638251554000,37
S1B_IW_GRDH_1SDV_20211205T060103_20211205T060127_029886_03915B_DA64,1638684063000,110
S1B_IW_GRDH_1SDV_20211206T174617_20211206T174642_029908_0391FD_8DD2,1638812777000,132
S1B_IW_GRDH_1SDV_20211212T055234_20211212T055259_029988_039481_CB0F,1639288354000,37
S1B_IW_GRDH_1SDV_20211217T060102_20211217T060127_030061_0396E2_6614,1639720862000,110
S1B_IW_GRDH_1SDV_20211218T174617_20211218T174642_030083_03978B_78F4,1639849577000,132
