Time,Tran_0,Tran_1,Tran_2,Tran_3,Tran_4,Tran_5,Tran_6,Tran_7,Tran_8,Tran_9,Tran_10,Tran_11,Tran_12,Tran_13,Tran_14,Tran_15,Tran_16,Tran_17,Tran_18,Tran_19,Tran_20,Tran_21,Tran_22,Tran_23,Tran_24,Tran_25,Tran_26,Tran_27,Tran_28,Tran_29,Tran_30,Tran_31,Tran_32,Tran_33,Tran_34,Tran_35,Tran_36,Tran_37,Tran_38,Tran_39,Tran_40,Tran_41,Tran_42,Tran_43,Tran_44,Tran_45,Tran_46,Tran_47,Tran_48,Tran_49
2017-01-05 10:30:39.676,498.5518177900316,501.83772870822537,504.2151017554074,505.516246201348,506.1686791651342,505.0542502063977,505.1374239472648,503.71815215005824,500.5874791415413,500.56553609529647,506.17138661080565,512.998880758396,517.6951880967548,519.9955913686854,479.85301086825854,481.9276342396978,485.3444691566497,488.4094553868588,489.6447408469394,487.13463544193655,482.7329902779311,480.7108419947326,480.14478291901736,477.6250619694401,478.9631946955427,476.92220522231634,477.1324883746236,476.8866092866539,481.3836586620512,485.8169530689079,491.9756057268171,497.6431390408189,501.0898691364572,504.2669903784383,505.22030314247553,507.2476362987976,506.561762713949,508.54556264886935,509.2096418521357,509.4891124679784,511.2634960797338,514.8178655576353,512.7397915874246,510.95190533581336,509.7369210529377,508.9549101466125,506.5453518104727,508.1638597659538,510.5598190429525,512.838191112086
2017-01-12 10:36:48.886,506.2611790422193,508.64536771114587,,,,,,,505.172954940953,507.27359456771023,511.40269593636754,,522.130651126754,525.6123154982176,475.8145144673629,476.4445619367637,,,,,,473.1148658497259,473.68230873098287,,,,,,,,,,,,,511.72175245486505,512.3797963631483,513.3318926564589,515.66618312874,516.8320796568347,518.7718733220269,520.9649053223684,518.27036132136,518.5712994197903,516.4596780882825,515.7748138120631,515.5512890773375,517.7956939755944,513.2065522655116,517.3969415279677
2017-01-28 10:36:42.960,,,,,,,,,,,,,,,,,,,,,,,,,,,,,,,,,,,,,,,,,,,,,,,,,,
2017-02-06 10:30:27.288,,504.7269748651145,505.2968866948559,507.6284709852089,508.9676411955472,508.8563182941811,510.404276557462,510.40824089202425,511.0693656029143,510.8327343899068,519.1793663552613,525.5453548720187,530.1120195675929,535.8310792368011,465.3070018211269,467.3086234715562,467.7867071584076,,,,,,465.4311786887095,466.3113846279055,465.6766528630477,462.3795312615704,461.1280504198936,,,478.46051557820135,485.94863677057646,491.50434795384496,510.0874665755481,513.2490153525209,513.7476998076469,517.617450751211,516.966851962662,,,518.5122131098069,519.4902145205187,524.393079236504,526.38362536014,,,,,,,
2017-02-22 10:30:21.794,499.54902797866686,498.912664366984,499.53528144012046,,,,,,,,,,,,,,,,,,,,474.1908307328679,474.2021726766479,473.4746396028517,475.5052990881541,471.7093960345402,470.0028647653563,477.1564790413694,485.3584042662967,491.7221983025252,496.19186522188335,505.57942834664414,508.0430283499984,509.45163982221015,510.8432947562604,,,,,,,,,,,,,,
2017-03-01 10:36:29.760,,,,,,,,,,,,,,,,,469.42211294986265,472.0353083143826,472.1522158849984,472.0996205871925,471.4354696655646,468.4927659900859,468.64859762051066,468.6377757524303,,,,,,,,,,,,,,,,,,521.233152543642,523.4334757800693,525.5503810140464,525.8144254888197,525.4745093385435,526.1260203374601,527.3906188339807,519.7602647335195,524.0623530771876
2017-03-10 10:30:14.136,500.9930210120866,501.00123821788486,501.2502969384262,503.7616855633018,505.4765871148077,,506.67131572042695,507.5358006156795,507.9935811079382,510.20293882974863,516.2868036428961,521.398738265927,526.5551199839633,,,,,,,,,,,,472.43008135557824,474.3409591711184,468.8813866429322,,,,,495.1095657974943,506.8530907260565,509.23892594983033,510.1463029515921,511.4989444545842,512.2050631598487,513.3683613398762,514.0093959776719,514.8207674853397,514.3676871591606,519.5068512840475,521.2300076373772,522.879630457581,521.1269366872037,522.6457658910923,524.4059135201152,525.8386374847953,516.9749745194747,522.9455719731769
2017-03-17 10:36:20.493,501.3016016663661,503.16982399674185,505.19357000989424,,,,,,,,,,,,,,,,,,,,,,,,,,,,,,,,,,,513.7657250905528,515.2033896602254,,,516.68716990942,518.6818192644796,520.0662759016783,521.9601202453749,523.6899878072767,525.1885354152107,527.452767787336,522.8586567977688,524.5206061332623
2017-03-26 10:30:04.412,,,,,,,,506.8926052252391,507.67453767640734,510.29323812054633,,,525.6108126423086,530.3332004265391,471.1503384911889,473.6001940052614,474.7192593560311,477.4321233919201,477.429348455742,476.9018793553114,474.7197126178071,472.4163669394329,472.2632508000126,471.3828405858383,470.9931675471702,,,,,,,,,,,,,,516.1544440617375,516.6513310990646,515.9040113928646,517.8635771974858,519.225067609349,520.8967466373496,522.6590018447223,524.711730357315,525.7072184251347,527.9080408054963,521.6041346220007,523.4749581819791
2017-04-02 10:36:12.565,501.08683427445,503.4288439541323,505.1873535811994,507.5129672063086,507.80857030440495,,,,,,,,,,,,474.1404587259048,476.8717904817056,476.8528464511037,476.199763472192,474.0538013335317,,,,,,,,,,,,,,,,514.383131927592,514.8276948604791,516.802102667069,,,,,,,,,,,
2017-04-11 10:29:57.307,,,,,,,,,,,,,,531.4827231309304,469.8048552001924,472.3979876916064,473.9339314544786,476.7374739151359,,,474.2322493735701,471.64796271175146,472.5072024738295,471.76251337559336,471.027039575993,469.70946501808055,,,,,485.54309371043735,491.0499034182131,,,,,,,,,,,520.1611878944545,521.427088892763,522.7625008242549,525.3217221797009,526.4910504298864,527.8361725605542,518.8350257225685,523.0144166739404
2017-04-18 10:36:03.924,,,,,,,,,,,,,,,,,,,,,,,,,,,,,,,,,,,,,,,,,,,,,,,,,,
2017-05-04 10:35:55.998,515.3437689934294,516.7844234798008,518.0926060760576,516.6425553201063,513.8581557479434,512.0306718821688,,,,,,,,,,,,,,,,,,,,,,,461.7898322201604,469.6177425307451,477.1533302116224,483.4264241038617,518.4576632633947,,,,,,,,,,,,,,,,,543.4705787949497
2017-05-13 10:29:52.239,510.630962163874,511.78170962371945,512.134186651271,510.9487874826943,509.1108011796895,508.19888539545633,508.00710184729314,507.22367000153486,,,,,,,,,,,,,,,,,,,456.2708568138986,456.2114661194087,465.7784841406108,473.2524943747986,480.4734699932917,486.2337006792625,514.6719167335699,517.260213003721,517.613116698402,520.0477076814554,520.3870958452186,522.1626549419944,523.967884028891,522.9310362170041,517.818649720253,,,,,,,,,
2017-05-20 10:36:07.942,,,,,,,,,512.194545927534,513.2499479418058,517.6870985465506,520.4832377581133,524.3821430855263,529.6852800196443,471.150198417886,473.51055573544977,474.4066737959995,,,,465.2307466091588,458.2303172964602,,,,,,,,,,482.2852804732213,517.7625015499732,519.8151237170299,521.1548984611151,523.6416134687314,523.9820053903135,526.1199016321373,527.6579998547384,525.6752234188963,520.5988250657258,522.2351254770106,523.5944994566997,523.239294108095,526.2199221356497,526.9248860451045,531.2034639628185,538.8942343373164,540.9019599490474,536.5091665424791
2017-05-29 10:30:02.543,,,,,,,,,,,,,,,,,,,,,,,,,,,,,,,,,,,,,,,,,,,,,,,,,,
2017-06-05 10:36:16.808,,,,,,,,,,,,,,,,,,,,,,,,,,,,,,,,,,,,,,,,,,,,,,,,,,
2017-06-14 10:30:09.718,,,505.4790589617141,507.69589093174255,508.2795515847564,507.15267635668926,509.1364622145293,507.4145986943204,,,,,,,,,477.3695400687743,476.9217345178528,476.3638797467575,474.3369951285422,473.0695972079411,466.73110179882497,464.0348552253621,463.6314755702871,465.210391626116,,,,470.3570335700268,477.95291757138926,486.733789667134,,,,,,,,,,517.0511166864134,518.309892608898,521.4591688906098,525.5090367529174,529.8051526076281,528.3333850391945,530.7801019808566,533.0811078251951,533.0582823564515,535.1072751517196
2017-06-21 10:36:22.828,507.1369458748609,508.5220853162938,510.5358325718673,512.1322692345639,512.6622967082103,512.2432555792153,512.8884384397977,513.017808635367,513.757876124691,516.0040327226164,521.5298864877976,526.2716903242016,529.3029367808689,533.7706048010143,467.8988868062687,469.9967225237669,472.08962629383336,474.4324593587895,473.1715908069164,470.9777663401328,467.5655682692304,460.7803545384668,459.82939134291286,460.4058667996271,460.2837664821887,460.5802284336693,458.9716658110226,459.2979563997264,467.1710575422928,475.4179496433067,483.09008562024496,489.86907995255234,511.2378585946889,512.7134402894009,514.0524490211204,517.3828621019436,518.5511448988074,521.7782144488667,523.5541595614679,522.019283639187,520.8753934030947,522.7433289453834,524.8517568795767,529.2821355851024,535.0102365940572,535.1081091990832,533.3662884626743,538.4847704632562,538.0962552954431,541.4182083090157
2017-06-30 10:30:14.240,,,505.47525794896814,507.3906576517624,509.1035787309296,508.6195736213796,509.86461386599706,506.96617209422686,507.425216747442,510.6909161745997,516.3182828117524,,,,,472.81670254338695,477.4094560343252,476.0381679242419,475.25143781118095,473.4086644938216,473.1115177776665,465.9198574526236,462.6109686327992,462.3842757312469,464.6732441962364,465.3532808167105,460.5166286423223,461.0410263996717,469.7397983658356,,,,,,,,,,,519.2455930741093,518.5508939509754,518.8712249820868,,,,,,,,
2017-07-07 10:36:26.274,,,,510.6225010903985,511.1677744240943,511.601316359214,,,,,,,,,,,,475.09476036142354,474.2189233023673,472.94442135840654,470.7173643121496,,,,,,,,,,,,,,,,,,,,,,,,,,,,,
2017-07-16 10:30:17.762,,,,508.3053365964002,509.7610266741973,509.96722864797846,510.3731327055714,508.8072653439123,509.4876637444332,511.4701759389037,517.9823624760277,523.9689872467106,526.9921041913306,,,,,,,,,,,,,,,,469.5702552427313,476.8353338034297,485.0836934990595,491.3898239063728,509.55811659050266,510.8765092795636,511.942842473462,514.5575352210809,515.1177812502672,519.8040836821839,522.0094143117583,519.6092588324566,519.2666356745216,519.70842683438,521.4849856348884,526.5533843934459,530.9467331500464,,,,,
2017-07-23 10:36:32.320,,,,,,,,,,,,,,,,,,,,,,,,,,,,,,,,,,,,,,,,,,,,,,,,,,
2017-08-01 10:30:25.625,,,,,,,,,,,,,,,,,,,,,,,,,,,,,,,,,,,,,,,,,,,,,,,,,,
2017-08-08 10:36:39.179,,,,,,,,,,,,,,,,,,,,,,,,,,,,,,,,,,,,,,,,,,,,,,,,,,
2017-08-17 10:30:31.168,497.7020084309787,500.9733030681273,503.5742577751527,505.0969393463122,504.2160781520316,503.9279941164317,505.39476365261976,507.5242925693845,508.68768804799686,511.8308372799296,519.1049421745829,524.9780587808818,529.9985159052309,535.3406229720779,465.091737160086,467.9260866569956,470.9099067292608,474.5479430014024,475.09192478936166,473.0515964562073,469.8030996252783,466.1452708635479,464.6988415715156,462.8057295498572,461.8605314213437,463.5101074543838,462.25435609117136,462.12156532276174,,,,,,,,,,,,,,,520.8019702201751,520.6705243949219,523.2521016595529,525.9171322238379,,,529.3094745455671,531.2338827494013
2017-08-24 10:36:43.644,,,,,,,,,,,,,,,,,,,,,,,,,,,,,,,,,,,,,,,,,,,,,,,,,,
2017-09-02 10:30:34.088,495.8257392496036,497.2833452002325,500.0324537083009,503.1264618074042,502.7049241092538,502.32468563301137,,,,,,,,,,,,,,,,,,,,,,,,,,,,,,,,,,,,,,,,,,,,
2017-09-18 10:30:36.063,,,,,,,,,,,,,,,,,,,,,,,,,,,,,,,,,,,,,,,,,,,,,,,,,,
2017-09-25 10:36:50.311,,,,,,,,,,,,,,,,,,,,,,,,,,,,,,,,,,,,,,,,,,,,,,,,536.9111528860485,537.2908443194408,531.8725367566346
2017-10-04 10:30:42.833,,,,502.955610576734,,,,504.0024942882046,,506.525182410992,,,,,,,,,,,,,,,,469.3779041913688,468.3462472227525,469.3942263509786,476.4174018446252,481.2872655935414,489.0765903239458,494.92798067935513,505.76531444596185,507.9056706896294,509.20410996757033,511.499925755096,512.8287051182721,513.5420058493605,512.7369805729821,,,,,,,,,,,
2017-10-11 10:36:55.374,,,,,,,,,,,,,,531.634644317795,468.5987289240903,471.48803953788126,473.7904990613956,475.5785058651388,476.1056658234447,475.384373919107,473.3111298084259,471.04185537528247,471.9885442105855,472.905529556555,473.6473083793535,,,466.6071551218749,472.8188922299373,478.5482909479192,486.05806061636406,492.5412640668518,509.2329148375272,510.6386565777943,512.3279414846845,512.9504624669626,512.7403644894625,512.6350633428656,,,,,,,,,,,,
2017-10-20 10:30:45.791,,,,,,,,,,,,,,,,,,,,473.0876404084265,471.5809982419014,468.85673144925386,469.4647998817004,470.5953454649008,471.0424120543984,470.1984687513285,468.375957162495,463.03351460325325,469.58557110891866,475.81497754343445,483.12811315555336,490.1096936553175,511.63138366009554,512.6038099688051,514.3423244312568,515.585399222721,515.1907412445493,515.3172519239963,511.39084036514976,505.76621809756296,502.890419155774,507.5561241910551,511.030342241272,512.9195275612847,519.8739528939732,525.2739946152229,528.230213422801,529.5250688476704,520.5415598686681,524.7821470323718
2017-10-27 10:36:56.731,496.10094606093054,497.77963054692185,496.4338078489553,496.46291688566026,496.6281998234905,494.9981568286899,494.3582202754057,497.0466411620823,498.2334859092954,500.60214095129646,508.71192973638045,516.5072188699593,523.5084081004665,529.7204592390868,471.1396074940628,473.4328910067493,475.5519478333632,477.6613604123348,478.6110049439594,477.7548442538828,475.23924696911126,473.1508008223027,473.6064654482005,474.6373869063878,475.4085799585939,474.5242146873538,473.2173501356744,467.5550147081672,473.41426791859806,479.6037689619189,487.4200621651885,493.84073719856445,507.6631333301551,508.90970261898616,510.5732256111139,511.2639500458866,511.0685775491523,511.4487833138633,507.9740464837086,501.271137116434,499.1746028982336,502.8488945266357,506.1653874086218,508.6696074362513,515.0345559393112,520.0414758595507,523.1595961299677,525.4123776875326,518.0299580158761,522.1361889993842
2017-11-05 10:30:44.992,,,497.3348910637881,497.4507884873549,496.9649490906546,495.3704724874219,495.01613888682624,497.8215583408154,499.38818561025295,501.9072036079068,509.95482266576767,516.7828399251808,524.2113205507935,529.3468522861127,470.2384719895252,473.0614698851597,476.06014558588055,477.635396731259,477.9287896314636,,,,,474.8624100694713,475.2129104397591,474.4650247497257,474.38028988101627,467.9810016856071,473.4486317195691,479.31394319318287,487.4559597671167,494.48693660023866,506.95863375798825,508.5593905895222,,,,,,,,,,,,,,,,
2017-11-12 10:36:54.192,,,,,,,,,498.6935418168721,501.3105104793356,508.9777205676709,516.381174262473,523.5039694356954,529.0200471951208,471.9667834173816,474.1712770312527,476.355756055702,,,,475.5053683668375,473.9058805629611,474.448603489776,474.1534341427597,474.31287031422687,474.562667094921,473.353733842964,,,,487.2520751580727,493.8229283153239,507.37974845693344,508.53227288500375,509.9535903150005,510.9651301031892,510.9914868908156,511.7616580797306,509.12708053082025,501.7129926571823,498.82648979060446,502.142081471512,504.8551330383757,507.968593552622,513.793157322715,518.422900620921,522.1930525008314,524.976544239255,519.128338209855,523.8566041337533
2017-11-21 10:30:40.292,493.49555086299057,496.3082952473952,498.29906846876696,,,,,,,,508.7894054354173,515.0798366846077,519.6898617577176,524.4307828758423,477.49866961514994,477.08409146697727,477.6416562893402,478.7456482009047,476.7401072485373,474.1082332422957,472.2577461246401,470.0612124586478,469.7310351625964,469.0683118615499,468.9620420048476,,,,,,,,,506.863363810071,508.4606264182941,509.1083641130913,508.2749114443854,506.39021943197736,499.2154704429191,495.7569312016429,494.1893963724802,496.596934208033,499.210561919208,502.4420775292712,,,,,,
2017-11-28 10:36:47.754,,,496.7966543617387,,,,,,,,,513.6972022492823,518.505897489242,522.9091092871452,,,,,,,,,,,,,,465.1030112855973,470.9838618438884,478.006156830722,486.7159570187329,495.4948930393406,505.0011831943504,505.6191594534354,506.8446695106572,508.1516320085028,507.34308327901925,505.273231905679,498.5388847642705,494.3920184879727,492.7142587462437,495.6535444331551,498.2763249160249,501.1044455732529,507.927710469908,512.6568344112908,514.832899421916,517.1893741491758,513.4839178549522,519.5070310755498
2017-12-07 10:30:36.466,492.6391317810202,,,499.952625774628,499.7040150073641,498.5576013339972,498.9423119454424,499.2619926619621,,,,,,,,,,,,,,,,,,,,,471.0276667735777,,,,505.0920528661378,505.70950874201327,506.79145260008994,508.0717890544914,507.2670326894674,505.0945856323112,498.6362731897541,494.40277803318577,,,,,,,,,,
2017-12-14 10:36:48.678,,,,,,,,,,,,,,,,,,,,,,,,,,,,,,,,,,,,,,,,,,,,,,,,,,
2017-12-23 10:30:39.410,505.89398550378223,508.99591626564126,511.51497291509247,,,,,,,,,,,,,480.3701885083992,480.51328352619794,479.9351437701478,476.695717798546,472.9696799330413,469.903238594532,472.7447756556794,469.6071660817825,469.3559767258759,,,,,,,,,,,,,,,,,,504.82134562748513,505.4573484955162,505.1484817806141,509.8781645865898,513.7240593120865,515.4718301134312,519.0442916102486,516.8562292756982,522.7284123124919
2017-12-30 10:36:48.270,,,,,,,,,,,,,,,,,,,,,,,,,,,,,,,,,,,,,,,,,,,,,,,,,,
2018-01-08 10:30:34.046,499.71200739237673,,,503.1013792349579,503.51560092643984,502.82473960970793,502.7749441470981,501.5899370193919,,502.3244185065956,,,,,,,,,,,,,,,,,,,,,,,,,,,,,,,,,,,,,,,,
2018-01-15 10:36:41.556,,,,,503.3974112425179,502.4130786727614,502.5977644510777,500.90601559688815,,,,,,,,,,,,,473.9584476305172,470.85192989278585,469.2066186978733,467.19875192350514,463.20601686007495,464.32738120018513,462.66290136424544,,,477.9184911508276,486.4354422350701,492.619519069465,509.0102784612105,510.1584304619606,510.34543892670274,510.6413887511036,512.1809172547124,512.4942143742899,510.5154378510477,505.8924462911748,501.5455713494409,504.2289527353807,,,,,,,,
2018-01-24 10:30:25.630,,,,,,,,,,,,,515.6104628042899,519.1863212866474,482.8478212014903,484.6987330874575,481.7889562477826,482.3527061655764,482.3379212766886,480.53409495204687,476.9890237431973,475.2257680455223,474.5576276269199,472.1047714471996,,,,,,,,,,,508.5590512992764,508.4535000957731,508.6404772471884,509.4042148859084,505.7880878150272,499.3198158892863,497.3422047398506,500.59663393871386,499.6334569124895,502.0555140272901,508.70289644872304,513.3549451060261,515.9573082476261,517.6553392303936,515.3733800745007,
2018-01-31 10:36:31.831,495.58505057457256,497.4828090211562,497.6403737730201,498.91113065219633,498.9962421561554,497.1307705350206,496.9683770315589,495.2484217035198,,494.88647242232986,502.7150559575519,507.8062219748626,512.8757365193242,517.4880055463835,,,,483.6153860292528,482.8466610247269,480.66558211063966,,,,,,,,,,481.8462271565617,489.5451604971187,495.88847548307257,505.2586630584462,,,,,,,,,,,,506.9357071817904,510.73640776167287,512.3285440304976,513.6827091422417,513.7135822981153,521.1525142532929
2018-02-09 10:30:18.099,,,,,,,,,,,,,,,,,,,,477.2217606622726,,472.4685678323731,471.95896395603137,470.2679439527736,467.65724982701545,468.0721015670733,467.5014530181248,465.2070418431471,472.70907800702815,479.9675100740259,,,,508.09167953669794,508.4656746937428,508.48186589754766,508.5885473798485,509.2695086040445,504.9882655718012,500.70596346118987,499.0680695298787,503.045559014991,503.6939827895348,504.4558532342333,509.4138223466936,513.8014004108028,515.0822910953002,515.5742859877728,516.1255661163067,523.6112753489087
2018-02-16 10:36:26.539,,,,,,,,,,,,,,,,,,,,,,,,,,,,,,,,,,,,,,,,,,,,,,,,,,
2018-02-25 10:30:11.804,504.25343713469,503.3477865884735,500.6797630651454,499.9545560131728,499.0290956681525,501.2213987000375,501.8811991409714,501.8409004392853,501.3179457114747,501.879776596263,507.99344562732455,511.8925633616011,517.3162815714795,521.8060019200569,480.06170594424026,478.1090602671489,,,,,,,,469.1251578775451,466.4280363004615,461.7300631693015,,,,,,,,,514.306742651258,,,,,,,,,,,,,,,
2018-03-04 10:36:19.004,,,,,,,,,,,,,,,,,,,,,,,,,,,,,,,,,,,,,,,,,,,,,,,,,,
2018-03-13 10:30:02.755,,,,,,,,,,,,,,,,,,,,,,,,,,,,,,,,,,,,,,,,,,,,,,,,,,
2018-03-20 10:36:10.492,,,,,,,,,,,,,,,,,,,,,,,,,,,,,,,,,,,,,,,,,,,,,,,,,,
2018-03-29 10:29:55.930,,,,,,,,,,,,,,,,,,,473.6021558614448,472.0930686956272,468.3598016547039,465.5562980333343,463.36569646472105,463.4334432586802,462.3259976522512,462.07638795360725,460.48501566096417,460.62563231806325,468.2665537705636,,,,,,,,,516.024316537929,515.9982643563874,515.7968451384878,514.0144431842801,516.2084014647056,,,,,,532.4406395088732,530.682206466738,530.3552872611949
2018-04-05 10:36:03.231,,513.2344840453687,510.7310248875863,510.4793854385793,509.585053483871,509.4002646777816,510.1161441093768,511.4346210178182,511.39290449465375,512.5637968020834,518.9258445047586,524.5298055466841,529.0390931683046,,,,,,,,,,461.1838829018265,461.61727557073146,460.7502843594047,460.7929507830809,460.55348614228905,461.2850401873644,,,,,,,,,,,,,,,518.2083388522409,515.446568356804,517.6214039049123,521.319941357819,526.232177009492,532.6561709041528,532.3059777693111,533.1830926630441
2018-04-21 10:35:53.675,509.4142437887606,510.2668043805007,510.6291217010154,510.5264387107305,508.7505271967536,,,,,,,,,,,,,,,,,,,,,,,,,,,,,,,,,,,515.1678130104716,513.9015479503349,516.4090084008101,516.2044791388145,514.6321175171206,517.3007774113902,,,,,
2018-04-30 10:29:38.202,,,,,,,,,,513.8159338109051,519.0020065997043,523.5768103809133,527.0907040190077,531.6175411009411,468.3787665803007,470.12187685015215,470.745946859534,470.6967405191052,466.7650443911552,465.36237946152687,462.2265069484711,457.77362378127873,457.5886983395332,458.880471115116,459.0749631958429,460.2007505455408,,,,,,,,,,,,,516.9880797747037,517.3014592866085,517.0327177285725,518.9856450496305,518.3530262754003,515.9091376422238,518.3807950784769,522.7238917182094,525.9785415265495,529.1855072767914,526.9140918848045,530.0051974751324
2018-05-07 10:35:44.805,506.958364894311,506.6685210494629,506.6923577749802,507.6110788012481,506.397064471892,505.2184631148657,506.0388237313844,506.7124689679994,506.6283387926705,508.7723488603318,513.7973595181397,518.1889225807532,521.5538550138896,526.261159236113,473.6731687521427,474.91175065395714,475.06711487190734,475.1469838044768,471.7785514155403,470.90144786052406,467.2505551567301,462.1292497655377,462.2498247669079,463.2873942032551,462.7812273795532,464.2224577767254,463.46730156839664,464.1311436219718,472.3617057826709,480.3594180692382,487.21370245166577,492.2086779510497,509.5306107460326,510.1987503262612,511.2277040021789,511.8350407928326,511.82694780762125,513.2963705144557,514.9404785115096,514.7663798438238,513.8011828125091,514.4629362117047,513.437066862938,510.4450413491389,513.6357413721813,517.9121459715765,520.7396449754373,522.0771447470815,519.7744897196087,523.9663044500758
2018-05-16 10:29:27.778,,,,,,,,,,,,,,,,,,,,,,,,,,,,,,,,,,,,,,,,,,,,,,,,,,
2018-05-23 10:35:33.088,,,,,,,,,,,,,,,,,,,,,,,,465.3604742489142,461.2191100621392,460.7812584455194,458.95651902307856,458.5938306077416,465.0451983680936,474.0374968724432,480.964694661595,487.1991896096319,513.8072808899327,,,517.6844348029217,519.0428384226558,520.8400570978365,520.676977670868,520.5414917626429,519.4365636992322,522.0959525763654,523.1662334567988,519.7686605559427,522.342531646206,524.9594800743266,529.0057981931822,534.3061802716438,537.9422554634436,544.0254739110235
2018-06-01 10:29:14.960,513.6897712444621,515.6407865011045,510.359578294516,509.7068693417376,508.2530185843088,506.0034588946528,506.1337813842408,505.7279415814946,504.9850856568679,507.4990142511482,513.2998210498192,517.7922245224278,521.423430025087,526.4485363141811,474.5561972467021,477.66941962536174,480.2547243687014,,,,,,,,,,,,,,,,,,,,515.2138483856546,517.3659514402106,517.0375164544546,517.5569628294041,,,,,518.0572110156877,,,,532.3917899091158,536.110812740749
2018-06-08 10:35:26.972,,,,,,,,,,,,,,,,,,,,,,,,,,,,,,,,,,,,,,,,,,,,,,,,,,
2018-06-17 10:29:22.641,,,,,509.2417742834325,507.3994137014213,,506.11339167592,505.65186522844266,507.4000181805013,512.9529310397246,,521.5326772861667,526.7896397622716,474.0859705878945,477.1777229538296,480.05092836702016,480.8960720579335,480.07408257294446,478.22731022629887,476.1259319875389,,472.3066692835736,468.9238481278124,466.1465683887712,464.3307940642149,461.6889177430954,460.5382996850281,467.221391144433,475.8367341524434,482.8448124964343,489.6266751894052,511.909392628148,514.6579268124996,514.7518818318656,516.6292248375709,517.5573257986707,519.7717732951198,,,,,,,,,,,532.6216546682755,533.8591165248296
2018-06-24 10:35:37.946,,,,,,,,,,,,,,,,,,,,,,,,,,,,,,,,,,,,,,,,,,,,,,,,,,
2018-07-03 10:29:32.197,,,,,,,,,,509.2923413073111,514.2765117465123,518.3542900535405,,,,,,,,,,,,,,,,,470.44689637634025,477.3899556416729,483.0909504516622,489.6249470073397,511.0781628524322,,514.5103046274531,517.0657985525214,517.9028528819789,518.4883608706328,518.4866751341223,518.10050274426,517.0398030507782,518.6410877397005,518.22337763397,518.5490243366447,519.0462423577068,520.6128545073296,524.9944209685268,532.054573538418,534.194990197681,
2018-07-10 10:35:46.452,,,,,,,,,510.7303646193232,511.40610758701433,516.4213998364808,520.90763524433,525.3963642549783,530.4762043871499,470.6704700255369,472.8510115885656,,,,472.0021231584251,467.3861839743331,460.5809699562378,460.22496583464056,460.44841547152896,461.11812344191554,460.954893457844,459.95897126483896,460.827889795756,468.64774160842046,475.1377765078048,481.4378662469175,486.82420090028,513.4704597514411,515.5608731881118,517.8458381758736,519.6291011933328,520.2211231532444,519.9742485664668,,,,,,,,,,,,
2018-07-19 10:29:39.448,,,,,509.434133460021,506.1843233537216,,,,505.6210138935919,,,,,,,,,,479.4283870272338,475.2828619377688,470.4587007542141,468.8975297705208,467.6577875711054,466.7731895988045,467.01461154025657,464.330011704059,463.0838612789738,469.9775284094853,477.4061191134872,484.7951144095415,490.893709259897,510.53859718303374,512.2088053169431,513.3909082708598,514.989485738543,515.3954989974244,515.9822377826048,516.7091111008278,516.1256761955498,514.5924037608332,515.2181165658747,515.3003714807866,515.0974359269935,517.5278779550885,518.4559908091952,521.2624530349324,524.7347015640888,526.3539522587055,532.9877254866451
2018-07-26 10:35:52.717,,,,,,,,,,508.9031339040505,514.2409060651737,518.3922227050256,522.6858049756601,,,475.3393103417672,477.13595914095504,478.8206812433086,,,,,,,,460.7317279008532,460.9646118770093,460.8480663376764,468.45878953895664,476.12052898591406,481.909253678176,487.5591516493521,513.932111923239,515.669902907563,516.8071217227042,518.6418012457345,,520.5893562759218,,,,521.1835992220541,519.3799936856557,516.7491516045607,518.157424244878,521.160734264933,524.2782152120582,529.3640163276822,532.288458196184,536.0858749911663
2018-08-04 10:29:47.544,,,,504.188545325378,502.4369992384361,502.294485937227,502.8093395420637,502.1995961454533,500.2444431146991,503.036378317139,508.6763325976254,513.3081467357422,517.999906596987,,,,480.463884679941,481.0202668756552,480.709894402884,479.8970491969958,478.376344230026,473.77258420269936,471.7995442948232,472.0792403992383,469.7973003474712,468.6574326644158,,,,,,,,,,,,,,,,,,509.46242724614814,513.9535805406838,516.8194247464087,519.1289599007401,523.0778419742983,525.3055571434978,528.687743287094
2018-08-11 10:36:02.388,507.9617085016045,509.64833281299167,,510.6418467344112,509.58815549795526,509.1347206086826,509.540496679778,509.07994246549566,509.5669810735762,511.2895309236313,,,,,,,,,,,,461.690762642771,459.4935263501572,459.84649555840167,461.0999371758269,459.9343184463309,,,,472.7027559841277,480.7591527595,486.99327832671423,514.476424502683,515.6966498097759,517.0812101895725,518.710958261487,520.0303985571159,522.0876142399317,521.6578551719895,521.175476621234,518.8183902526418,518.8280175112086,,,,,,,,
2018-08-20 10:29:56.127,,,506.0828423078463,505.0474919680534,503.68800446584646,503.50105715710015,504.2774464774624,503.95282734024113,504.6743961946181,506.6723612984459,511.8430947237508,,,,,,,,,,,,,,,,,,,,,,,,,513.242797408794,514.3743877911415,516.2005512063228,516.3892597670708,516.5264458411756,513.5958105650323,512.7392353635399,510.4531450803689,512.1253777704327,516.8947472556374,517.6684661490397,520.981664328069,525.6896645191669,528.5107055018107,531.6952011708165
2018-08-27 10:36:10.010,,,,,,,,,,,513.8252758500439,519.0919286414838,523.4473233787602,528.7396820689314,471.06302748973184,473.0219764725365,474.2897517119135,473.7363244051943,,,,,,,,,459.7581162240976,459.5488542269378,467.5329106789824,475.7304426881289,483.6837420566562,,,,,,,,518.0636481927176,517.9948311321042,516.7726008929707,516.0992677473697,513.59745735166,514.2292164411663,519.7168155218732,521.7950912656047,523.415461730299,528.1358155637251,531.0313729834656,534.880018119921
2018-09-05 10:30:02.353,,,,,,,,,,,,,,,,,,,,,,,,,,,,,,,,,,,,519.8982036236124,521.2707181528313,523.6150779682822,,,,523.3224198572979,523.3106590964168,523.7462010613729,525.9698192364116,526.6220722655512,528.5734671527284,533.3125408119095,536.0074476659815,541.2324319515948
2018-09-12 10:36:15.190,,,,,,,,,,,,,,,,,,,,,,,,,,,,,,,,,,,,,,,,,,,,,,,,,,
2018-09-21 10:30:06.562,507.9840930879215,509.0565377179512,507.3495304081488,506.7541477290236,506.1100161876682,503.5380835112248,503.0396937275512,502.33898541461394,502.2135959498387,505.4294865559181,510.87516442591874,515.0408888658868,517.4761656295409,522.0587594019256,479.263181578918,480.7147609175006,481.0487770349404,479.3875082654011,477.2053565299138,474.7659944985062,472.0910606430844,467.174589721486,468.0176648273332,466.779479938468,463.4545460546885,463.56619529611805,465.1625040679493,463.03864918243886,470.482123629199,478.439418712336,486.0670414603334,492.7712615732607,508.3676513556419,509.4907064650232,510.4942857410683,511.1872936273279,511.1463111032484,512.270842295167,512.6497028343292,512.4640034959108,505.4473341732019,506.0327348241393,506.6440094819836,509.45621258694416,513.0052653226696,514.2504314837205,511.83018046244587,510.4723966703267,512.6214453868519,521.3235995586945
2018-09-28 10:36:21.347,511.6740031768842,,,510.1310314545653,508.99767484928526,506.0359354305376,505.3963340497044,504.3917163821965,504.6247023153715,507.7317061951943,512.6764418209681,516.7596216317959,520.1283713781695,524.0879250972479,476.7731341590924,,479.92052594896927,476.41859221907765,473.97558588627726,,,,,,,,463.0662444026679,461.94956261430593,469.9499345961643,478.11338485553534,485.91364960448135,492.3451441963018,508.7801926346882,510.3337957978673,511.0782680120835,511.8533729621774,512.1469113481924,512.929418086519,513.5623831976947,,,,,,,,,,,
2018-10-07 10:30:14.910,,,,,,,,,,,,,,,,,,,,,,,,,,,,,,,,,,,,,,,,,,,,,,,,,,
2018-10-14 10:36:28.570,516.4550423748298,519.8290502574122,520.0978844831164,515.5031287506431,513.30027032547,510.347363847445,509.6626673226726,508.3389879925508,508.3175871181962,511.0431530174377,515.8828860307267,519.3282221861072,521.5559055632659,525.7977211495416,475.6868483937921,477.6349795112534,476.7852469711528,472.84651008197545,469.1832207851112,465.898504297249,461.1893704505637,457.4889654936269,457.3136053445825,458.1048829358793,458.60573767542513,459.4161679103735,459.3480336433024,459.9959993433285,467.7437797796221,476.3584398842124,484.5073526220773,491.1094048378383,510.0832869344338,511.3149044551729,512.2082524177036,513.1780105349997,514.1025696777152,515.1223901366769,515.7516787556702,515.8749046071215,515.4529955831272,518.5549776226579,519.9589525174499,522.1776742403719,522.2390489453472,519.1685900558001,516.7077932491402,517.7804621405403,515.3056553767453,523.3792929502306
2018-10-23 10:30:20.603,,,,,,,506.68708324929366,506.2942537053328,506.4096650719426,508.85996322341407,513.7008977878289,517.0682001628344,519.3851274208644,523.3286114193855,477.8873627603898,479.83393365889793,478.7155303473166,475.5349204415591,471.9124805890024,469.6344473166391,464.0074926689267,459.3709184098989,459.0584252584347,460.0408266517336,,,461.3774471053118,461.9156020283295,469.52857747987554,478.40256287785786,486.8240067212056,492.9233135005894,508.2387925125117,509.53491864717097,510.4118483312934,511.62513946749857,,,513.8123379974493,,,,518.4898111809565,520.3841228344157,520.2523835543907,517.5969755893351,515.2578634939205,514.6739857361945,514.1896132616341,522.2807455608491
2018-10-30 10:36:33.048,524.3005951219021,527.5900545262515,528.0373140934909,529.7246414859537,526.9703711484684,519.2056742865991,516.0197246743226,,,,,,,,470.7888387160547,474.23006720300486,473.8557047539881,467.5026856500924,460.5074434089474,457.61019887495786,454.4369564335793,452.394868764095,450.899033438827,452.4241424168656,454.16420622361545,453.86617691866496,454.1366989424234,455.6402217394288,462.9512678961876,471.8500948831871,480.7925508153516,485.45049299230567,515.0987904096083,515.4776506326448,516.5056558181617,518.420279197393,519.6776617668255,520.034409117227,519.3215903231013,518.6156747035916,,,,,,,,,,526.6527660607587
2018-11-08 10:30:23.566,,,,,,,,,,,,,,,,,,,,,,,,,,,,,,,,,,,,,,,,,,,,,,,,,,
2018-11-24 10:30:23.554,517.1909438315986,519.5669475028157,521.362594101485,520.754118635523,514.8429349006753,511.27590241773794,,,,,,,,,,,,,,,,,,,,457.3978002452935,458.7042445625799,458.13679215291154,466.3524878341923,476.0057295046681,484.7373597461704,489.9437613856013,512.7704549175747,512.1041027083652,510.475900612841,514.9860844980639,516.0890930913049,,,,,,,,,,,,,525.0020862286804
2018-12-01 10:36:33.414,518.0489277639864,520.7205209638811,,,,,,,,,,,,,478.71173311407216,480.1452434452236,480.0408422960212,,,,,,,,,,,,,475.0722459379276,484.26808614153,489.56534051874894,513.1711381280918,512.2165152602291,511.8323330724784,,,,,515.654957363224,515.0346845510581,517.4487498619933,,,,,,520.8142852665959,,
2018-12-10 10:30:20.603,508.1819551335018,510.3670827524893,509.7443995826617,510.319195099445,,,,505.66753584849255,,505.875332663088,512.0489547463793,515.0890817573887,518.8039386868418,522.3627233841961,478.0255916247034,482.11947876067694,483.6557916693381,484.57455896284097,482.4770619096234,481.11304405890405,479.028448106721,475.732582738623,474.0494716642465,,,,,,,,,,,507.70173782765903,508.3697342455514,508.34772521025246,510.1399980969293,511.8711306224829,512.480271759902,511.2311318949554,509.4619892883244,512.4637877502356,511.5034421954339,511.0088369982731,513.270943271872,516.691427010758,519.0800072799683,521.7347211105389,518.3134862224142,
2018-12-17 10:36:30.837,,,,,,,,,,,,,,,,,,,,,,,,,,,,,473.13508207850543,481.04106685681256,488.78210571834114,494.7670552333172,507.8980594313023,508.3066531288338,509.3013282919874,509.789864173356,511.2193016927882,512.6438490775511,513.268810348326,511.7752940787864,510.0044297150642,512.8886726860873,513.1187046385007,511.143441325628,513.7605359086864,517.3088074748141,519.3035405008312,,,
2018-12-26 10:30:20.364,,,,,,,,,,,,,,,,,,,,,,,,,,,,,,,,,,,,,,,,,,,,,,,,,,
2019-01-02 10:36:30.784,510.30068051824367,510.8203423293263,508.6197490918959,508.5733492410818,,,,,,,,,,521.2017589619797,479.7827560076939,484.3271401827466,484.7800494835266,485.452251971714,483.56421792227775,481.5311097539961,479.2489047702402,476.2813732866198,474.8367690503061,471.2313166370875,467.6825716161054,467.2164309637499,469.7109420101072,465.90153824551953,472.99584444908845,481.9744494459722,489.1283344372145,494.4188696035487,508.8642203797942,509.1868730892271,510.2032203465004,510.312901459712,511.50315127862496,,,,,,,,,,,,,
2019-01-11 10:30:18.701,,,,,508.42002175474295,506.27874476668535,506.00325605900224,505.0022346699035,504.15685674858753,505.5706149280391,511.6985757496413,515.8499142660248,517.3956568751785,520.7930730680148,,,,,,,,,,472.1213867600229,468.4370686430717,468.6593460659234,470.4678263162099,466.0079138134161,472.95362104748654,482.0052099432493,488.5983545273288,494.008387239833,508.8552450397884,508.94581263085234,510.636704895774,,,,,,,,,,,,,,,
2019-01-18 10:36:27.927,,,,,,,,,,,,,,,,,,,,,,,,,,,,,,,,,,,,,,,,,,,,,,,,,,
2019-01-27 10:30:14.748,515.8243831804532,518.8992344564385,,,,,,,,,,,,,472.2339592813488,474.8953368397627,,,,,,,,,,460.3214722686953,462.294933507113,462.0670890715997,469.725283889566,478.0834785384272,485.44061294665073,492.0986264701217,510.13017840174007,511.0564602277609,511.6980667891641,,,,,,,,,,,,,,,
2019-02-03 10:36:24.470,519.8023151059751,,,,,,,,,511.855199270553,516.1471114621185,519.8182694367354,523.872660806294,528.4510730296673,472.4525404226932,473.4147644699111,,,,,,,,,,,,,,,,,,,,,,,,,,,,518.1668346841631,520.9968076753476,525.663666494753,529.4145447126276,534.6154146784204,531.9933721872468,528.2891016121343
2019-02-12 10:30:12.665,514.0591093186684,516.4830522100731,515.0233100408567,512.9206809383758,512.0901123836683,509.942332570452,509.4207279318401,508.6617661157923,507.8020846050447,508.91000684862496,512.7718518282611,516.5555907223803,519.7449331230866,524.5024433409804,475.4222709628738,476.2901672732511,477.3520409431221,,,,,,,,,,,,,477.5864553893638,485.4633969591469,491.9132302547068,508.7113219597021,509.193788407491,510.15321019734535,510.35249714086274,511.96566203653714,513.046766895303,513.4607541558055,511.3428548616509,506.4205167306668,508.68348675215503,,,,,,,,
2019-02-19 10:36:22.168,512.0491485795486,513.6458066342341,509.2221845103152,514.0739893970052,,,,,,339.1420133382859,,,,,,,,,,,,,,,,,,,,,,,,,,,,508.0905195625658,509.4849695933133,,,,,,,,,,,
2019-02-28 10:30:08.914,,,,,,506.88187759950006,506.8445296587345,506.55632095225593,504.1527552037113,503.60094294586224,507.09076905148817,511.3441455974563,514.2677047467464,519.1956843097863,,,,,,,,,,,,,,,,,,492.79078374940593,508.28136696181554,509.2959244275928,,,,,,512.1848997350824,510.1467333472813,511.4578823824973,511.75292076907226,512.1648809307289,514.4936153179824,518.5211121181545,522.1399025060736,523.7410151799598,519.9207708151872,524.2739730492415
2019-03-07 10:36:17.308,521.439333830174,523.9512235810541,525.8380173936491,525.4208514914021,523.1293928788409,516.6811601690948,515.885631134332,514.1672038728235,512.223753742358,512.5698945296903,516.0057282351298,520.7128129242127,524.6375484193791,530.8653982641198,470.89849895533007,473.4924259569964,473.3791332714189,473.6992397387392,472.40149793215096,,,,455.5086588882879,455.7548799052465,456.2674631270037,456.3166086010362,457.0532134180213,458.9410965877124,466.9979658142745,475.042736744401,481.79356296792673,487.71060302856586,512.8373141479188,513.6303312850802,514.0483949898761,,,,,,,,,,,,,532.1215319602034,532.7701130701959,
2019-03-16 10:30:03.263,516.1774889986503,518.4391765861848,519.7647959098663,514.1000381168255,510.0244622531874,507.2336548900257,507.42431502237775,506.20873004927216,504.5136747725299,504.7725935798532,508.9244572007351,513.1337499866985,517.1824161274345,522.9134432471214,478.0822254081749,481.3217679179431,481.55099148186633,482.0051722050744,,,,,,,,,,,472.8882829402309,480.6186620140378,488.2037395205471,493.6804043237463,507.2476934345296,508.4946445326413,509.356247283145,,,,,,508.5955044741891,506.68580977992,505.5016463457829,506.0361365759113,510.6865729697114,515.2886475616651,518.8847188775007,524.0279252009042,516.2457214468004,
2019-03-23 10:36:13.042,518.969045848001,521.0695452300454,,520.2883269694955,515.970189301427,512.6667252281774,510.17866730718185,506.81780031551415,505.1748879380916,506.071852064515,511.7645489186744,515.3152659034392,519.1758143868285,,,,,,,,,,,,,460.877387505452,460.16144212994806,462.082514153758,469.8293227892081,478.3376964582756,485.1126919550388,491.10265238440576,510.4372566113785,512.4178609597241,510.97293990754775,511.5820299613192,511.6708595940448,514.4694609313624,516.8096055233148,,,,,,,,,,,
2019-04-01 10:30:00.201,519.245881418917,523.7091413701288,526.1956836175663,528.6279758938883,526.0151239059519,521.3023928288604,518.1374241074229,516.7812526502776,,,,,,,,,,,,,,,,,458.30244734088205,457.926880157785,459.8572430643626,462.03067718954566,469.8944559221712,476.8030789144072,484.4996973221406,491.0710800256833,509.7363525840902,510.5125909010936,511.6778485719024,512.2548019149165,513.3759303896665,515.4545992731364,519.8199659312437,518.0172607734763,517.8895694577445,520.711049410436,520.7175877636028,514.5265108280663,519.8814059294867,521.9389397105791,522.7283358266616,527.2431275476381,523.1163153867922,525.7591460241719
2019-04-08 10:36:08.922,,,,529.3506333677041,527.408689212203,525.9761561129837,,,,,,,,533.6735564756316,469.01277970575927,468.5868650147907,,469.6236819629884,469.4083460522816,,,,,458.50062319576784,456.3465679703347,457.3078644031192,458.2479867892106,460.2277438067968,468.843363479385,477.5822837097338,482.621196612808,489.0905123498135,513.1875754786538,512.918626007729,514.895727551598,514.0917459600573,515.5525935327735,519.8381795561595,,,,,,520.2639920779892,522.9507510233975,520.3717487273185,523.9335955201566,528.9809492807627,524.9978577964907,527.8053260581246
2019-04-17 10:29:54.594,,,,,,,,,,,,,,,,,,,,,,,,,,,,,,,,,,,,,,,,,,,,,,,,,,
2019-04-24 10:36:02.107,531.2618338757514,535.1510312856118,535.8522536925769,536.1037860561981,535.1386768261675,535.6119684991974,534.0915009549419,530.4510315589292,529.9792889864304,530.6573003516322,533.7293466131566,536.235444660385,538.2265095099398,546.254688578788,455.5806941199362,457.8132465968204,459.4420068253217,458.7225263859734,459.8309594467282,455.2071683872491,453.7857035640627,449.5701332688332,447.8480431601186,447.4289673718652,448.65166283065616,449.3046355570386,449.9217930458513,451.0658752831678,458.9336222727694,466.1318904936242,470.8804201505183,477.17718096232886,,,,,,,537.9100315004534,534.8151431046689,530.4540392339435,,,,,,,,,
2019-05-03 10:30:17.867,,,,,,,,,,,,,,,,,,,,,,,,,,,,,,,,,,,,,,,,,,,,,,,,,,
2019-05-10 10:36:09.644,519.8040127696894,,,,,522.5484931936292,,,513.3990384138625,515.3675095405596,520.1446194314433,523.9389268035803,528.2243721378791,531.9594170118146,470.3135899295447,473.0953041395375,475.0123446790172,476.0822236634812,475.0125950435177,472.4427096182481,467.6714973971248,459.2411006055772,457.5671302205243,457.3813082547185,458.97699418455,459.7870236654428,459.2746689929123,460.40724863683215,469.1499529025151,477.28398676878,,,,,,,,,,,,,,,,,,,,
2019-05-19 10:30:04.539,,521.5788702451724,,,,,,,,,,,,,,,,,,,471.0602936386131,,,,,,,,,,,,,,,,,,,,,,,,,518.5850595324583,,520.6541274715771,517.5355115952834,523.8773648823917
2019-05-26 10:36:19.250,520.9085609790014,523.9659915416033,527.080145764906,,528.544604262769,525.188432008312,,,,,,,,,,,,,,,,,,456.2548998990257,456.97604186942056,457.8565559238136,458.3372205359424,,,475.6287536741962,483.94162023172856,491.0577596711497,,,,,,,519.2972260519688,518.7418794207842,518.7582072413696,521.2211815307433,519.1480346125968,514.4221726452154,517.9448979457445,521.2852311454556,522.2998207190199,523.9078034672618,520.7471036739183,525.2355501636189
2019-06-04 10:30:12.866,519.3813717540421,522.6382342982436,525.7702306318635,,,,520.0087107034236,515.4867952601085,512.9276047913837,514.6042546915703,519.2023728675639,522.757694655553,526.4567667915184,530.8229828570803,470.5401767007924,473.218934278394,475.8511725926702,477.71152371470106,477.3295648302883,474.0591223053634,468.0765663012862,459.2526289513335,458.0707756104688,457.7609123592703,458.41275204425176,459.45984243309897,459.72094426001655,461.295090251704,468.7818473660988,476.96203839978944,485.4838491283475,492.4672697449104,508.87794037428455,510.5219158517076,511.5954263236625,512.6053412479063,514.1811586059398,516.2155331708378,517.5782631242802,517.164107664685,,,,,,,,522.0512771659801,518.301780688429,524.3021006673894
2019-06-20 10:30:18.962,519.3951672011133,,,,519.8484093029946,,,,511.3239369250177,512.9981190043117,517.6518546383181,,,529.7162893568143,471.64800067819306,,,,,,,,,,,,,,,,485.3280927067967,491.7240142804569,509.128720348128,510.75754633960565,511.6447614255901,513.1883926436333,513.7437787373025,514.8335764850196,515.169742536805,513.8481198011755,512.5228455665499,514.1424822485394,512.2624350511431,511.2452268089268,514.0552720488645,517.5387973913398,520.0712073558342,520.6370734108507,518.7371908782086,525.5972774516318
2019-06-27 10:36:31.784,521.3191774818541,524.3501470039789,,,,,,,,,,,,,,,,,,,465.3851619968191,459.3569942070171,459.2508884950679,459.1023161600456,458.80335854106704,458.88617512969296,459.1627091829434,461.3285961770237,469.4386496221517,476.6756550115568,484.3228078413413,490.3739546988456,510.5747018788063,511.7155317398571,512.4423519901452,,,,,,,,,,,,,,,
2019-07-06 10:30:23.042,,,,,,,,,,,,,,,,,476.38247266960406,478.4764778412778,478.1009390056133,476.1357437623665,472.6669874722138,466.6778716463596,464.4724539992136,461.9383748749433,461.0262953702084,461.1334143563709,461.383458427234,,,,,,,,,,,,,,,,510.98267163418416,510.0191519858136,513.76098267969,516.0309246896803,517.8139025969034,517.5207337925697,515.9195775919867,522.7376838489132
2019-07-13 10:36:34.971,518.0392404648873,521.6142963442036,522.5385638805807,519.0617179673443,513.7038023925932,509.2794613459216,509.3419303538057,509.366149871728,508.84356193409457,510.299560612313,515.5783261646503,519.6895994696955,524.1331844566531,528.5406433847818,472.96566841306105,475.78763198219065,477.5334327307637,,,,,,,,,,,461.0401176903714,468.3507663833084,476.660170395078,482.78282421872126,490.0721959406833,510.5830359537245,512.3882811678183,512.1041958112871,513.7694714195552,,,,,,,,,,,,,,
2019-07-22 10:30:26.585,518.9578641599855,522.2473855216705,,,516.3420450275275,511.35338939546153,510.8995287749311,510.1546378878664,509.9960591715478,511.63011482800647,516.8938764354956,520.8493589103697,524.8975917354376,529.9071830790896,471.7304087742429,473.4951900118949,475.2936821654848,477.1662797300992,475.67079233098775,474.1343947043642,470.6833228287287,,,,,,,,466.4165065681378,475.4255108449846,,,,,,,,,,,,,,,,,,,522.2885147679431,525.2151685469088
2019-07-29 10:36:40.538,517.8818420694814,521.7346278117893,,,,,,,,,,,,,,,,,,,471.78370497375727,464.2507725665346,459.56483692627273,458.2114595228634,458.4930860930461,458.4613078973524,458.6269063444377,459.22389248589593,467.1522148007675,475.3512426750397,482.5249321957687,489.5666426438679,511.7498515360808,514.1280256855046,514.0132147782514,515.5175164379863,517.2161693751128,519.198404827051,519.4949160089001,519.3210324850742,518.7677746135903,519.5686010419472,515.9566684703944,511.3997294411249,518.2631683651259,519.5784086604108,521.7734983107973,524.9388041311154,521.2962290185146,525.0509871719521
2019-08-07 10:30:33.236,,,,,,,,,,,,,,,,,,,,,,,,,,,,,,,,,,,,,,,,,,,,,,,,,,
2019-08-14 10:36:46.333,,,,523.7531481325866,514.6526614901666,509.3817971154123,509.388013729749,509.30948199493406,509.20147791427655,510.5305621391449,515.9397431030563,520.5612088893645,524.8878159121494,,,,475.928760334724,478.3063734250374,476.6300781471655,474.8839617613703,471.16581404814497,463.54856523219496,458.8288404278636,458.2458710928917,458.3468737408643,458.4731508263556,458.749501731658,459.9979132918944,467.4339430504274,,,,,,,,,,,,,,517.3079383670251,510.0782934753233,515.913471805951,518.6734868829517,520.3988028491028,523.8859582092036,518.487507026626,523.4599742581886
2019-08-23 10:30:37.904,,,,,,,,,,,,,,,,,,477.71388729377134,477.6910336213186,477.1294903066009,474.29408158548176,468.578322134912,,461.8580223256629,460.02024204035735,,,,,,,,,,,,,,,,,,,,,,,,,
2019-08-30 10:36:50.176,514.939059694335,516.2916310280668,515.5619530365269,511.3061939775915,,,506.5986297511441,506.0991798063336,,,,,,,,,,,,480.1146898972802,476.9702379275113,472.04574355855584,468.73870328474106,468.1875328130447,,,469.371357139305,466.4049845817087,473.3496638906048,481.4397819274778,487.4880492617776,493.0087279596903,508.6106728002,510.0208921829089,510.6705967800543,511.4953145042444,510.920400853733,511.3124672578273,512.0977050792641,509.51795561547226,506.3383904890133,507.92453918400776,506.2689933773056,506.53758729279446,509.9778914942248,511.5726820036169,513.3325648662936,515.128020320949,514.6056936559978,517.4475150296206
2019-09-08 10:30:41.476,519.0961251712263,519.9906241940556,519.5592050862356,515.5137693668429,510.8921097829439,508.11081710555874,507.9791689488567,506.9263752375739,505.83379729303374,508.04488546573583,514.0708639310719,,,,,,,,,,,,,,,,,,,,486.34398354820087,491.6533362120033,510.1691332521254,511.93331641880974,512.6348013975547,513.4665668964246,513.3686814804382,514.5325339623457,514.7678210436928,513.8819671692967,512.8840894764653,512.6652524020045,511.2317306303757,510.4506160137532,512.382665373975,515.1761036082901,516.4505904022151,516.2583591840748,515.8150118320503,521.963218265289
2019-09-15 10:36:55.079,525.2170779095268,527.9524101808728,529.5217476582261,527.6843635772531,523.9096251353947,519.324852120427,516.2498925047353,514.8050561960571,513.2598482930696,514.0574350893037,519.8631634949392,525.4318126461536,529.0288292728956,534.5358530903087,467.5019556511984,467.6098290197366,468.4048246929968,469.4706882070576,468.1496383519843,464.1333727650344,461.4836380323395,459.3515756716952,457.1598513237616,456.5498359644192,454.6908479560872,456.6829905856545,455.74904578341216,454.0428107959274,461.3166057356485,470.0172382155523,477.1762453846558,482.9361672976008,518.3271117802357,520.6686335888947,522.0769521591807,521.4194819530826,521.5234479781249,523.9803102872834,524.6825318598869,523.1019197117635,522.8321651198461,523.4266558945648,522.8089490726235,519.8883870798679,520.4829852327207,523.487876039743,526.5510440355556,531.8406865922818,525.831853699857,526.4934028908026
2019-09-24 10:30:47.197,520.1200863983134,522.8992915389841,524.2765226406905,521.6483077778223,517.6547758539701,513.2879578106985,510.5229752552958,509.70148785856406,,,,,,529.4828796709522,472.2758062390128,472.69803289252815,473.3879964476212,475.2979024018824,,,,,,,,,,460.0597507017367,467.25206319250094,475.78387219537376,482.5129812017448,488.1962192753342,513.317516367099,515.8093645682839,516.6914771829024,516.3606156124283,516.1900717550727,518.3956999952609,519.2467223791683,517.9138184415111,517.9348382140831,518.0048120165495,515.6389883866032,513.316535893646,515.0968906508292,518.5842113379667,521.8328954507272,523.182439355323,,
2019-10-01 10:36:59.838,519.3703430219463,522.3781623062986,,,,,,,,,,,,,,,,,,,,,465.37952638577616,465.56245249955407,464.233743464902,465.1413871988976,463.2463746615091,461.0772937193299,468.1900169152884,476.6648509633784,483.6652604927868,489.8555665329678,512.1114239957453,514.4040205158249,515.441583396089,514.2768661421211,514.594413468303,516.3775149227354,517.2699139293902,517.2188076903556,516.866768867962,515.4153793580498,511.7404614395406,510.0278758685822,513.5214958734296,517.6756961496287,520.9646318605904,518.2098249701266,514.531451465653,
2019-10-10 10:30:50.623,,,,,,,,,,,,,,,,,,,,,,,,,,,,,,,,,,,,,,,,,,,,,,,,,,
2019-10-17 10:37:02.159,519.7927636781747,522.7372184195659,524.149439878743,520.3591872671461,515.7179965497529,511.32762748983936,,,,,,,,,,,,,,,,,,,,,458.88600450832047,458.6804080060633,464.69645289205766,472.3137780413146,480.3816847485646,486.0873379498858,515.670717313713,517.5976366312351,518.599573440099,519.4583377941298,519.5374781168787,520.6374088665654,520.2790742072448,520.1192614173274,517.8426181663517,,,,514.9574617745623,,,,,
2019-10-26 10:30:51.500,520.2549985900054,,524.2077366937326,519.5922413913877,514.4597109311824,,,,,,,,,,,469.3322398821632,470.8205130242913,473.6611395881656,474.0728630730882,472.94343781936914,471.2318365210667,464.99048866610974,,,,,,,,,,,,,,,,,,,,,,,,,517.717925665406,517.0097971672151,515.7880609890261,522.8225451059354
2019-11-02 10:37:01.791,,523.7445123339515,524.9483890673937,522.5705071526564,517.5057650998073,512.5190786870286,510.6939961318026,511.3415157405209,510.63688598894345,511.3181108501628,515.3491407211793,520.1157150380112,525.2258323285164,531.7885261512998,467.4739610605369,468.1669854185968,,,,,,,457.0935748915712,456.4905843928539,456.2080384684842,457.02927059077945,,,,470.1181191110069,478.4360339259457,483.5536142758059,517.8643510532967,519.5742981587024,519.7854416650201,520.8071343532652,521.209761887455,523.0300243415184,522.6653523426598,522.1967917676285,519.9095840885018,521.7467855776845,522.5432144961062,516.6744189368541,514.9711829381338,517.3129196428687,517.1541777840905,516.6674066201481,515.5810235790076,523.2450269055921
2019-11-11 10:30:49.493,,,,,,,,,,,,,,,,,,,,,469.3021363867447,462.8157742042095,458.2107187236164,457.4506601167298,456.90869455740216,457.35531986130667,457.6642676776749,458.7218860393184,,,480.23192927602094,484.5707013398804,516.7786223988438,518.2535140737532,518.700779411653,,,,,,,,,,,,,,,
2019-11-18 10:36:58.505,519.9096355379579,522.5007290989139,525.1590539830628,526.6960395712731,523.8897733781104,518.1081603949142,515.7795733718069,513.7176562195136,510.8823393352129,511.532319518974,516.8140140128854,521.6886047917102,,,,,,,475.4344197800383,,,,,456.0693181783599,456.30929946150536,457.62686333023487,458.5307847946023,459.601853916305,465.6354270325186,472.2516725721959,479.7709163524802,485.2176998529641,515.9466966512537,516.4977860955385,,,517.4119352897349,519.8227171298431,,,,,,,,,,,,
2019-11-27 10:30:46.941,530.2612509801431,531.6780554410386,533.1387112749525,532.3639502516035,530.2859291275139,528.2490584375663,527.7893642617616,526.5697354970041,520.8140801268964,519.981249204187,525.6934964498838,530.8011167919866,536.1949746032473,541.766054767753,458.6282247716069,460.5666828285604,462.2138793023272,463.4578330932757,462.52722211927176,457.8704504230991,454.8119798209518,451.0333455409855,450.0298663892513,449.3522200968306,450.22390325656966,,,,,,,,,,,,,,,,,,,,,,,,,
2019-12-13 10:30:45.757,,,,,,,,,,,,,,,,,,,,,,,,,,,,,,,,,,,,,,,,,,,,,,,,,,
2019-12-29 10:30:41.798,,,,,,,,,,,,,,,,,,,,,,,,,,,,,,479.0039901161188,,,,,,,,,,,,,,,,,,,,
2020-01-05 10:36:50.790,515.5390624661898,517.5769145749301,515.5934637786044,512.6855075459916,,,,,,,,,,,481.820364701662,483.2496781315888,483.6332107932747,484.81701804692767,483.7126184143126,481.0698133199476,478.4494889779016,475.8189883651212,476.659157194317,476.4666181829853,477.05871384499846,,,,,,,,,,,,,,512.1038512329638,508.0531827118042,500.7206133053983,503.50439278272574,505.4230918490395,506.7415342222693,,,,,,
2020-01-14 10:30:38.404,,,,,517.7060844258397,513.4135977354829,,,,,515.263467890458,518.9008878110706,522.9014342676957,,,,,,,,,,469.6426603180067,468.8832215501338,469.2811446607504,469.425772033756,464.11783123637673,462.7130013561588,469.6998357837326,478.012406030393,487.0554838715275,493.24499249359656,508.3265469081426,509.7847403380276,510.3911209439557,512.3533392703506,514.1904635782098,514.7220205895538,,,,512.1341888001313,513.1745829544678,512.7460814443336,513.7601715415128,515.2927436486717,514.4906679603696,513.7945731425704,514.8075319544516,523.15556576967
2020-01-30 10:30:33.575,,,,,,,,,,,,,,,,,,,,,,,,,,,,,,,,,,,,,,,,,,,,,,,,,,
2020-02-06 10:36:42.022,,,,,,,,517.2825171427245,514.8742567254953,516.9135337863346,521.0925861871656,524.580312845655,528.5578784112154,531.9995886788878,469.2546447974074,471.3196324609634,472.7146285880925,474.8196607914882,474.010825698264,469.8877576040104,463.6862642550841,459.1920322105289,459.60302830138414,460.0791073736256,460.82602385415,,,,,,,,,,,,,516.9775213698274,517.2986675040245,517.0672686522234,517.0664795382713,520.5365684985325,,,,,,,,
2020-02-15 10:30:29.674,,,,,,,,,,,,,,534.2938842847425,466.648980063038,467.6774098941862,469.9326112683746,471.5212694767049,471.3267391724512,467.9253116566688,460.8668266097084,454.9975175587461,454.9180422117044,453.9313338424136,452.19676265637935,453.0291164631271,452.6754956418209,452.8724321638656,459.4991050457736,467.6547445737921,476.2098258328687,482.18812319968856,519.3587035914315,519.7917214170676,520.5967215387277,521.3135201236232,522.0188919400192,,,,,,,,517.6641328962455,522.8358268837428,528.0888553997737,533.4272575386706,530.1237440323537,529.4569113395344
2020-02-22 10:36:38.748,522.4431373693824,521.7424861507172,,,,,,511.63561438145183,510.8576951511515,513.2089530620588,518.8742842295724,,531.152303000853,537.7150299644709,463.0460279426535,462.6432979482784,464.41250955969326,465.0434365273339,464.6104757776484,,,,451.51397849153545,450.152667006576,,,448.8329500103341,447.8633350764301,453.504367459212,461.7750243988664,471.2681926307212,477.3053917387135,524.1401008777087,524.4555541843632,526.1278971095047,527.209662354443,,,,526.1386345246096,524.457474075846,523.7853458402296,521.3962653856227,,,526.0209254143056,,,,
2020-03-02 10:30:24.913,,,,,,,,,,,542.4231814284335,549.6646396282491,553.9995983446802,558.3270118507937,442.508066693004,445.3305834334436,446.3126303632237,444.4386305535989,440.2746593267657,436.3090558545664,433.32522216811776,429.1983752250672,428.82455636342894,429.76574217747134,429.76084158128174,429.2492001504591,429.2427948474668,426.2976568415737,431.5880303214868,440.00681211364224,449.1563769186888,457.6033506284407,543.1593957208954,543.6855453666291,543.9162129677452,,,,,,,,,,,,,,,
2020-03-09 10:36:32.864,533.018039655251,534.4305525397951,537.0653056117529,535.7009430450681,532.0724524974314,529.3686209258708,528.1865531000319,528.6271320642714,528.1919910488889,530.3601657026118,,,,,,,,,,,,,,,,,,,,,,,,,,,,,538.1444980515741,532.5396602896146,529.2804017996815,530.1966826221724,529.9754511778386,530.9283655577955,536.7489066255437,542.3734359185759,545.3056271816065,549.413570567829,548.9984673424502,549.3974941523368
2020-03-18 10:30:17.633,,,,,,,,,,,,,,,,,,,,,,,,,,,,,,,,,,,,,,,,,,,,,,,,,,
2020-03-25 10:36:24.491,,,,,,,,,,,,,,,,,,,,,,,,,,,,,,,,,,,,,,,,,,,,,,,,,,
2020-04-03 10:30:08.087,,,,,,,,,,,,,,,,,,,,,,,,,,,,,,,,,,,,,,,,,,,,,,,,,,552.0947834516763
2020-04-10 10:36:16.491,,,,,,,,,,,,,,,,,,469.6419723951005,466.95737702120095,463.5341931125149,457.7824759455398,453.4798206398264,451.9519797924594,452.0055787119159,450.75589948980064,451.40455822184265,450.4439602705489,451.23807878257946,457.9848506447918,465.5773543137037,474.3040897297605,480.5413879570887,521.5021014581312,524.3548844033478,525.692485517699,528.5366405892338,532.2554282093209,532.7505072792018,528.6231073525787,526.51563093944,526.7280800971498,531.5234946580996,533.8918336111074,534.2893254416153,535.8074746641788,,,,528.0311379609618,528.7920337900528
2020-04-19 10:30:25.724,,,,,,,,,,,,,,,,,,,,,,,,,,,,,,,,,,,,,,,,,,,,,,,,,,
2020-04-26 10:36:09.116,528.2404965047537,,,,,,,,,,,528.656257610618,532.6477986882638,537.2071781501431,464.3332670992144,467.079514864166,,,,,,,,,,,,,,,473.4700929686089,480.5452164244608,,,,,,,,,,,,,,,,,,
2020-05-05 10:29:53.030,,,,,,,,,,,,,,,,,,,,,,,,,,,,,,,,,,,,,,,,,,,,,,,,,,
2020-05-12 10:36:02.804,,,,,,,,,,,,,,,,,,,,,,,,,,,,,,,,,,,,,,,,,,,,,,,,,,
2020-05-21 10:29:54.063,,,,,,,,,,,,,,,,,,,,,,,,,,,,,,,,,,,,,,,,,,,,,,,,,,
2020-05-28 10:36:05.983,541.2790326816183,543.510444085497,544.322866739984,543.821824031296,539.5075346342041,532.1834885871568,528.9113694425226,524.9137285909692,522.1607124055932,523.6610696297564,530.2200928635475,535.2116908645631,,,,,,,,452.3873780565336,448.83718904946,445.93635840527713,445.8813443718936,445.4773194974569,444.8441733850907,444.5662882301872,,,,,,,,,539.0373825770877,539.8111223177488,541.4247118515281,542.573834370695,539.2666367224003,534.8144494538218,533.0366548998029,538.8636341788184,546.8487108219366,554.0760153376692,556.0689116997106,553.1260622536157,548.1947909772109,548.3105845901232,547.2797344144844,542.7167435564453
2020-06-06 10:30:01.149,539.5285424602018,542.0067044495014,542.6148470082742,541.8313390681902,537.4969042677953,530.9908250380447,526.3102093069168,522.1269599464748,518.3620721315629,520.1862742824634,526.9267296274211,531.6219186252854,534.8677601324716,,,,,,,,,447.60692537017167,447.4740344627774,446.8240063741135,446.2188250371256,446.1571793622464,441.37774626044313,437.0041133814219,442.0886077172043,451.7513049117641,460.6696106488247,466.8933680013111,535.4229091450148,536.6047534879525,536.6006485675151,536.9300983794566,538.6369044152069,539.3788063069616,536.6010838480604,532.1308832612369,530.9254186754372,537.1194265045102,545.4236590388346,551.945519330968,553.2899463535757,,,,,
2020-06-13 10:36:16.235,550.1652975960114,551.4303016080462,551.2224147482005,548.6695501154159,540.9056699500751,534.9140251145238,533.7988681340737,532.2538660142119,528.1220060621386,528.8692205470435,535.9845835732306,543.3526341967436,547.5443879199531,552.8825707889299,447.3852368447489,449.0460362678703,450.536689029731,452.1613233244337,452.0151185663417,449.50386962201446,444.5161430900917,439.7898231400177,440.1785254786703,437.2800858491376,437.6897305842351,438.4100542899374,433.9214314639696,428.2632180640076,434.420873320145,442.6900441154582,449.6928528148071,456.5948457687225,543.7109448041551,544.1344667378077,544.2829478564087,545.7389390132088,547.087496507636,547.981392502881,545.4662494182036,541.8429806085728,540.8841786924562,546.2689530736268,552.5482047996836,558.5744826164249,562.0885567952926,558.8687158500225,555.7455125973237,558.3328361973336,552.9088305969525,549.627926433101
2020-06-22 10:30:10.360,,531.4791645166986,528.7912531281611,531.0192266528583,529.0067894184707,525.6775998569674,524.9555648186332,522.0298854504431,520.6687711450354,517.862761220935,523.3531177203714,527.4870799949483,531.0383844817228,535.7498464663937,,,,465.7290459400456,464.866169873625,464.2693171650171,,,,,,,,,,,,,,,530.4824489179814,528.2855189092492,529.4101646128574,533.1657510184815,531.4572237526328,524.3014050512292,519.8363867118735,,530.1350993794538,538.3611022618848,543.550879316877,541.7244710636659,541.4679046793041,,536.4196851572656,534.7904051439552
2020-06-29 10:36:24.553,536.265456475516,536.9982465155243,537.2521341866974,536.9414342053642,534.5617230576804,531.9616408022695,530.0402949451443,528.3524623271901,526.1701159020329,525.3590470172744,528.6705963736146,532.1860627375801,536.2253937976681,541.3965718331102,459.02772568388815,459.57285233707375,460.0215049767564,460.51748816602753,458.9358541853726,457.2519108960405,454.69219974428415,448.6957467962056,447.6455985649504,448.1689001178683,446.881922101096,444.3365504979001,439.47536211770966,437.421897064302,444.6332355021048,450.7246499389116,457.5788042827545,464.74768178132297,536.675920622592,537.582329437762,536.9117818815821,537.1520611929524,539.7396728727515,540.9799618053095,536.7969129400376,529.7642062350224,,,,,,,,,,
2020-07-08 10:30:17.560,,,,,,,,521.8489831625396,520.0645251177903,,,528.0889786837288,531.455958596047,536.4892668109808,465.05820393404383,465.6366904140358,465.6457919258566,465.8139077755114,465.0846287468448,462.1864084070549,460.21178502822295,453.76693502254784,452.6987295817962,453.5548315170692,451.9320013065516,448.46146686629,445.5531465311795,440.6979467751681,448.1899847233541,,,,,,532.3979351503867,533.1855548824681,534.8193871748151,536.4324736719466,529.4457170553862,526.0168989415452,521.1741212526276,,,,,,,,,
2020-07-15 10:36:30.876,,,,,,,,,,,,,,,,,,,,,,,,,,,,,,,,,,,,,,,,,,,,,,,,,,
2020-07-24 10:30:22.777,533.8937226878603,534.3571403100268,,,,,,,520.4738767374565,519.7967861048814,523.3583179245458,527.7602874195985,530.9614086084807,,,,,,465.2429413264617,463.13380942028016,460.3574720299803,454.3751220516861,453.16141627574194,453.4101184097462,451.6579421524253,448.5684523782915,,,447.63928933599135,455.501646516104,462.13422826283966,470.0239425379636,533.1049941102559,535.0654219337431,,,533.8947068287483,537.9944189111775,530.5145485964023,525.6172033148538,522.7431636136469,528.4631094063361,533.7338966013511,540.6858510878986,545.2800773652236,546.0140526057982,545.6864245773039,542.4156634094663,539.7818419091838,534.5076381890946
2020-07-31 10:36:35.225,,,,,,,,,,,,,,,,,,,,,,,,,,,,,,,,,,,,,,,,,,,,,,,,,,
2020-08-09 10:30:25.956,537.8025582145641,535.8123061047834,536.349486205843,535.5534174063681,531.9269753263409,527.9658153582955,524.8621666452873,522.5661096306883,519.8397003053128,519.7232807966363,526.8542319044418,531.5866238374184,533.3812017950436,536.4703189124523,464.9188994167304,468.2024182136122,469.4839152671232,466.73990009577005,464.19248182792217,461.2390737342648,457.2124706106261,453.2569837635383,452.7334755189014,451.35233021921925,450.63135347874817,449.7384501244312,448.5214591068969,443.6511357322805,449.27696383276606,457.2847479772941,464.9332866715607,470.9985297583581,530.5158175812594,531.7698606810726,532.0040243720314,533.7691815209214,534.1603599689332,536.2073013304454,533.7873819324556,527.8407501743859,525.5472092598001,530.6744108941479,536.150381907674,541.3831486441002,545.8172203832039,546.0664540392366,548.3533627500951,545.5297523134788,541.38725560583,536.5271210744155
2020-08-16 10:36:39.814,542.1061027158177,540.5481619651919,539.3322717094483,538.4923125566481,533.8838554059494,530.4612352678683,528.0710820742588,526.4883439431717,523.0312168929654,523.0031320923166,,,,,,,,,,,,451.3897411543876,,,,447.63441418447417,445.5359715203317,439.3914603208357,445.10283694499634,453.0552492662212,460.6215502108464,466.6905520951409,535.0213657308171,535.8788022471683,536.3283173959173,538.1057462223556,539.1740081919419,540.6126394520364,537.9829566161748,530.7971807109495,528.3502667480809,533.5640140451856,539.2415302688703,544.7662189912141,548.4168364670966,547.9872329515432,551.0851689479426,546.990440334466,544.0681773621466,540.1919277537677
2020-08-25 10:30:33.811,536.7802618298573,535.5069781155505,535.4910685349003,534.9374574687137,531.5307004928408,527.4645567779286,524.839204978583,522.9005604103713,520.5438305866421,521.2553745614572,528.8007464637191,533.0250880142854,535.4777482640596,538.3547335539456,463.0598572029001,466.5135815363937,467.5742334979903,465.2613495940533,463.1594706410542,460.7521152766421,457.5500679975376,454.04018597956747,453.4486084719232,450.9887535575263,450.84622920536265,450.8215761792381,449.03746290536304,445.2948561122043,451.1177500364939,458.7802668168172,465.8075128235144,471.9466852186745,529.5758026123714,530.6615501509389,531.5063627139066,533.7828653012652,534.333345106709,535.5743840508103,532.779119038117,527.0830534551636,525.1836022501013,530.420867777103,536.0482386068728,541.0045665218923,544.9254559075072,545.3846259963361,547.8919105582607,545.5385321626707,542.077267973723,537.1715575556657
2020-09-01 10:36:47.948,,,,,,,,,,,,,,,,,,,,,,,,,,,,,,,,,,,,,,,,,,,,,,,,,,
2020-09-10 10:30:40.733,529.8011590913616,532.2972081530057,534.0018455432304,533.8449106024245,531.1898150904874,527.1293538172563,523.06604070394,519.3107905303536,516.6197861778518,518.5831255191193,524.671134301673,528.8241364764107,532.9391036671302,536.6240523011254,464.73778086562174,467.75110900275297,470.5206416742771,472.40114112385953,472.31490412913263,468.3986102901399,463.11252301279455,457.6541553027928,455.5078431852657,453.68049988506345,452.9353091761936,453.4207103700485,451.8369749395244,449.7670319518592,456.9711710410414,465.5042636272264,473.2067660599206,478.392376206228,523.2870826790248,526.0037482387191,525.8169514853865,526.913646670137,527.7138867585365,528.1503443943093,526.2715317500022,525.0132863774606,524.7670960062758,529.5422702929569,534.7921585252026,541.1315742711495,545.9920682228617,547.1227367041072,545.0480773837533,542.2554578478985,535.2381249239286,534.0743314768208
2020-09-17 10:36:53.930,,,,,,,,,,,,,,,,,,,,,,,,,,,,,,,,,,,,,,,,,,,,,,,,,,
2020-09-26 10:30:45.516,540.6778509043988,,,,,,,,,,,,,,,464.1035007073474,467.6069577772537,466.2496984993831,463.5825659967959,458.70353000611067,455.3390113255009,452.5346037335694,450.6731134760318,447.36114798076255,446.3711111295932,445.9922054806352,445.5718083195044,442.4421557863113,448.35439985858005,454.0379410348766,461.7993874320793,467.2214801821709,536.6873922978197,538.8878800683921,538.5056094285343,539.6117727022715,540.5298019540277,,,536.0840082035904,532.8221809887142,534.8142413924108,540.3315052655329,,,,,,,
2020-10-03 10:36:57.662,,540.8823272089594,539.0823369750347,540.9540010065961,538.5250460513224,534.9771078135868,534.1021043727428,531.2451243889446,529.2151887259662,531.1946222146676,534.8167707860042,536.34321438842,,,,,,,,,,,451.09474430132826,447.4149141450275,446.2885455169708,445.8366377507426,445.1885856932198,441.0416951172379,447.1593528753144,453.7591019330034,460.0666289052732,465.0644204845114,538.7307997398199,540.7955945769593,540.7321415215547,541.9334712753669,542.9294846018043,544.8793007726152,544.1165086907112,537.8118860404477,533.6977810721869,535.7814887937068,540.7544982953685,542.829590644041,547.8304179693978,549.9338198605728,553.7719556070473,556.6572300371777,555.1990419233673,558.5447685365159
2020-10-12 10:30:47.746,531.5653180179005,533.9441179960972,533.8726163291632,536.0881700897064,533.7690334336883,,,,,,,528.0836619861433,531.2609867435586,,,,,,,,465.565937589854,458.5636922204867,,,,,,447.0189743985088,453.0337650418245,460.06500073785946,465.7341228970232,470.20056879899744,534.0276277293665,536.53300186074,,,,,539.2608744460053,532.9336559067568,530.0459977900969,,,,,,,,,
2020-10-19 10:36:58.737,,538.2736157115917,538.5172294762459,540.4751801454372,537.7614118985312,533.7413943891452,531.2229891209812,525.9748561324042,523.0411191446757,525.1263101072692,,,,,,,,475.6853836953781,473.554486724548,469.7511597657576,464.0262158391997,454.68652831111103,450.97599149016855,447.4068732982773,445.4134017215031,446.23301292456216,444.8404690595448,439.4792935969699,446.5745251072117,453.151480263438,458.2776213285932,463.0897524570065,541.2963064799094,543.3620469902409,544.8326027534654,,547.1471101705313,548.5475822493565,546.9736723507169,,,,,,549.3086317350843,551.3471203928403,,,,
2020-10-28 10:30:47.283,533.7371508284349,,,,,,,,,,,,,,,,,,,,,,,,,,,,,,,,,,,,,,,,,,,,,,,,,
2020-11-20 10:36:57.303,,,,,,,,,,,,,,,,,,,,,,,,,,,,,,,,,,,,,,,,,,,,,,,,,,
2020-11-29 10:30:48.455,,,536.5595951721244,535.6713811783509,532.2511958953874,528.4143664850054,527.3649556358926,522.9686369258029,517.6289328814709,518.7729166555323,525.7648009534406,532.2945764240761,536.6229181588226,539.6556270344573,461.4437069283762,462.6422487739859,464.0343844821044,466.986471750265,466.3468947736546,461.4982700496912,457.5667945435271,453.194620270282,453.4098394203143,453.41556393492857,452.944765537813,452.312059262794,448.9896492989597,446.1874696699411,,,,,,,,,,,,,532.2223295951603,538.9663723901817,542.3022362900681,546.4970997654096,547.0266889743905,542.5538128998433,539.3269318524013,541.3429016490494,544.1991427081471,547.6351525793684
2020-12-06 10:36:59.767,,532.0720717183767,532.9090926767371,532.5223876734774,530.2925018583,525.1182591437768,521.1363558599479,518.5398116444162,516.8339469382622,517.7950103655818,523.196624252943,529.4356372057587,534.1630899632626,538.3900749101497,463.73580128882094,467.1975744706367,468.3833856407184,470.4982940095082,470.616300820373,466.5375318741426,,461.0676297573373,459.5746913965677,455.83375281091526,454.443870155661,453.5013870004367,452.7154813447133,450.77038240595226,455.5613768570989,460.7243792671033,467.3533996910611,474.1505559081948,530.6640426960652,532.1306191130693,531.7116258459307,531.7507833936181,533.391292105298,533.4905631516468,,,,,,,,,,,,
2020-12-15 10:30:48.462,530.464277712093,531.7480320290265,532.6085910791546,532.2616969492233,530.1742866936168,525.2140015895806,521.518946459657,518.857360402657,517.5483365741807,518.7607543459554,523.9839764592399,530.2501989740341,534.4035508939974,539.4168817193141,462.9727162213621,466.2372843699286,467.2792874582613,470.01090401088055,470.1454060962424,466.5989078991115,464.0379643253982,460.9217897141352,459.3677043746523,455.742524215769,453.9184054324744,452.9598267799004,452.2508920361514,450.79226458555,455.1262690524252,460.28327287958393,466.755444205344,473.8799870205826,529.880938844535,531.8266070126475,531.45861767136,531.5321447559104,532.9200229702094,534.1402783895034,527.1317615776659,524.3151205617098,523.2780749122675,528.5433960001127,534.2385198218614,538.8649546033638,540.619226142907,539.6854927897507,537.8095571225165,539.6044874401583,540.025597519797,544.3217373064319
2020-12-22 10:36:58.075,527.3952459893932,529.6038126856834,531.0005366950056,,,,,,,,,,,,,,,,,468.9907766729593,465.7995029753074,462.54972425755113,460.6278488944307,456.9152684467573,,,,,,,,,,,,528.5819634256286,529.8809651537545,530.9880455168043,525.4727123524265,523.3677308719544,521.5573726790715,526.3735992035673,532.0824175670615,536.5715298753498,538.4087251798032,537.3987752823539,535.2462338665796,536.8432487839725,537.1573507446883,541.8147464170576
2020-12-31 10:30:44.731,526.0638813289088,,,,,,,516.4497328115547,516.0494342595429,517.6455804447921,523.0419150606483,529.6493394055883,533.8718641414519,538.9609340661398,464.1795262209701,467.4359981272281,468.5774389236418,472.20791837985325,472.3286800310016,468.31081813946366,464.8721605855972,461.7409652359784,461.2395051582727,456.6735037970856,454.0877789845466,453.9169138613065,,,,,,,,,,,,,524.9689237614517,523.4397021539295,522.1235651155481,526.273467986359,531.4993517991568,536.5109471313039,538.9036828843489,537.2949261781077,536.1145489365815,537.7864239836983,539.0065955738419,543.3689673546905
2021-01-07 10:36:52.743,,,,,,,,,,,,,,,,,,,,,,,,,,,,,,,,,,,,,,,,,,,,,,,,,,
2021-01-16 10:30:37.516,529.6170040322136,530.848384927632,531.879762887051,532.3170635304496,529.9554496132791,523.3357101302279,521.0720569363688,517.2332985557831,515.5177884147364,518.2385639264057,522.381929028897,527.7603292105271,532.2745771052779,536.2753764128835,464.98549132847927,,,,,,,,,,,,,,,,468.7507659838067,475.81103291237696,527.834371279642,527.7313727183033,531.2913939448715,531.857433403102,532.7155103769143,,,,527.6867244358376,531.5493810213437,534.5508548645679,539.0254579405197,541.251304504587,542.7301086295547,536.8670060930328,541.1908483779824,541.9848507893779,543.5211107645827
2021-01-23 10:36:47.053,,,,,,,,,,,,,,,,,,,,,469.1914065871388,463.3596196696162,461.002672942759,,,,,,,,,,,,,,,,,,,,,,,,,,,
2021-02-01 10:30:35.471,,,,534.0936108142272,533.4145451915829,529.5414882317117,529.4597415566122,526.3006751359288,520.0262120285194,521.7625637636015,525.2338144773404,529.9595208628175,533.4650744702832,,,,,,,,,,,,,450.7252922754036,449.3849932739176,,,453.7945993451715,458.63004109036746,468.5721124797424,534.5475013595521,536.2888047397687,538.0896469511736,538.9473014757201,538.7296931698733,540.423701464303,538.5042064043164,532.9348227902886,529.196912821323,,,,,,,,,
2021-02-17 10:30:31.662,,,,,,,526.0253357748035,521.6490863641583,516.1610888701032,518.6038851448591,523.1294013835901,527.7452157783192,531.6379190705417,535.236127087168,466.08969697969445,467.0670448928464,467.2865687610399,471.21953499414826,469.84933029767126,464.9923863252625,459.59780899900943,454.4780479688197,453.533603427533,454.05979110107614,454.0474117017373,453.5893511247016,452.3976015707283,451.7462114957225,455.634889467686,459.420374159832,465.0333239482367,,,,,,,,,,,,,,,,,,,
2021-02-24 10:36:39.853,535.9513970381082,536.1553037557337,537.36548675707,537.9093351203092,534.5654174722565,532.5692378322824,531.3018108818633,528.9273024762529,524.9384362503649,526.462134640695,530.5767021156264,533.7431975251955,,,,463.67881771756015,,,,,,,,,452.40650024671663,452.7823236482871,450.1945438856892,446.44583533210704,450.0905166301217,456.2122344795126,462.1115902207652,468.5500581449554,530.8355841813895,531.1198652427827,530.7599566892309,533.6009443924813,536.3237727653988,537.0262141318337,533.2967246438199,529.9912251724638,528.6095127939374,531.1995360132873,532.74932679656,536.6997433599901,539.5379526913184,538.4307853284226,536.9564257566918,543.6110794207879,546.4130913019637,551.5640291560086
2021-03-05 10:30:24.672,,,,,,,,,,,,,,,,,,,,,,,,,,,,,,,,,,,,,,,,,,,,,,,,,,
2021-03-12 10:36:31.390,,,,,,,,,,,,,,,,,,,,,,,,,,,,,,,,,,,,,,,,,,,,,,,,,,
2021-03-21 10:30:16.574,529.9223525861714,532.571522321736,533.3137273374965,532.7291601488032,532.2465205030155,530.2251561643632,529.1708106101958,,526.9762964537913,,,,,,,,,,,460.55398213583976,456.3919534608722,454.7054900983349,454.23489805970434,454.6020636769495,454.4044180997244,,,,,,,,,,,529.2836400272557,533.764306801401,538.468123895397,534.3808040156499,528.6457038743114,528.7092507293038,529.8144744294508,531.9292810793543,533.216026960594,538.7885678193592,541.5088648603943,540.8891965670479,545.2283601315341,,
2021-03-28 10:36:26.050,529.1062587010471,531.4977861384241,532.4132689557092,532.6710559432647,531.9304024531858,530.289721699069,529.3464294205885,527.5631105908565,526.4196507985896,,,,,,,,,,,,,,455.1792187453328,455.37601003204645,455.3095438018555,454.7114137643896,453.0466242456843,451.21922244314845,456.82601367384416,,472.7742203209266,478.693976438598,522.4010671467046,524.0255642735352,524.6452993743601,528.8868612705131,533.2424708974166,537.8180802358227,,,526.8932660425838,528.345694183027,530.3815825586064,532.1161778492456,537.3757365822186,540.2954537386111,539.6281596255427,544.2597634584594,547.2964428533467,551.94747263137
2021-04-06 10:30:12.583,,,,,,,,,,,,,,,,,,,,,,,,,,,,,,,,,,,,,,,,,,,,,,,,,,
2021-04-13 10:36:20.749,,,,,,,,,,,,,,,,,,,,,,,,,,,,,,,,,,,,,,,,,,,,,,,,,,
2021-04-22 10:30:05.595,,,,,,,,,,,,,,,,,,,,,,,,,,,,,,,,,,,,,,,,,,,,,,,,,,
2021-04-29 10:36:12.275,533.3269252416915,,,,,,,,,,,,,,,,,,,,,,,,,,,,,,,,,,,,,,,,,,,,,,,,,
2021-05-08 10:29:57.901,532.8244905615488,535.6746172525586,536.6090829896743,536.525769578941,532.7101028697293,530.0481651966693,529.1141915234716,524.6425236919483,524.3195214452202,525.0558626592195,530.7335978269059,535.6228095350181,536.8275655634978,538.6620031848028,460.28786886239897,463.76521903806486,465.39557273309777,463.7201949596995,464.2245086962357,,,,,,,,,,,458.4416619614376,464.34497698731246,471.85238009542354,528.0928292955907,530.4941079558083,531.1346432946531,537.0042227180646,539.3647920594077,539.6542331780417,536.192022044136,528.4124476453571,523.8884022818542,524.7713436638476,526.4959405785102,531.3877247362891,537.7517340229269,541.517387845601,541.0693313081105,545.9006078577002,553.7200570215946,560.476381921702
2021-05-15 10:36:13.723,,,,,,,,,,,,,,,,,,,,,,,,,,,,,,,,,,,,,,,,,,,,,,,,,,
2021-05-24 10:30:08.405,530.1332095322454,,,535.5113565391412,531.8686637442294,529.919925506892,529.5546326484182,527.7388116270773,525.0198469403273,525.0786185924317,530.701368911952,533.3706396680088,537.5128002128716,540.9124822389795,460.2980657171998,462.7038025871864,465.9561407699142,464.3429653769604,463.0469026202336,460.5570961739868,456.8379702651873,454.44474976323545,454.3638222784581,452.0481698664871,452.1905310360484,451.65313654924574,449.5758157393104,450.4987080337105,456.235598294452,463.2678397098615,469.41474896381504,476.8718307287236,523.2810218652461,525.7219096555793,524.5879504852571,526.1449084845715,,,,,,,,,,,,,,
2021-05-31 10:36:22.829,,,,,,,,,,,,,,,,,,,,,,,,,,,,,,,,,,,,,,,,,,,,,,,,,,
2021-06-09 10:30:15.861,,,,,,,,,,,,,,536.3360355656342,465.6733907800536,469.04552464474574,470.8807503493141,470.4380723956592,469.1762366471812,466.027322939597,462.5821140380576,458.04610223229975,457.2144373946397,456.80950783775216,,,,452.1101829104005,,,,479.6555387234157,520.4748819559828,521.4698672282558,521.2592312188104,523.0224640929348,525.6830554897824,531.2456282103807,528.8896774363677,,,,,,,,,,,
2021-06-16 10:36:29.049,537.8859407195245,540.1447071057636,541.4064142055577,542.116740668865,541.4015257708728,540.6683461931906,539.9772362055451,,,,,,,,,454.6517789563128,457.1937798123005,457.00418628840487,456.3407847993076,452.9123339392245,448.30513336509466,445.424265014939,444.9435469480018,443.801328755266,442.5712033688529,442.30125323529865,,,,,,,,,,,,,,,,541.2149391813228,540.450379123549,542.1048946172295,547.1606796066332,550.5764623174773,551.9756693911326,555.2256399948413,561.0148786854629,567.78270772156
2021-06-25 10:30:20.485,,,,,,,,,518.0313672382424,518.4822339500382,522.7324919237699,526.3313990145294,530.2663538472798,534.4369598385663,466.7103547644346,468.94997179490383,470.941384651264,472.394170470094,471.3914841776714,,,,454.8933878214098,454.4913883922224,454.74840724123777,455.2094849875776,451.81692866717856,450.42165200676993,457.3625171504279,465.8719251565916,473.6043723024248,480.42903750705057,520.6711869366424,522.6337068730332,522.9073832086342,525.7984408567187,529.5268592817163,535.181815152833,535.5168205875474,528.6559092243427,524.7325581170621,525.0317031887819,526.8472938890775,529.4785922088051,534.7328177640085,536.5803665241594,535.3795408962361,541.6618938025204,546.6048592106445,553.7474271166478
2021-07-02 10:36:32.403,537.9516722872041,,,,,,533.9599086298625,531.7289203902623,530.0283683432358,529.4349353275993,532.442909870489,535.9562746092438,538.7096124207961,543.6718141388004,457.8726207193064,459.7786090921534,462.6406106723704,462.5968265074355,460.4518549973145,457.3317319424823,453.2318703029305,449.2201470816508,447.543736426583,447.3670960412793,,447.58912233956215,,,,457.19734631545936,464.17339406010507,470.5616167732739,529.5150260550585,532.775763573535,532.767529228654,536.2674953860151,540.1474755487728,546.273194884167,,,,,,,,,,550.1049125860173,,
2021-07-11 10:30:22.225,,,,539.8313098064737,537.9951725135074,,,,530.348640752072,530.269605059895,535.0013132763496,541.172244805741,544.0575731069653,548.087809847332,,456.8328755801824,460.5251899281973,458.6836486886744,457.3408128945157,455.1145481662825,,,,,,,,,,,,,,,,,,,,,,,,542.2199870462679,547.3951008418825,547.216001830966,548.4029819948383,552.7163140322483,557.025095508785,562.462187432494
2021-07-18 10:36:34.648,527.2694388906064,531.7906251780508,535.4557128527146,,,,,,,,,,,,,,467.8128795017899,467.6312445665277,465.5829350911081,459.2383348373696,453.1748592723161,450.7096190410666,451.58877277994833,,,,,,,,,,,,,,,,,,523.308571388693,527.1966983479647,531.1396458478821,536.8918237749305,541.845595215001,546.4931337993296,542.3050710839708,547.063426529024,552.0542718818228,557.6365671765573
2021-07-27 10:30:28.859,,,,,,529.9790440070988,526.1170992250203,520.5537058792787,519.4851973241621,520.8204658500766,528.2418879758509,533.3520043310909,536.3312469243662,539.4282133199913,463.2466409188935,466.1692153508988,468.0972460758867,466.7493571695134,464.055694992654,457.4189341543242,,,,,,,,447.7053118988736,453.9080764132412,466.4826239762808,474.43150842289407,480.1286046005037,520.8343739958132,525.3050969970277,525.7396554015072,528.7600023506377,529.2734509480899,532.5578012581194,,,,,,,,,542.9998249288562,546.1124779852535,550.103431222767,556.1194255289474
2021-08-03 10:36:42.900,,,,,,,,,,,,,,,,,,,,,,,,,,,,,,,,,,,,,,,,,,,,,,,,,,
2021-08-12 10:30:35.532,531.3802795584342,536.5312249140652,538.7836618469901,538.7988016156961,537.6958808971146,,,,,,,,,,,,,,,,450.7135685281828,447.82845235895365,448.1679250204588,448.946796343295,448.8673372448472,447.34443818489655,,,,,,,523.9700354032751,527.8027004591269,527.051648325178,528.887466233602,529.4253335342781,533.1448634205329,,,,,,540.5245545842255,545.406243006456,547.9462288785232,545.8467211407806,546.8343694191462,551.0299330700786,554.7490922505625
2021-08-19 10:36:48.450,,,,,,,,,,,,,,,,,,,,,,,,,,,,,,,,,,,,,,,,,,,,,,,,,,
2021-08-28 10:30:40.020,537.1103638517939,535.0007448370873,536.2826661717994,534.3619964839883,531.1778901844864,528.5300356679983,528.9296007266137,526.8645800857295,,,,,,,,,,,,,,,,,,,,,,,,,,,,,,,,,,,,,,,,,,
2021-09-04 10:36:53.159,,,,,,,,,,,,,,,,,,,,,,,,,,,,,,,,,,,,,,,,,,,,,,,,,542.7060091654201,530.4231244614525
2021-09-13 10:30:44.449,,,,,,,,,,,,,,,,,,,,,,,,,,,,,,,,,,,,,,,,,,,,,,,,,,
2021-09-20 10:36:56.212,,,,,,,,,,,,,,,,,,,,,,,,,,,,,,,,,,,,,,,,,,,,,,,,,,
2021-09-29 10:30:48.507,,,,,,,,,,,,,,,,,,,,,,,,,,,,,,,,,,,,,,,,,,,,,,,,,,
2021-10-06 10:37:01.876,,,,,,,,,,,,,,,,,,,,,,,,,,,,,,,,,,,,,,,,,,,,,,,,,,
2021-10-15 10:30:53.099,,,,,,,,,,,,,,,,,,,,,,,,,,,,,,,,,,,,,,,,,,,,,,,,,,
2021-10-22 10:37:04.567,,,,,,,,,,,,,,,,,,,,,,,,,,,,,,,,,,,,,,,,,,,,,,,,,,
2021-10-31 10:30:53.376,,,,,,,,,,,,,,,,,,,,,,,,,,,,,,,,,,,,,,,,,,,,,,,,,,
2021-11-07 10:37:02.578,530.0134847622071,532.4039407508569,533.2027007447888,534.8142092008592,,,,,,,,,,,,,,,,,,,,,,,,,,,,,,,534.1872801470065,536.0208804779901,540.0327121383522,543.6265174973073,538.9365850200528,528.8226126947793,526.7898721328863,529.0516644164678,532.5438342864416,536.4333022670114,540.5177891460353,541.7505933208573,538.700732934826,542.7525850785147,547.2420692597246,553.8708364064194
2021-12-02 10:30:49.489,,,528.014192257211,529.3155411185113,529.0209891970679,523.1705849164016,523.7842225900633,518.5625153291512,514.6596218428132,516.0410839470222,520.9410976837343,524.939250758348,529.8807423699452,532.0492101197699,470.9781662382283,472.19952897534415,,,,,,,,,,,,,458.0619684721058,468.7134065264417,477.84915694352907,484.2875002670434,518.3395880155465,518.7765951759178,517.2999721202431,521.0548229994117,520.953742427043,523.7769360006696,523.2635605014175,521.8618711718098,520.8949314817463,526.3881267615594,,,,,,,,
2021-12-09 10:36:59.983,,,,,,,,,,,,,,,,,,,,,,,,,,,,,,,,,,,,,,,,,,,,,,,,,,
2021-12-17 10:36:54.885,518.316616594173,522.5549666102336,523.7188766455633,525.0075678104957,523.444289588321,515.4258231702801,515.6102254608369,512.3907642993373,509.8122822331517,511.8089400323617,517.0861444365837,521.6524454547646,525.7592181951567,528.7755181730148,473.5157654260981,476.4106380408344,478.4304569054154,480.57630005524567,478.5010864175856,475.5661358758807,471.27117335936055,,,461.0187210597183,460.2239662236592,461.2260330222308,459.6909513647448,457.6705594638311,461.67666271783264,471.33373705707976,479.96945160196657,486.4756395364205,515.3673438579906,515.8400103281399,515.3916901794248,518.3650343994981,518.7064553686805,520.8779915664404,,,,,,,,,,,536.4564695022625,536.0295762652416
2021-12-25 10:36:56.024,,,,,,,,,,,,,,,,,,,,,,,,,,,,,,,,,,,,,,,,,,,,,,,,,,
2022-01-02 10:36:55.444,,,,,,,,,,,,,,,,,,,,,,,,,,,,,,,,,,,,,,,,,,,,,,,,,,
2022-01-10 10:36:52.723,,,,,,,,,,,,,,,,,,,,,,,,,,,,,,,,,,,,,,,,,,,,,,,,,,
2022-01-18 10:36:53.732,532.3867678265191,534.5639947660906,535.0424598687601,536.2812257912681,535.578113871367,,,,,,,,,,,,,,,,,,,,,,,,,,,,,,,,,,,,,,,,,,,,,
2022-01-26 10:36:47.402,,,,,,,,509.9366158035497,507.5891837868584,509.58211633591367,514.0693564395496,517.0216386712508,521.7224836555889,525.5103513589113,476.0926309445292,479.9050732278368,481.8223618502752,,,,,,,471.3641239593272,465.64473462632367,465.0577397021192,462.7298776420273,,,475.2051815263921,483.5952723620375,489.545374359313,511.58256730896505,513.3488467167462,513.8050420001457,516.1974310128553,518.7686661098246,519.7264087276293,517.6236528743633,516.4752758938022,515.9514505935451,517.7955175771743,,,,,,,,532.3603668455686
2022-02-03 10:36:54.619,,,,,,,,,,,,,,,,,,,,,,,,,,,,,,,,,,,,,,,,,,,,,,,,,,
2022-02-11 10:36:44.689,523.7825242800873,527.1784894542691,528.8078502385353,530.1120347089507,528.2372486700588,522.9900757685466,520.2835144271196,517.5168261854338,514.9394284352312,515.9138970679271,,,,,,,,,,,,,,,,,,,,,476.5272323586236,,,,,,526.0886760459656,526.3443024043022,523.669518277351,521.0197298956958,520.2345736003416,523.2696804008642,525.0799030545382,526.1955694195796,528.1544026777581,526.1997950944925,526.4693043775135,531.4231329775574,534.3693754247046,540.9944664606764
2022-02-20 10:30:29.447,527.2243298306151,529.5466528977424,528.9698630640529,529.8497697872019,524.9605589219374,520.7179765110695,516.9614230950804,515.1317528000176,514.5101301307809,516.6946561445841,523.1197837473651,525.3934239619413,528.2967414792821,531.0915272983194,469.6908467693988,471.98354245161664,472.8694996147862,473.7592199223648,472.3981343684718,470.5892326408066,466.4291842198,460.77276787674055,459.9073009921041,458.1855989908892,454.8795500997015,454.0120541550008,453.0673431789198,452.8845878058361,459.945592040018,467.02395459833366,475.20833467210974,480.9290510436271,,,,,,,,,,,,,,,,,,
2022-02-27 10:36:39.989,,,,,,,,,,,,,,,,,,,,,,,,,,,,,,,,,,,,,,,,,,,,,,,,,,
2022-03-07 10:36:40.326,,,,,,,,,,,,,,,,,,,,,,,,,,,,,,,,,,,,,,,,,,,,,,,,,,
2022-03-15 10:36:34.488,,,,,,,,,,,,,,,,,,,,,,,,,,,,,,,,,,,,,,,,,,,,,,,,,,
2022-03-23 10:36:36.965,,,,,,,,,,,,,,,,,,,,,,,,,,,,,,,,,,,,,,,,,,,,,,,,,,
2022-03-31 10:36:22.744,,,,,,,,,,,,,,,,,,,,,,,,,,,,,,,,,,,,,,,,538.965475769437,535.7287253667583,535.3370006029651,531.0699859277227,529.0043003556406,535.0491893762106,538.5465858122426,538.4271830804162,544.0589874380996,545.9815361346183,543.9893443735768
2022-04-08 10:36:33.620,,,,,,,,,,,,,,,,,,,,,,,,,,,,,,,,,,,,,,,,,,,,,,,,,,
2022-04-16 10:36:28.660,,,,537.1972682222106,,,,,,,,,,549.7634389737382,451.8375813694015,456.20018272637697,461.7181641751032,464.0183314533425,464.854829300195,,,,,,,,,,447.3481349929581,454.9152406741258,464.2019221879766,471.3011336720575,529.6420555851469,532.590182570211,534.764586144053,540.2505515227899,542.3229070732501,544.4911881595428,,,535.9864098522157,533.6047357078245,,529.6635649734742,533.1241862713664,533.0715598178514,534.3503445666589,539.8979935261243,540.2479629455925,540.510897153905
2022-04-24 10:36:23.916,536.8976700336053,,537.2420405466645,535.9782036603023,533.6040559229236,531.7433162651052,530.2821918097295,528.7608741356424,525.1705500571703,526.7036945226359,532.5975343905424,538.6201498300567,543.8358244847839,547.9553668969413,,,,,,,,,,456.7217775504548,455.0736550576677,454.0153526012798,449.5843784622504,444.37864580692303,449.6304126207871,,,,,,,538.4739788693431,539.3059457296056,542.7494423564883,,539.7655012827706,534.8075929245022,,,526.9991485288618,530.3519366130523,531.9337310459247,532.7684326132877,538.283208543826,538.8151930868137,536.0447928066787
2022-05-02 10:36:26.750,,,,,,,,,,,,,,,,,,,,,,,,,,,,,,,,,,,,,,,,,,,,,,,,,,
2022-05-10 10:36:17.907,,,,,,,,,,,,,,,,,,,,,,,,,456.607216609805,455.8878470383309,,,,,,474.8762351682318,527.0399081993976,529.8676817131619,530.2715499464758,534.0027604171818,535.2069196435392,537.5063460799149,535.5509271898658,534.4749628895825,530.012778422471,528.8263392434309,528.7088904101051,522.439468215811,526.1108230143398,528.8521734047235,531.5985508155003,536.0418752963836,534.7694916251787,529.3433030228202
2022-05-18 10:36:35.021,,,,529.0122002092064,524.5538382316291,,,,,,522.3830741490906,527.4755098350735,532.2736566088832,537.4720114584939,463.2985166433605,,,,,,,,,,,450.0650549067931,447.71125548123626,445.5764666351359,451.0770688177872,458.36876933791154,466.8477971663263,473.7157233913394,527.9297823036907,532.9368047238937,532.6927535328734,,,,,,,527.3099325794714,527.481197303818,523.3564948938147,521.2079221145922,524.928829441573,530.310423611528,535.7312702927792,534.5695042489159,529.6105617347621
2022-05-26 10:36:08.707,,,,,,,,,,,,,,,,,,,,,,,,,,,,,,,,,,,,,,,,,,,,,,,,,,
2022-06-03 10:36:40.220,,,,,,,,,,,,,,,,,,465.57190752632215,,,,,,,444.3537613226913,444.1046959781769,441.497337877356,430.8812008747414,436.3724965677594,444.1789888730979,,,,,,,,,,,,,,,,,,,,
2022-06-11 10:36:12.401,526.5334741535705,528.8656859634334,,529.8992355681964,527.6003388481626,520.605141741258,517.6240498371019,515.0567400909146,513.2281484313105,515.5424970239902,521.4490359649718,526.6204524290856,531.3691078675502,536.5220105612589,464.7811435380269,467.11033259859767,470.556708350353,471.967415844026,471.389742244035,468.1645071487874,460.11759347468615,455.0796089321375,453.88978930585176,,,,,,,,463.34094573839536,,,,,,,,,529.2040101389564,527.3290158813154,527.079421127932,527.803496768976,526.7129797665199,523.3726609358096,523.3593501248724,527.8453572955581,533.4686387615577,,
2022-06-19 10:36:50.825,,,,,,,,,,,,,,,,,,,,,,,,,,,,,,,,,,,,,,,,,,,,,,,,,,
2022-06-27 10:36:31.471,526.5001397135889,527.674301867109,,,,,,,,,,,,,,,,466.9438559734053,466.1100235795602,462.62675431370735,457.6476879343391,454.85046941041946,454.00546678721895,453.8509236306434,453.67047982378006,453.0880796872197,449.6806928367501,447.80130661971054,,,,,,,,,,,,,527.795071578491,526.3889636480399,525.8348727728312,525.6562209389265,527.1470267676234,526.7612238183874,530.3761935723825,535.8993560412032,538.8205494937661,535.6812512062529
2022-07-05 10:36:53.195,533.5658701723653,533.9172732468643,534.9448293398765,533.6345876197299,,,,,,,,530.7270185650139,535.7979210489679,541.4028192740969,,,,463.2987646396635,460.7964167268947,456.5252376049757,452.87278035469353,450.1434556012973,,,,,,,,,,,,,,,,,,543.379506518228,537.7119704284154,533.3461117697047,531.410626993261,531.2222236229559,533.0048555399878,531.1394431833099,533.7452778160946,539.307225283039,540.1386662964766,536.516484776618
2022-07-13 10:36:26.695,,,,530.0614310423646,527.8983154352499,524.763999028926,524.2308674070155,522.2565169565072,518.5294065393228,519.3603415575908,524.2528673263344,529.4585718969096,534.8092218477144,539.3304109981352,461.8151504391793,465.3185665608845,467.17360219946886,463.9269848474246,462.5684515899047,459.8774480158463,455.97321916744113,,451.9983904855912,452.1858719197041,451.61007149480935,,,,,,,,,,,,,,,,,,,,,,,,,
2022-07-21 10:36:56.646,535.8512566906053,535.504475914134,535.2023564379509,533.0873995151617,530.6210459447547,528.1571434874118,528.1138889888299,527.2386314444595,524.3325972904479,525.9259409392691,531.507608845618,536.4661832490619,,544.0584922844871,456.0560229478016,457.88565138911633,458.4414100581495,459.77436830209376,459.9387691309676,458.03780992981046,454.5808789487928,451.4555179905146,451.2745389311956,451.8706499731898,452.9875894418712,452.3332800725101,,443.03281947237207,,,,,531.7296227009153,533.6846996557739,534.1760925775586,536.2114436254961,537.072737395852,538.0368812495191,536.3470784115414,533.1218966315572,530.9418320170084,,,,,,535.6076443928123,539.0482412680342,539.0848538569883,542.0328676184039
2022-07-29 10:36:40.444,536.7768031542475,536.79098950956,535.6918932362211,533.9640998732066,531.1454287477405,529.1424452086663,529.1613717814519,,,,,,,,,,,,,,,,,,,,,,,,,,,,,,,,,,,,,,,,,,,
2022-08-06 10:37:06.763,535.4831612831091,535.8337730599004,536.1647757428401,534.1846122255824,531.4257487801551,529.0844029693013,529.3926958750715,528.8598981707323,526.1913177059267,526.7418192927969,531.6902313963803,536.2590307610961,539.9157755497113,543.9140686892242,456.7885623661373,458.5058680675629,459.22835363226096,460.1878672534419,460.6347219301388,458.3068765066564,455.0440739160404,,,,,,,,,454.6415838330471,462.82870097494856,469.4919061992939,530.406323577582,531.4953535692338,531.5577348680101,,,,,,,,,,,,,,,
2022-08-14 10:36:50.045,,,,,,530.5397228563781,530.5953761949718,530.044838977214,527.1979249121734,527.8277163138762,532.8887834658199,537.2417710442812,541.2684183057809,544.0628934277606,455.9965799581604,459.0389545544514,459.8819033596626,461.2473139201724,460.395892505534,,,,,,,,,,,,,,,,,,,,535.142205125418,530.7132088331457,527.9399884021924,530.7967165392528,532.811700137132,534.6708887004714,536.1752633232635,533.8494673438722,,,,
2022-08-22 10:37:10.757,,,,,,,,,,,,,,,,,,,,,,,,,,,,,,,,,,,,,,,,,,,,,,,,,,
2022-08-30 10:36:52.695,,,,,,,,,,,,,,,,,,,,,,,,,,,,,,,,,,,,,,,,,,,,,,,,,,
2022-09-07 10:37:12.957,,,,,,,,,,,,,,,,,,,,,,,,,,,,,,,,,,,,,,,,,,,,,,,,,,
2022-09-15 10:36:56.010,,,,,,,,,,,,,,,,,,,,,,,,,,,,,,,,,,,,,,,,,,,,,,,,,,
2022-09-23 10:37:17.583,522.7842197965566,529.065147829465,532.9001077696894,531.2835851719706,531.9754324068609,527.5626707034738,522.3940887673614,523.3178243953145,522.2016333154319,521.7270562460566,524.2151061103016,511.0634911955919,,,,,624.7136374924536,604.3108799772684,587.339137497358,,,,,,569.3946638418373,,457.4060238163676,452.0118754148948,457.36027046907066,,,,,,493.69683333763936,,,,,,,,,,,,,,,
2022-10-01 10:37:00.095,525.9361322648892,,,,531.1997318465397,529.3174295258311,527.8355449770178,526.8092039779449,523.0385699118855,522.3672238989076,525.6313997269633,,,,,,,,,,,,,,,,,,,,,,,,,,,,,,,,525.6020216246046,525.6485608602338,528.4881651985353,526.88270008958,528.4915728721759,532.3150629693055,529.7011578155843,531.8818549691534
2022-10-09 10:37:12.014,,,,,,,,,,,,,,,,,,,,,,,,,,,,,,,,,,,,,,,,,,,,,,,,,,
2022-10-17 10:37:05.341,537.1450860586798,538.859976659741,539.7962172902394,539.9495765544323,539.7373579905378,536.9968978817382,535.4867450827951,535.4982984324641,531.7316454212128,530.9077801569567,535.3111582170088,536.1208268849326,540.5776834403822,546.2546148736533,454.2614924932262,456.3860659976036,457.6806455802096,459.53394088902655,460.0113919954747,456.5790285710245,453.64512395393103,451.0609649284743,449.7223378877374,448.9846993593724,449.6381707805323,449.574591614995,449.010837390708,446.9540985294791,450.0265147173601,455.9891861120345,464.3971236535022,471.77828353526735,531.1166602647776,534.9843301449016,535.170423976524,535.505019886591,536.8235475405239,537.6593844757417,537.0810338651834,534.9463037068681,533.3710928308383,533.942807964313,533.9679583465241,533.6616722052977,536.0280740985822,533.8054338534358,533.302876764532,536.8248549688674,539.1033808843879,542.2421798233929
2022-10-25 10:37:15.560,531.1380231501314,533.9267535616667,535.7198317563043,,,,,,,,,,,,,,,,,,,,,,454.2552175795746,453.80123614632623,452.8246817377743,451.339627386046,455.0353338810832,461.0260113120003,470.1586670988096,475.9508041392755,525.3879842084905,528.1841965877403,529.3583140877819,529.704933744531,530.9200112512947,531.8835874162962,529.9364326951824,527.1694761692439,524.9982009484135,,,,,,,,,
2022-11-02 10:37:03.170,,,,,,,,,,,,,,,,,,,,,,,,,,,,,,,,,,,,,,,,,,,,,,,,,,
2022-11-10 10:37:14.817,523.8258153658021,529.6832149224168,532.7743040759185,,,,,,,,,,,,,,,471.9823334763901,470.8761634943076,467.4370129071176,465.0626234877855,463.32471447438,463.0159822311514,462.1992929563994,461.2285459867984,461.7433286051481,458.6501638479444,,461.0717352262117,468.14488232258,474.9765730591847,481.45836253353673,519.7698545946521,522.3712890380674,525.8015315556846,,,,,,,,,,,,,,,
2022-11-18 10:37:06.915,522.255227424827,529.6496433336688,532.5750726933151,531.1544809171113,529.4691456210937,527.2501179632842,525.1022467671071,524.0301901106938,521.5238036090368,522.8723756872437,526.4999946357655,529.2201624012557,532.3926799524107,536.5344188804955,465.0989177222501,467.9433233063036,468.3804523907429,472.5044801153397,470.91174300108105,467.5143410079181,465.9566315189004,464.3374665761367,464.4073222678429,463.8810934744984,461.9926699984212,,,,,,,,,,526.0392918027356,523.6235210718062,521.0054967843587,525.644066913119,529.7180729892995,525.4870152049928,524.0105757372424,527.3364480585963,,,,,,,,
2022-11-26 10:37:11.989,,,,,,,,,,,,,,,,,,,,,,,,,,,,,,,,,,,,,,,532.4391223126956,533.1694632172561,530.9491388369136,533.7536059989975,536.5264625121658,539.053325881074,540.4889555203412,543.3502051685676,538.8215440985073,544.2792387341148,547.9463147762052,552.140876242253
2022-12-04 10:37:04.005,,,,,,,,,,,,,532.4221313619995,536.2841373113488,465.7747614408769,467.5798757927098,469.2871267137592,472.5388085694148,470.8493448300287,468.2633964605629,466.2940975688398,463.8616251498461,464.1414349224272,463.7909840524854,462.4187918927298,462.9973290274333,,,,,,,,,,,,,,,,523.4153501749346,527.1120939794678,530.9834438116575,533.9202503636388,533.4903737405017,531.425229600872,537.1495298661929,,
2022-12-12 10:37:09.416,,,,,,,,,,,,,,,,,,,,,,,,,,,,,,,,,,,,,,,,,,,,,,,,,,
2022-12-20 10:37:03.624,,,,,,527.996898676149,527.3830104973044,525.4836639325085,521.6904187522042,522.6083464353813,528.2828393532267,532.3272509033246,,,,,,,,,,,461.4673491301161,461.96909005917735,462.0555952112552,461.5079924974796,457.2247791571512,452.4906033126353,457.6401914255126,460.2241271141792,,,,,,,,,,,525.3823650116855,526.8016009088528,527.0810107260027,529.6426163835552,533.2515588743363,,,,,545.9926584313013
2022-12-28 10:37:03.066,520.4281013411508,523.857067470862,526.0718766269846,524.1592980295262,520.273337712276,517.7872122686197,517.0201774944749,518.280854777909,,,,,,,,,,,,,,,,,,,,,,,,,,,,,,,,,,,,,,,,,540.1477547441638,543.8197108118184
